"zone","state","lga","sector","ea","csource_cd","sc4bq5b","sc4bq6","sc4bq7","sc4bq8","sc4bq9","sc4bq10","sc4bq11","sc4bq12","sc4bq13","sc4bq14","sc4bq15","sc4bq16"
1,7,701,2,606,1,1,2,2,0,0,0,0,0,0,0,0,0
1,7,701,2,606,2,1,2,2,0,0,0,0,0,0,0,0,0
1,7,701,2,606,3,1,2,1,10,20,5000,12,2,10000,24,20,20000
1,7,701,2,606,4,1,2,2,0,0,0,0,0,0,0,0,0
1,7,702,2,632,3,1,2,1,12,20,12000,12,5000,55000,12,10000,110000
1,7,705,2,4186,1,1,2,2,0,0,0,0,0,0,0,0,0
1,7,705,2,4186,2,1,2,2,0,0,0,0,0,0,0,0,0
1,7,705,2,4186,3,1,2,1,12,10,11000,12,5000,55000,12,10000,110000
1,7,705,2,4186,4,1,2,2,0,0,0,0,0,0,0,0,0
1,7,707,2,560,1,1,2,2,0,0,0,0,0,0,0,0,0
1,7,707,2,560,2,1,2,2,0,0,0,0,0,0,0,0,0
1,7,707,2,560,3,1,1,1,12,10,11000,12,5000,55000,12,10000,110000
1,7,708,2,754,1,1,2,2,0,0,0,0,0,0,0,0,0
1,7,708,2,754,2,1,2,2,0,0,0,0,0,0,0,0,0
1,7,708,2,754,3,1,1,1,3,10,11000,3,5000,55000,3,10000,110000
1,7,708,2,754,4,1,2,2,0,0,0,0,0,0,0,0,0
1,7,709,2,1226,1,1,2,2,0,0,0,0,0,0,0,0,0
1,7,709,2,1226,2,1,2,2,0,0,0,0,0,0,0,0,0
1,7,709,2,1226,3,1,2,1,12,10,11000,12,5000,55000,12,10000,110000
1,7,709,2,1226,4,1,2,2,0,0,0,0,0,0,0,0,0
1,7,710,2,2726,1,1,2,2,0,0,0,0,0,0,0,0,0
1,7,710,2,2726,2,1,1,1,12,10,11000,12,5000,55000,12,10000,110000
1,7,710,2,2726,3,1,2,1,12,10,11000,12,5000,55000,12,10000,110000
1,7,710,2,2726,4,1,2,2,0,0,0,0,0,0,0,0,0
1,7,711,2,2532,1,1,2,2,0,0,0,0,0,0,0,0,0
1,7,711,2,2532,2,1,2,2,0,0,0,0,0,0,0,0,0
1,7,711,2,2532,3,1,2,1,12,10,11000,12,5000,55000,12,10000,110000
1,7,711,2,2532,4,1,2,2,0,0,0,0,0,0,0,0,0
1,7,713,2,304,1,1,2,2,,,,,,,,,
1,7,713,2,304,2,1,2,1,,,,,,,,,
1,7,713,2,304,3,1,2,1,,15,1500,,,,,,
1,7,713,2,304,4,1,2,2,,,,,,,,,
1,7,715,1,294,2,1,2,2,0,0,0,0,0,0,,,
1,7,715,1,294,3,1,2,2,,,,,,,,,
1,7,715,1,294,4,1,2,2,,,,,,,,,
1,7,715,2,780,1,1,2,2,,,,,,,,,
1,7,715,2,780,2,1,2,2,,,,,,,,,
1,7,715,2,780,3,1,2,1,12,10,1000,12,10,5000,12,10,10000
1,7,715,2,780,4,1,2,2,,,,,,,,,
1,7,717,2,1248,1,1,2,2,0,0,0,0,0,0,0,0,0
1,7,717,2,1248,2,1,2,2,0,0,0,0,0,0,0,0,0
1,7,717,2,1248,3,1,2,1,12,10,1000,12,100,5000,12,10,10000
1,7,717,2,1248,4,1,2,2,0,0,0,0,0,0,0,0,0
1,7,718,2,1640,1,1,1,1,10,10,11000,12,10,55000,6,20,120000
1,7,719,1,1612,1,1,2,1,12,2,10500,12,5,5500,12,5,12000
1,7,722,2,234,1,1,2,2,0,0,0,0,0,0,0,0,0
1,7,722,2,234,2,1,2,1,18,10,11000,18,5000,55000,18,10000,110000
1,7,722,2,234,3,1,2,1,12,10,11000,12,5000,55000,12,10000,110000
1,7,722,2,234,4,1,2,2,0,0,0,0,0,0,0,0,0
1,7,722,2,892,1,1,2,2,0,0,0,0,0,0,0,0,0
1,7,722,2,892,2,1,2,2,0,0,0,0,0,0,0,0,0
1,7,722,2,892,3,1,2,1,12,10,11000,12,5000,55000,12,10000,110000
1,7,722,2,892,4,1,2,2,0,0,0,0,0,0,0,0,0
1,22,2201,2,422,2,2,,,,,,,,,,,
1,22,2203,2,266,1,1,1,1,12,20,12000,12,4000,54000,12,10000,110000
1,22,2203,2,530,1,1,2,,,,,,,,,,
1,22,2205,2,664,1,1,1,1,12,100,20000,12,50000,100000,12,10000,200000
1,22,2205,2,664,2,2,,,,,,,,,,,
1,22,2205,2,2432,2,2,,,,,,,,,,,
1,22,2209,1,792,1,1,2,1,6,2,102000,1,1000,51000,12,2000,102000
1,22,2209,1,792,2,2,,,,,,,,,,,
1,22,2211,2,594,1,1,2,1,12,0,0,12,0,0,12,0,0
1,22,2211,2,594,2,1,2,2,0,0,0,0,0,0,0,0,0
1,22,2211,1,806,1,1,2,1,12,0,10000,12,0,50000,12,0,100000
1,22,2214,2,1354,2,2,,,,,,,,,,,
1,22,2216,1,428,1,1,2,1,24,10,10100,24,10,55000,24,10,110000
1,22,2216,1,428,2,1,1,1,6,70,17000,6,70,53500,20,50,105000
1,22,2218,2,596,1,1,2,1,3,25,12500,3,12500,62500,,,
1,22,2218,2,596,2,2,,,,,,,,,,,
1,22,2220,1,1296,1,1,2,1,5,5,10500,6,2000,52000,20,4000,104000
1,23,2302,2,1982,1,2,,,,,,,,,,,
1,23,2302,2,1982,2,2,,,,,,,,,,,
1,23,2302,2,1982,3,2,,,,,,,,,,,
1,23,2302,2,1982,4,2,,,,,,,,,,,
1,23,2303,2,2348,1,2,,,,,,,,,,,
1,23,2303,2,2348,2,1,1,1,12,5,10500,12,5,52500,24,5,105000
1,23,2303,2,2348,3,1,2,1,6,0,10000,12,0,50000,24,0,100000
1,23,2303,2,2348,4,2,,,,,,,,,,,
1,23,2304,2,322,1,1,1,1,4,20,12000,12,20,60000,12,20,120000
1,23,2304,2,322,2,1,1,1,4,4,10040,12,4,52000,12,4,102000
1,23,2304,2,322,3,1,2,1,12,0,10000,12,0,50000,0,0,0
1,23,2304,2,322,4,2,,,,,,,,,,,
1,23,2306,1,970,1,1,1,1,6,20,12000,12,20,60000,18,20,120000
1,23,2306,1,970,2,1,1,1,6,4,10400,12,4,52000,24,4,108000
1,23,2306,1,970,3,2,,,,,,,,,,,
1,23,2306,1,970,4,2,,,,,,,,,,,
1,23,2307,1,78,1,1,1,1,12,21,12000,12,21,71000,24,21,142000
1,23,2307,1,78,2,1,1,1,12,21,12000,12,21,71000,24,21,142000
1,23,2307,1,78,3,1,1,1,12,6,10600,18,6,56000,24,6,112000
1,23,2307,1,78,4,2,,,,,,,,,,,
1,23,2307,1,2316,1,1,1,1,12,21,12000,12,21,71000,21,21,142000
1,23,2307,1,2316,2,1,1,1,12,6,10600,12,6,56000,6,6,112000
1,23,2307,1,2316,3,1,,1,1,0,10000,,,,,,
1,23,2307,1,2316,4,1,,2,,2,,,,,,,
1,23,2308,1,556,1,2,,,,,,,,,,,
1,23,2308,1,556,2,2,,,,,,,,,,,
1,23,2308,1,556,3,2,,,,,,,,,,,
1,23,2308,1,556,4,2,,,,,,,,,,,
1,23,2308,1,5180,1,2,,,,,,,,,,,
1,23,2308,1,5180,2,2,,,,,,,,,,,
1,23,2308,1,5180,3,1,2,1,3,,10000,,,,,,
1,23,2308,1,5180,4,2,,,,,,,,,,,
1,23,2309,2,998,1,2,,,,,,,,,,,
1,23,2309,2,998,2,2,,,,,,,,,,,
1,23,2309,2,998,3,2,,,,,,,,,,,
1,23,2309,2,998,4,2,,,,,,,,,,,
1,23,2315,2,924,1,1,1,1,4,10,11000,6,10,55000,12,10,11000
1,23,2315,2,924,2,1,1,1,6,5,10500,12,5,52500,12,5,105000
1,23,2315,2,924,3,1,2,1,6,0,10000,12,0,50000,0,0,0
1,23,2315,2,924,4,2,,,,,,,,,,,
1,23,2316,1,140,1,1,1,1,4,10,11000,18,10,55000,18,10,110000
1,23,2316,1,140,2,1,1,1,6,4,10400,18,10,55000,18,10,110000
1,23,2316,1,140,3,1,2,1,6,0,10000,12,0,50000,24,0,100000
1,23,2316,1,140,4,1,1,1,3,100,20000,12,50,75000,12,50,150000
1,25,2504,2,222,1,2,,,,,,,,,,,
1,25,2504,2,222,2,1,2,1,6,18,11800,12,18,58000,24,18,118000
1,25,2504,2,222,3,1,2,1,2,10,11000,2,10,55000,6,10,110000
1,25,2504,2,222,4,1,2,1,1,10,11000,1,10,55000,1,10,110000
1,25,2507,2,814,1,2,,,,,,,,,,,
1,25,2507,2,814,2,1,1,1,10,10,11000,10,10,55000,10,10,110000
1,25,2507,2,814,3,1,1,1,10,10,11000,10,10,550000,10,10,11000
1,25,2507,2,814,4,1,1,1,10,30,13000,10,30,65000,10,30,130000
1,25,2508,1,2788,1,1,1,1,6,22,2200,12,22,66000,24,22,122000
1,25,2508,1,2788,2,1,2,1,12,10,1000,12,10,55000,18,10,110000
1,25,2508,1,2788,3,1,2,1,12,10,1000,12,10,55000,18,10,110000
1,25,2509,2,248,1,2,,,,,,,,,,,
1,25,2509,2,248,2,1,1,1,3,20,12000,6,20,60000,12,20,120000
1,25,2509,2,248,3,1,2,1,3,50,15000,6,50,75000,12,50,150000
1,25,2509,2,248,4,1,2,1,1,100,20000,6,100,100000,12,100,200000
1,25,2511,2,1424,1,1,1,1,3,28,12800,12,28,64000,12,28,128000
1,25,2511,2,1424,2,1,1,1,3,10,11000,12,10,55000,12,10,110000
1,25,2511,2,1424,3,1,1,1,5,10,11000,12,10,55000,12,10,110000
1,25,2511,2,1424,4,1,1,1,5,20,12000,6,20,60000,6,20,120
1,25,2513,2,128,1,1,2,1,5,10,11000,10,10,55000,18,20,120000
1,25,2513,2,128,2,1,2,1,5,10,11000,10,10,50000,18,10,115000
1,25,2513,2,128,3,1,2,1,5,20,12000,10,20,60000,18,20,120000
1,26,2601,2,822,1,1,2,1,1,,10000,5,,50000,5,,
1,26,2601,2,822,2,,,,,,,,,,,,
1,26,2603,1,658,1,1,1,1,6,9,10900,1,70,53500,12,7,107000
1,26,2603,1,658,2,1,1,1,2,7,10700,6,10,55500,15,10,110000
1,26,2603,1,658,3,1,1,1,12,10,11000,4,,57500,15,15,115000
1,26,2603,1,658,4,1,1,1,12,15,17500,4,,57500,,,
1,26,2603,1,1786,1,1,1,1,3,20,,8,20,,,10,
1,26,2603,1,1786,2,1,2,1,3,15,,,16,,,8,
1,26,2603,1,1786,3,1,2,1,3,,,,,,,,
1,26,2603,1,1786,4,1,2,1,,,,,,,,,
1,26,2605,2,594,1,1,2,2,,,,,,,,,
1,26,2605,2,594,2,1,2,2,,,,,,,,,
1,26,2605,2,594,3,1,2,1,6,0,500,,,,,,
1,26,2606,1,516,1,1,2,1,4,20,4000,20,10000,20000,40,10000,40000
1,26,2606,1,516,2,,,,,,,,,,,,
1,26,2608,2,820,1,1,1,2,,50,,,,,,,
1,26,2608,2,820,2,1,1,2,12,50,,,,,,,
1,26,2608,2,820,3,1,1,,12,20,,,,,,,
1,26,2608,2,820,4,1,2,,,,,,,,,,
1,26,2611,2,424,1,1,1,1,10,,1000,1,0,5000,24,,10000
1,26,2611,2,424,2,1,,,,,,2,,,,,
1,26,2613,2,1462,1,1,2,2,2,2,2,10,25000,75000,10,50000,150000
1,26,2613,2,1462,2,1,2,2,10,50,15000,,,,,,
1,26,2613,2,2248,1,1,2,2,6,,12184,12,9,58000,12,,108000
1,26,2613,2,2248,2,1,2,2,12,,,12,,53000,12,,103000
1,26,2613,2,2248,3,1,2,2,12,,,12,,52000,12,,102000
1,26,2613,2,2248,4,1,2,2,12,,,12,,,,,
1,26,2615,2,2178,2,,,,,,,,,,,,
1,26,2615,2,2196,2,,,,,,,,,,,,
1,26,2616,2,254,1,1,2,2,,,,,,,,,
1,26,2616,2,254,2,1,2,2,,,,,,,,,
1,26,2616,2,254,3,1,1,1,5,,10000,25,,50000,50,,100000
1,26,2616,2,254,4,1,2,2,,,,,,,,,
1,26,2618,2,494,1,1,1,1,6,12,1670,,,,,,
1,26,2618,2,494,2,,,,,,,,,,,,
1,26,2618,2,1276,1,1,2,1,6,0,5000,25,0,12,18,0,50000
1,26,2618,2,1276,2,,,,,,,,,,,,
1,26,2621,2,100,2,,,,,,,,,,,,
1,26,2621,1,940,2,1,,,,,,,,,,,0
1,26,2623,2,1688,1,1,1,1,12,10,1000,1,5000,5000,12,10000,10000
1,26,2623,2,1688,2,1,1,1,12,10,1000,1,5000,5000,12,10000,10000
1,26,2623,2,1688,3,1,1,1,2,,1000,1,,15,30,,30000
1,26,2625,2,926,1,1,2,2,,,,,,,,,
1,26,2625,2,926,2,1,2,2,,,,,,,,,
1,26,2625,2,926,3,1,2,1,6,0,0,12,0,0,,,
1,26,2625,2,926,4,1,2,2,,,,,,,,,
1,31,3101,2,604,2,1,2,2,,0,0,0,0,0,0,0,0
1,31,3101,2,604,3,1,2,1,8,10,11000,8,5000,55000,8,10000,110000
1,31,3101,2,604,4,1,2,2,,0,0,0,0,0,0,0,0
1,31,3103,2,874,1,1,2,2,,,,,,,,,
1,31,3103,2,874,2,1,2,2,,,,,,,,,
1,31,3103,2,874,3,1,1,1,1,10,11000,1,5000,50000,1,10000,110000
1,31,3103,2,874,4,1,2,2,,,,,,,,,
1,31,3105,1,2914,1,1,2,2,,,,,,,,,
1,31,3105,1,2914,2,1,2,2,,,,,,,,,
1,31,3105,1,2914,3,1,2,2,,,,,,,,,
1,31,3105,1,2914,4,1,2,2,,,,,,,,,
1,31,3107,1,724,1,1,1,1,12,18,11800,12,5000,55000,12,18000,118000
1,31,3107,2,1092,1,1,2,2,,,,,,,,,
1,31,3107,2,1092,2,1,2,2,,,,,,,,,
1,31,3107,2,1092,3,1,2,2,,,,,,,,,
1,31,3107,2,1092,4,1,2,1,12,0,10000,12,0,50000,12,0,100000
1,31,3109,2,1026,1,1,2,2,,,,,,,,,
1,31,3109,2,1026,2,1,2,2,,,,,,,,,
1,31,3109,2,1026,3,1,2,1,1,10,11000,1,5000,55000,1,10000,110000
1,31,3109,2,1026,4,1,2,1,1,10,11000,1,5000,55000,1,10000,110000
1,31,3111,2,2966,1,1,2,2,,,,,,,,,
1,31,3111,2,2966,2,1,2,2,,,,,,,,,
1,31,3111,2,2966,3,1,2,2,,,,,,,,,
1,31,3111,2,2966,4,1,2,2,,,,,,,,,
1,31,3112,2,350,1,1,2,2,,,,,,,,,
1,31,3112,2,350,2,1,2,2,,,,,,,,,
1,31,3112,2,350,3,1,1,1,1,10,11000,1,5000,55000,1,10000,110000
1,31,3112,2,350,4,1,1,1,8,20,12000,8,10000,60000,8,20000,120000
1,31,3113,2,332,1,1,2,2,,,,,,,,,
1,31,3113,2,332,2,1,1,1,12,10,11000,10,5000,55000,12,10000,110000
1,31,3113,2,332,3,1,1,1,6,10,11000,6,500,55000,12,,110000
1,31,3113,2,332,4,1,1,1,3,20,12000,3,10000,60000,6,,120000
1,31,3115,2,680,1,1,1,1,12,10,11000,12,5000,55000,12,10000,110000
1,31,3115,2,680,2,1,2,1,10,10,11000,12,5000,55000,12,10000,110000
1,31,3115,2,680,3,1,2,1,6,10,11000,12,5000,55000,12,10000,110000
1,31,3115,2,680,4,1,2,1,6,10,11000,12,5000,55000,12,10000,110000
1,31,3116,2,1344,3,1,2,1,1,10,11000,1,5000,55000,1,10000,110000
1,37,3702,1,972,1,1,2,2,,,,,,,,,
1,37,3702,1,972,2,1,2,2,,,,,,,,,
1,37,3702,1,972,3,1,2,1,5,50,15000,5,50,75000,,,
1,37,3706,2,6,1,2,,,,,,,,,,,
1,37,3706,2,6,2,2,,,,,,,,,,,
1,37,3706,2,6,3,1,2,1,3,6,10600,,,,,,
1,37,3706,2,6,4,2,,,,,,,,,,,
1,37,3706,1,156,1,2,,,,,,,,,,,
1,37,3706,1,156,2,2,,,,,,,,,,,
1,37,3706,1,156,3,1,2,1,2,0,10000,5,0,50000,12,0,100000
1,37,3706,1,156,4,2,,,,,,,,,,,
1,37,3706,1,4144,1,1,1,1,,,,,,,,,
1,37,3706,1,4144,2,1,2,1,12,15,11500,18,15,57500,24,15,115000
1,37,3706,1,4144,3,1,2,1,12,15,11500,18,15,57500,18,15,115000
1,37,3706,1,4144,4,1,2,1,12,20,12000,18,20,60000,18,20,120000
2,2,201,2,60,1,1,2,1,6,10,,6,10,,6,10,
2,2,201,2,60,2,1,2,2,,,,,,,,,
2,2,203,2,1224,2,1,2,2,,,,,,,,,
2,2,205,2,712,1,1,2,2,,,,,,,,,
2,2,205,2,712,2,1,2,2,,,,,,,,,
2,2,207,2,1302,2,1,2,2,,,,,,,,,
2,2,209,2,1040,2,2,,,,,,,,,,,
2,2,210,2,1300,2,1,2,2,,,,,,,,,
2,2,212,2,956,2,1,2,2,,,,,,,,,
2,2,214,2,898,1,1,2,2,,,,6,20,,,,
2,2,214,2,898,2,1,2,2,,,,,,,,,
2,2,215,1,8,1,1,2,1,3,10,4000,12,1000,5000,12,1000,4200
2,2,215,1,8,2,1,2,2,,,,,,,,,
2,2,216,2,200,1,1,1,1,1,10,11000,1,5000,55000,1,10000,110000
2,2,216,2,200,2,1,2,2,,,,,,,,,
2,2,218,2,1592,2,1,2,2,,,,,,,,,
2,2,221,2,18,2,1,2,2,,,,,,,,,
2,5,501,2,60,1,1,1,2,5,12,11200,12,1200,56000,12,1200,120000
2,5,501,2,60,2,1,2,1,8,10,11000,18,1000,56000,12,1000,110000
2,5,501,2,60,3,1,2,1,3,0,10000,6,0,55000,18,0,100000
2,5,501,2,60,4,1,,,,,,,,,,,
2,5,502,1,2194,1,1,1,1,6,11,11100,18,12,56000,18,12,112000
2,5,502,1,2194,2,1,1,1,12,10,11000,12,10,55000,24,10,110000
2,5,502,1,2194,3,1,2,1,3,15,11500,5,0,50000,6,0,100000
2,5,502,1,2194,4,1,2,1,3,15,11500,6,20,60000,12,20,12000
2,5,502,2,3878,1,1,,2,,,,,,,,,
2,5,502,2,3878,2,1,2,1,6,12,12000,12,12,56000,18,20,120000
2,5,502,2,3878,3,1,2,1,3,0,10000,,,,,,
2,5,504,2,708,1,1,2,1,4,1,12000,4,12,60000,10,122,102000
2,5,506,2,830,1,2,,,,,,,,,,,
2,5,506,2,830,2,1,2,1,18,20,12000,18,20,60000,24,20,120000
2,5,508,2,718,1,1,1,1,3,20,12000,8,2000,60000,12,2000,120000
2,5,508,2,718,2,1,1,1,10,10,11000,12,1000,55000,24,1000,110000
2,5,508,2,718,3,1,2,2,,,,,,,,,
2,5,508,2,718,4,1,2,2,,,,,,,,,
2,5,508,2,984,4,1,2,1,2,0,5000,2,2,2500,0,0,0
2,5,510,2,1516,1,1,2,2,,,,2,,,,,
2,5,510,2,1516,2,1,2,2,,,,2,,,,,
2,5,510,2,1516,3,1,2,2,,,,2,,,,,
2,5,514,2,710,1,1,2,2,,,,,,,,,
2,5,514,2,710,2,1,2,2,,,,,,,,,
2,5,514,2,710,3,1,1,1,,,,,,,,,
2,5,514,2,710,4,1,1,1,,,,,,,,,
2,5,514,1,2036,1,1,2,2,,,,,,,,,
2,5,514,1,2036,2,1,2,2,,,,,,,,,
2,5,514,1,2036,3,1,2,1,,,,,,,,,
2,5,514,1,2036,4,1,2,2,,,,,,,,,
2,5,515,2,18,1,1,2,1,,,,,,,,,
2,5,515,2,18,2,1,2,2,,,,,,,,,
2,5,516,2,942,1,1,2,1,,,,,,,,,
2,5,516,2,942,2,1,2,,,,,,,,,,
2,5,518,2,1304,1,2,,,,,,,,,,,
2,5,518,2,1304,2,2,,,,,,,,,,,
2,5,518,2,1304,3,1,,,,,,,,,,,
2,5,518,2,1304,4,2,,,,,,,,,,,
2,5,518,2,1588,1,1,1,2,,,,12,,,12,,
2,5,518,2,1588,2,1,1,2,12,,,,,,,,
2,5,518,2,1588,3,1,2,1,5,0,10000,5,0,50000,5,0,100000
2,5,518,2,1588,4,1,1,2,6,0,10000,,0,50000,12,0,100000
2,5,520,2,1756,1,1,2,2,,,,,,,,,
2,5,520,2,1756,2,1,2,2,,,,,,,,,
2,5,520,2,1756,3,1,1,1,,,,,,,,,
2,5,520,2,1756,4,1,1,1,,,,,,,,,
2,8,809,2,1748,2,,,,,,,,,,,,
2,8,816,2,1270,2,,,,,,,,,,,,
2,8,820,2,1030,2,,,,,,,,,,,,
2,8,821,1,1448,2,,,,,,,,,,,,
2,8,821,1,5062,1,1,1,1,6,20,12000,24,20,60000,24,20,120000
2,15,1502,2,590,1,1,1,,,,10000,,,,,,
2,15,1503,2,634,1,2,,,,,,,,,,,
2,15,1503,2,634,2,1,1,1,12,30,13000,12,25000,75000,24,35000,135000
2,15,1503,2,634,3,1,1,1,1,10,11000,,,,,,
2,15,1503,2,634,4,1,2,1,2,40,14000,6,20000,70000,,,
2,15,1506,1,148,1,1,1,1,12,20,12000,12,10000,60000,12,20000,120000
2,15,1506,1,148,2,1,2,1,6,10,11000,12,5000,55000,12,10000,110000
2,15,1506,1,148,3,1,2,1,1,5,10500,,,,,,
2,15,1506,1,148,4,1,2,1,1,20,12000,,,,,,
2,15,1506,1,398,1,1,1,1,3,,,6,,,12,,
2,15,1506,1,398,2,1,1,1,12,5,10500,12,2500,52500,12,5000,105000
2,15,1506,1,398,3,1,2,1,6,10,11000,,,,,,
2,15,1506,1,398,4,1,2,1,1,20,12000,,,,,,
2,15,1507,2,458,1,2,,,,,,,,,,,
2,15,1507,2,458,2,1,2,1,,0,10000,,,,,,
2,15,1507,2,458,3,1,1,1,12,40,14000,12,10000,60000,,,
2,15,1507,2,458,4,2,,,,,,,,,,,
2,15,1508,2,1682,1,1,2,1,2,20,12000,,,,,,
2,15,1510,2,616,1,1,2,1,8,20,12000,12,15000,65000,12,25000,125000
2,15,1511,2,1938,1,2,,,,,,,,,,,
2,15,1511,2,1938,2,1,1,1,6,5,10500,12,5000,55000,,,
2,15,1511,2,1938,3,2,,,,,,,,,,,
2,15,1511,2,1938,4,1,2,1,2,10,11000,,,,,,
2,34,3401,2,526,1,2,,,,,,,,,,,
2,34,3401,2,526,2,2,,,,,,,,,,,
2,34,3401,2,526,3,2,,,,,,,,,,,
2,34,3401,2,526,4,2,,,,,,,,,,,
2,34,3403,2,198,1,2,,,,,,,,,,,
2,34,3403,2,198,2,2,,,,,,,,,,,
2,34,3403,2,198,3,2,,,,,,,,,,,
2,34,3403,2,198,4,2,,,,,,,,,,,
2,34,3405,2,456,1,1,1,1,12,100,,1,,,,,
2,34,3405,2,1706,2,,,,,,,,,,,,
2,34,3408,2,870,2,,,,,,,,,,,,
2,34,3410,2,42,1,1,1,1,12,30,,,,,,,
2,34,3410,2,42,2,1,1,1,12,10,,,,,,,
2,34,3410,2,42,3,1,1,1,12,10,,,,,,,
2,34,3410,2,42,4,1,1,1,1,30,,,,,,,
2,34,3412,2,156,2,,,,,,,,,,,,
2,34,3413,2,262,2,,,,,,,,,,,,
2,34,3415,2,268,1,2,,,,,,,,,,,
2,34,3415,2,268,2,2,,,,,,,,,,,
2,34,3415,2,268,3,2,,,,,,,,,,,
2,34,3415,2,268,4,2,,,,,,,,,,,
2,35,3501,2,1228,1,2,,,,,,,,,,,
2,35,3501,2,1228,2,1,2,1,3,10,11000,36,10,55000,60,10,110000
2,35,3501,2,1228,3,2,,,,,,,,,,,
2,35,3501,2,1228,4,1,2,1,6,50,15000,36,50,150000,60,50,150000
2,35,3503,1,54,1,2,,,,,,,,,,,
2,35,3503,1,54,2,2,,,,,,,,,,,
2,35,3503,1,54,3,1,2,1,3,0,10000,,,,,,
2,35,3504,2,1288,1,2,,,,,,,,,,,
2,35,3504,2,1288,2,2,,,,,,,,,,,
2,35,3504,2,1288,3,1,2,1,10,18,11800,10,18,59000,10,18,68000
2,35,3509,2,1310,1,2,,,,,,,,,,,
2,35,3509,2,1310,2,2,,,,,,,,,,,
2,35,3509,2,1310,3,1,2,1,3,0,10000,5,0,50000,10,0,100000
2,35,3509,2,2276,1,1,2,1,10,100,20000,10,100,100000,10,100,200000
2,35,3509,2,2276,2,,,,,,,,,,,,
3,17,1702,2,510,1,2,,,,,,,,,,,
3,17,1702,2,510,2,1,2,2,10,13,11300,10,,,10,,
3,17,1702,2,510,3,1,2,1,6,,10000,6,,,10,,
3,17,1702,2,510,4,1,2,1,6,,10000,12,,,12,,
3,17,1704,2,1080,1,1,1,1,10,3,1000,15,3,3400,24,3,7000
3,17,1704,2,1080,2,1,2,1,10,,1000,12,,4200,,,
3,17,1704,2,1080,3,1,2,1,10,,1000,12,,4200,,,
3,17,1704,2,1080,4,1,2,1,2,,5000,5,,10000,,,
3,17,1704,1,2074,1,1,1,1,12,,1000,12,,5000,,,10000
3,17,1704,1,2074,2,1,2,1,12,,1000,12,,5000,,,10000
3,17,1704,1,2074,3,1,2,1,,,,,,,,,
3,17,1704,1,2074,4,1,2,1,,,,,,,,,
3,17,1706,2,284,1,2,,,,,,,,,,,
3,17,1706,2,284,2,2,,,,,,,,,,,
3,17,1706,2,284,3,2,,,,,,,,,,,
3,17,1706,2,284,4,2,,,,,,,,,,,
3,17,1710,2,546,1,2,,,,,,,,,,,
3,17,1710,2,546,2,2,,,,,,,,,,,
3,17,1710,2,546,3,1,2,1,,,,,,,,,
3,17,1710,2,546,4,1,2,1,6,,10000,6,,50000,6,,100000
3,17,1712,2,794,1,1,2,1,,,,,,,,,
3,17,1712,2,794,2,1,1,2,12,,,12,,,24,,
3,17,1712,2,794,3,1,2,1,6,,10000,6,,50000,6,,100000
3,17,1712,2,794,4,1,2,1,6,,10000,6,,50000,6,,100000
3,17,1713,1,226,1,1,1,1,,,,,,,12,,
3,17,1713,1,226,2,1,1,1,,,,,,,12,,
3,17,1713,1,226,3,1,2,1,12,,10000,6,,50000,12,,100000
3,17,1713,1,226,4,1,2,1,6,,10000,6,,50000,12,,100000
3,17,1715,2,2244,1,1,2,,,,,,,,,,
3,17,1715,2,2244,2,1,2,,,,,,,,,,
3,17,1715,2,2244,3,1,1,1,6,0,10000,12,0,50000,12,0,100000
3,17,1715,2,2244,4,1,1,1,6,0,10000,6,0,50000,6,0,100000
3,17,1716,2,1452,1,2,,,,,,,,,,,
3,17,1716,2,1452,2,2,,,,,,,,,,,
3,17,1716,2,1452,3,2,,,,,,,,,,,
3,17,1716,2,1452,4,1,1,1,4,0,10000,6,0,50000,12,0,100000
3,17,1719,2,1354,1,1,1,1,,,,2,,,,,
3,17,1719,2,1354,2,1,1,1,,,,2,,,,,
3,17,1719,2,1354,3,1,2,1,6,,,,,,,,
3,17,1719,2,1354,4,1,2,1,6,,,,,,,,
3,17,1722,2,96,1,1,1,1,,,,,,,,,
3,17,1722,2,96,2,1,1,1,,,,,,,,,
3,17,1722,2,96,3,1,1,1,,,,,,,,,
3,17,1722,2,96,4,1,2,1,6,0,10000,6,0,50000,6,0,10000
3,17,1724,2,786,1,2,,,,,,,,,,,
3,17,1724,2,786,2,2,,,,,,,,,,,
3,17,1724,2,786,3,1,2,1,6,,10000,12,,50000,12,,50000
3,17,1724,2,786,4,1,2,1,3,,10000,6,,50000,12,,50000
3,17,1727,2,634,1,2,,,,,,,,,,,
3,17,1727,2,634,2,2,,,,,,,,,,,
3,17,1727,2,634,3,1,2,1,12,0,10000,12,0,50000,12,0,100000
3,17,1727,2,634,4,1,2,1,6,0,10000,6,0,50000,6,0,100000
3,18,1803,2,840,1,2,,,,,,,,,,,
3,18,1803,2,840,2,1,2,2,3,5,,6,1600,,12,5000,
3,18,1803,2,840,3,2,,,,,,,,,,,
3,18,1803,2,840,4,2,,,,,,,,,,,
3,18,1804,1,2690,1,2,,,,,,,,,,,
3,18,1804,1,2690,2,2,,,,,,,,,,,
3,18,1804,1,2690,3,1,2,1,4,,10000,10,,50000,12,,10000
3,18,1804,1,2690,4,2,,,,,,,,,,,
3,18,1805,2,534,1,2,,,,,,,,,,,
3,18,1805,2,534,2,2,,,,,,,,,,,
3,18,1805,2,534,3,2,,,,,,,,,,,
3,18,1805,2,534,4,2,,,,,,,,,,,
3,18,1808,2,1726,1,2,,,,,,,,,,,
3,18,1808,2,1726,2,2,,,,,,,,,,,
3,18,1808,2,1726,3,1,2,2,6,,,8,,,12,,
3,18,1808,2,1726,4,2,,,,,,,,,,,
3,18,1809,1,1272,1,1,1,1,3,10,,5,2500,6,18,10000,12
3,18,1809,1,1272,2,,,,,,,,,,,,
3,18,1809,1,1272,3,1,2,1,6,,,,,,,,
3,18,1809,1,1272,4,,,,,,,,,,,,
3,18,1811,2,364,1,2,,,,,,,,,,,
3,18,1811,2,364,2,2,,,,,,,,,,,
3,18,1811,2,364,3,2,,,,,,,,,,,
3,18,1811,2,364,4,2,,,,,,,,,,,
3,18,1814,2,678,1,2,,,,,,,,,,,
3,18,1814,2,678,2,2,,,,,,,,,,,
3,18,1814,2,678,3,2,,,,,,,,,,,
3,18,1814,2,678,4,2,,,,,,,,,,,
3,18,1816,1,378,1,1,1,2,6,10,,8,5000,,12,10000,
3,18,1816,1,378,2,2,,,,,,,,,,,
3,18,1816,1,378,3,2,,,,,,,,,,,
3,18,1816,1,378,4,2,,,,,,,,,,,
3,18,1817,2,370,1,1,1,2,4,30,,7,15000,,24,25000,
3,18,1817,2,370,2,1,2,2,,10,,,5000,,,10000,
3,18,1817,2,370,3,1,2,1,4,,,12,,,,,
3,18,1817,2,370,4,1,2,2,5,20,,5,,,12,50000,
3,18,1820,2,450,1,2,,,,,,,,,,,
3,18,1820,2,450,2,2,,,,,,,,,,,
3,18,1820,2,450,3,2,,,,,,,,,,,
3,18,1820,2,450,4,2,,,,,,,,,,,
3,18,1822,2,1654,1,2,,,,,,,,,,,
3,18,1822,2,1654,2,2,,,,,,,,,,,
3,18,1822,2,1654,3,1,2,1,4,,,8,,,12,,
3,18,1822,2,1654,4,2,,,,,,,,,,,
3,18,1823,1,1822,1,2,,,,,,,,,,,
3,18,1823,1,1822,2,2,,,,,,,,,,,
3,18,1823,1,1822,3,1,2,1,3,,,6,,,12,,
3,18,1823,1,1822,4,2,,,,,,,,,,,
3,19,1901,2,640,1,1,2,1,2,2,10000,3,2,18000,5,2,20000
3,19,1901,2,640,2,,,,,,,,,,,,
3,19,1902,2,52,2,,,,,,,,,,,,
3,19,1905,2,1290,1,1,2,2,,,,,,,,,
3,19,1905,2,1290,2,1,2,2,,,,,,,,,
3,19,1905,2,1290,3,1,2,2,,,,,,,,,
3,19,1905,2,1290,4,1,2,2,,,,,,,,,
3,19,1908,2,284,1,1,2,2,,,,,,,,,
3,19,1908,2,284,2,1,2,2,,,,,,,,,
3,19,1908,2,284,3,1,2,2,,,,,,,,,
3,19,1908,2,284,4,1,2,2,,,,,,,,,
3,19,1910,2,808,1,1,2,2,,,,,,,,,
3,19,1910,2,808,2,1,2,2,,,,,,,,,
3,19,1910,2,808,3,1,2,2,,,,,,,,,
3,19,1912,1,1510,2,1,2,2,,,,,,,,,
3,19,1914,2,934,1,1,2,2,3,,3500,2,,,,,
3,19,1914,2,934,2,,,,,,,,,,,,
3,19,1916,2,1516,1,,,,,,,,,,,,
3,19,1919,2,366,1,1,2,2,,,,2,,,,,
3,19,1919,2,366,2,1,2,2,,,,2,,,,,
3,19,1919,2,366,3,1,2,2,,,1000,2,,,,,
3,19,1919,2,366,4,1,2,2,,,,2,,,,,
3,19,1921,1,842,1,1,2,1,10,0,1000,1,0,0,0,0,0
3,19,1921,1,842,2,1,,,,0,0,0,0,0,0,0,0
3,19,1925,1,2858,1,1,2,2,0,,,,,,,,
3,19,1925,1,2858,2,1,2,2,,,,,,,,,
3,19,1925,1,2858,3,1,2,2,0,,,,,,,,
3,19,1925,1,2858,4,1,1,1,2,,10000,4,0,50000,4,0,0
3,19,1925,2,3394,1,1,2,1,3,0,1000,15,0,1000,,,
3,19,1925,2,3394,2,,,,,,,,,,,,
3,19,1928,2,526,1,1,2,2,,,,,,,,,
3,19,1928,2,526,2,1,2,2,,,,,,,,,
3,19,1928,2,526,3,1,2,2,,,,,,,,,
3,19,1928,2,526,4,1,2,2,,,,,,,,,
3,19,1932,2,562,1,1,2,2,,,,,,,,,
3,19,1932,2,562,2,1,2,2,,,,,,,,,
3,19,1932,2,562,3,1,2,2,,,,,,,,,
3,19,1932,2,562,4,1,2,2,,,,,,,,,
3,19,1934,2,386,1,1,2,2,,,,2,,,,,
3,19,1934,2,386,2,1,2,2,,,,2,,,,,
3,19,1934,2,386,3,1,2,2,,,,2,,,,,
3,19,1934,2,386,4,1,2,2,,,,2,,,,,
3,19,1936,2,1994,1,1,2,1,5,2,2000,1,2,5000,,,
3,19,1937,2,432,1,1,2,1,3,2,500,0,0,0,0,0,0
3,19,1941,2,518,1,1,2,1,12,0,800,1,0,4500,12,0,20000
3,19,1941,2,518,2,1,2,2,2,0,0,2,0,0,,0,0
3,19,1941,2,518,3,1,2,2,,,,1,,50000,20,10,20
3,19,1941,2,518,4,1,1,1,4,0,10000,1,,50000,5,0,5
3,19,1943,2,668,1,1,2,1,12,0,1000,2,,,,,
3,19,1943,2,668,2,,,,,,,,,,,,
3,20,2001,2,1354,1,1,2,2,0,,,,,,,,
3,20,2001,2,1354,2,1,1,1,12,15,834,12,7500,4334,12,15000,8334
3,20,2001,2,1354,3,1,1,1,12,10,834,12,5000,4334,12,10000,8334
3,20,2001,2,1354,4,1,1,1,12,10,834,12,5000,4334,12,10000,8334
3,20,2008,2,1474,1,1,2,2,0,0,0,,,,,,
3,20,2008,2,1474,2,1,2,2,,,,,,,,,
3,20,2008,2,1474,3,1,2,2,,,,,,,,,
3,20,2008,2,1474,4,1,2,2,,,,,,,,,
3,20,2009,2,240,1,1,2,2,0,0,0,,,,,,
3,20,2009,2,240,2,1,2,2,,,,,,,,,
3,20,2009,2,240,3,1,2,2,,,,,,,,,
3,20,2009,2,240,4,1,2,2,,,,,,,,,
3,20,2012,1,844,1,1,2,2,,,,,,,,,
3,20,2012,1,844,2,1,2,2,,,,,,,,,
3,20,2012,1,844,3,1,2,2,,,,,,,,,
3,20,2012,1,844,4,1,2,2,,,,,,,,,
3,20,2013,2,1232,1,1,2,2,,,,,,,,,
3,20,2013,2,1232,2,1,2,2,,,,,,,,,
3,20,2013,2,1232,3,1,2,2,,,,,,,,,
3,20,2013,2,1232,4,1,2,2,,,,,,,,,
3,20,2018,2,1134,1,2,,,,,,,,,,,
3,20,2018,2,1134,2,2,,,,,,,,,,,
3,20,2018,2,1134,3,2,,,,,,,,,,,
3,20,2018,2,1134,4,2,,,,,,,,,,,
3,20,2019,2,344,1,1,2,2,0,0,,,,,,,
3,20,2019,2,344,2,1,2,2,,,,,,,,,
3,20,2019,2,344,3,1,2,2,,,,,,,,,
3,20,2019,2,344,4,1,2,2,12,,10000,12,,50000,12,,100000
3,20,2021,1,3300,1,2,,,,,,,,,,,
3,20,2021,1,3300,2,1,2,1,3,10,11000,,,,,,
3,20,2021,1,3300,3,1,2,1,1,5,10500,,,,,,
3,20,2021,1,3300,4,1,2,1,2,15,11500,,,,,,
3,20,2022,2,1130,1,2,,,,,,,,,,,
3,20,2025,2,760,1,1,1,1,12,10,900,12,5000,4200,12,10000,9000
3,20,2025,2,760,2,1,2,1,12,5,900,24,2500,2000,24,5000,4000
3,20,2025,2,760,3,1,2,1,6,3,1500,24,1000,2000,24,2000,4000
3,20,2025,2,760,4,1,2,1,9,8,1000,,3500,5500,9,7000,10200
3,20,2025,2,1304,1,1,1,1,12,10,900,12,5000,4200,12,10000,9000
3,20,2025,2,1304,2,1,2,1,12,5,900,24,2500,2000,24,2000,4000
3,20,2025,2,1304,3,1,2,2,0,3,1500,24,1000,2000,24,2000,4000
3,20,2025,2,1304,4,1,2,1,12,8,1000,9,3500,5500,9,700,10200
3,20,2028,2,498,1,1,2,2,2,0,0,,,,,,
3,20,2028,2,498,2,1,2,2,2,0,0,,,,,,
3,20,2028,2,498,3,1,2,2,2,0,,,,,,,
3,20,2028,2,498,4,1,2,2,2,0,,,,,,,
3,20,2030,2,1050,1,1,,1,2,10,11000,4,10,55000,6,10,110000
3,20,2030,2,1050,2,,,,,,,,,,,,
3,20,2032,2,1772,1,2,,,,,,,,,,,
3,21,2102,2,1124,1,2,,,,,,,,,,,
3,21,2102,2,1124,2,2,,,,,,,,,,,
3,21,2102,2,1124,3,1,1,1,6,0,10000,1,0,50000,6,0,100000
3,21,2102,2,1124,4,1,1,1,6,0,10000,1,0,50000,6,0,100000
3,21,2106,2,236,1,1,1,2,12,20,12000,24,10,55000,24,10,105000
3,21,2106,2,236,2,,,,,,,,,,,,
3,21,2106,2,2822,1,1,2,,,,,,,,,,
3,21,2106,2,2822,2,1,1,2,12,2,12000,24,10,55000,24,10,105000
3,21,2106,2,2822,3,1,2,1,12,0,10000,24,0,50000,24,0,100000
3,21,2106,2,2822,4,,,,,,,,,,,,
3,21,2108,1,520,1,1,1,1,6,20,12000,12,20,60000,12,20,120000
3,21,2108,1,520,2,1,1,1,10,30,13000,12,20,60000,12,20,120000
3,21,2108,1,520,3,2,,,,,,,,,,,
3,21,2108,1,520,4,1,1,1,6,50,15000,6,50,75000,6,50,150000
3,21,2109,2,38,1,1,1,2,3,,10000,1,1,2,3,,100000
3,21,2109,2,38,2,,,,,,,,,,,,
3,21,2111,2,180,1,2,,,,,,,,,,,
3,21,2111,2,180,2,1,1,1,11,0,10000,11,0,50000,11,0,100000
3,21,2111,2,180,3,2,,,,,,,,,,,
3,21,2111,2,180,4,1,2,1,7,0,10000,7,0,50000,7,0,100000
3,21,2115,2,926,2,,,,,,,,,,,,
3,21,2117,2,554,1,1,1,,,,,,,,,,
3,21,2117,2,554,2,2,,,,,,,,,,,
3,21,2117,2,554,3,2,,,,,,,,,,,
3,21,2117,2,554,4,1,1,1,7,100,20000,7,100,100000,7,100,200000
3,21,2119,2,2146,1,1,1,1,6,100,20000,1,1000,100000,6,100,200000
3,21,2119,2,2146,2,,,,,,,,,,,,
3,21,2119,2,3956,2,,,,,,,,,,,,
3,33,3304,2,418,1,1,2,2,0,0,0,0,0,0,0,0,0
3,33,3304,2,418,2,1,2,2,0,0,0,0,0,0,0,0,0
3,33,3304,2,418,3,1,2,2,0,0,0,0,0,0,0,0,0
3,33,3304,2,418,4,1,2,2,0,0,0,0,0,0,0,0,0
3,33,3307,2,688,1,1,2,2,0,0,0,0,0,0,0,0,0
3,33,3307,2,688,2,1,2,2,0,0,0,0,0,0,0,0,0
3,33,3307,2,688,3,1,2,1,3,5,500,6,10,5000,12,10,10000
3,33,3307,2,688,4,1,2,1,3,5,500,6,10,5000,12,10,10000
3,33,3310,2,476,1,1,2,2,0,0,0,0,0,0,0,0,0
3,33,3310,2,476,2,1,2,2,0,0,0,0,0,0,0,0,0
3,33,3310,2,476,3,1,2,1,12,5,500,12,5,2500,2,5,5000
3,33,3310,2,476,4,1,2,2,0,0,0,0,0,0,0,0,0
3,33,3311,1,702,1,1,2,2,0,0,0,0,0,0,0,0,0
3,33,3311,1,702,2,1,2,2,0,0,0,0,0,0,0,0,0
3,33,3311,1,702,3,1,2,1,12,5,500,12,5,2500,12,5,5000
3,33,3311,1,702,4,1,2,2,0,0,0,0,0,0,0,0,0
3,33,3313,2,930,1,1,2,2,0,0,0,0,0,0,0,0,0
3,33,3313,2,930,2,1,2,2,0,0,0,0,0,0,0,0,0
3,33,3313,2,930,3,1,2,1,3,5,500,6,5,2500,12,5,6000
3,33,3313,2,930,4,1,2,1,3,5,500,6,5,2500,12,5,5000
3,33,3318,2,30,1,1,2,2,0,0,0,0,0,0,0,0,0
3,33,3318,2,30,2,1,2,2,0,0,0,0,0,0,0,0,0
3,33,3318,2,30,3,1,2,2,0,0,0,0,0,0,0,0,0
3,33,3318,2,30,4,1,2,2,6,0,0,6,0,0,12,0,0
3,33,3321,1,1182,1,1,2,2,0,0,0,,,,,,
3,33,3321,1,1182,2,1,2,2,0,0,0,,,,,,
3,33,3321,1,1182,3,1,2,1,12,5,500,12,5,2500,12,5,5000
3,33,3321,1,1182,4,1,2,2,0,0,0,0,0,0,0,0,0
3,33,3323,2,92,1,1,2,2,0,0,0,0,0,0,0,0,0
3,33,3323,2,92,2,1,2,1,8,10,1000,10,5,7500,12,20,20000
3,33,3323,2,92,3,1,2,1,6,0,0,8,0,0,12,0,0
3,33,3323,2,92,4,1,2,1,2,0,0,4,0,0,6,0,0
3,36,3601,2,1214,1,1,2,2,,,,,,,,,
3,36,3601,2,1214,2,1,2,2,,,,,,,,,
3,36,3601,2,1214,3,1,2,2,,,,,,,,,
3,36,3601,2,1214,4,1,2,2,,,,,,,,,
3,36,3603,2,978,1,1,2,2,,,,,,,,,
3,36,3603,2,978,2,1,2,2,,,,,,,,,
3,36,3603,2,978,3,1,2,2,,,,,,,,,
3,36,3603,2,978,4,1,2,2,,,,,,,,,
3,36,3605,2,240,1,1,2,2,,,,,,,,,
3,36,3605,2,240,2,1,2,2,,,,,,,,,
3,36,3605,2,240,3,1,2,2,10,0,10000,15,0,50000,20,0,100000
3,36,3605,2,240,4,1,2,2,,,,,,,,,
3,36,3606,2,1956,1,1,2,2,0,0,0,0,0,0,0,0,0
3,36,3606,2,1956,2,1,2,2,0,0,0,0,0,0,0,0,0
3,36,3606,2,1956,3,1,2,2,0,0,0,0,0,0,0,0,0
3,36,3606,2,1956,4,1,2,2,0,0,0,0,0,0,0,0,0
3,36,3607,1,2596,1,1,1,2,5,15,10500,10,15,55000,15,20,120000
3,36,3607,1,2596,2,1,1,2,7,10,10250,20,10,52500,24,15,110000
3,36,3607,1,2596,3,1,1,1,10,0,0,20,5,5000,24,10,110000
3,36,3607,1,2596,4,1,2,2,0,0,0,0,0,0,0,0,0
3,36,3608,2,2078,1,1,2,2,,,,,,,,,
3,36,3608,2,2078,2,1,2,2,,,,,,,,,
3,36,3608,2,2078,3,1,2,2,,,,,,,,,
3,36,3608,2,2078,4,1,2,2,,,,,,,,,
3,36,3610,2,1826,1,1,2,2,,,,,,,,,
3,36,3610,2,1826,2,1,2,2,,,,,,,,,
3,36,3610,2,1826,3,1,2,2,,,,,,,,,
3,36,3610,2,1826,4,1,2,2,,,,,,,,,
3,36,3612,1,1474,1,1,2,2,,,,,,,,,
3,36,3612,1,1474,2,1,2,2,,,,,,,,,
3,36,3612,1,1474,3,1,2,2,,,,,,,,,
3,36,3612,1,1474,4,1,2,2,,,,,,,,,
3,36,3613,2,1066,1,1,2,2,,,,,,,,,
3,36,3613,2,1066,2,1,2,2,,,,,,,,,
3,36,3613,2,1066,3,1,2,2,,,,,,,,,
3,36,3613,2,1066,4,1,2,2,,,,,,,,,
4,1,102,1,536,1,1,1,1,10,20,1000,10,10000,5000,10,20000,10000
4,1,102,1,536,2,1,1,1,10,10,1000,10,5000,5000,10,10000,10000
4,1,102,1,536,3,2,,,,,,,,,,,
4,1,102,1,536,4,1,1,1,10,40,2500,4,20000,12500,10,40000,25000
4,1,102,1,1690,1,1,1,1,10,20,1000,10,10000,5000,10,20000,10000
4,1,102,1,1690,2,1,1,1,10,10,1000,10,5000,5000,10,10000,10000
4,1,102,1,1690,3,1,1,1,10,10,1000,10,5000,5000,10,10000,10000
4,1,102,1,1690,4,1,1,1,5,20,2000,5,10000,12500,4,20000,25000
4,1,104,2,1364,1,1,1,1,5,20,2000,10,10000,5000,10,20000,10000
4,1,104,2,1364,2,1,1,1,5,10,2000,10,5000,5000,10,10000,10000
4,1,104,2,1364,3,1,1,1,10,10,1000,12,5000,4170,12,10000,8240
4,1,105,2,638,1,2,,,,,,,,,,,
4,1,105,2,638,2,2,,,,,,,,,,,
4,1,105,2,638,3,2,,,,,,,,,,,
4,1,105,2,638,4,2,,,,,,,,,,,
4,1,106,2,880,1,2,,,,,,,,,,,
4,1,106,2,880,2,2,,,,,,,,,,,
4,1,106,2,880,3,1,1,1,10,10,1000,10,5000,5000,10,10000,10000
4,1,106,2,880,4,1,1,1,5,20,2000,5,10000,12500,4,20000,25000
4,1,107,2,1044,1,2,,,,,,,,,,,
4,1,107,2,1044,2,2,,,,,,,,,,,
4,1,107,2,1044,3,2,,,,,,,,,,,
4,1,107,2,1044,4,2,,,,,,,,,,,
4,1,108,2,904,1,2,,,,,,,,,,,
4,1,108,2,904,2,2,,,,,,,,,,,
4,1,108,2,904,3,2,,,,,,,,,,,
4,1,108,2,904,4,2,,,,,,,,,,,
4,1,110,2,76,1,2,,,,,,,,,,,
4,1,110,2,76,2,2,,,,,,,,,,,
4,1,111,1,1146,1,1,1,1,10,20,1000,10,10000,5000,10,20000,10000
4,1,111,1,1146,2,1,1,1,10,10,1000,10,5000,5000,10,10000,10000
4,1,111,1,1146,3,1,1,1,10,10,1000,10,5000,5000,10,10000,10000
4,1,111,1,1146,4,1,1,1,4,40,2500,4,20000,12500,10,40000,25000
4,1,115,1,670,1,1,1,1,10,20,1000,10,10000,5000,10,20000,10000
4,1,115,1,670,2,1,1,1,10,10,1000,10,5000,5000,10,10000,10000
4,1,115,1,670,3,1,1,1,10,10,1000,10,5000,5000,10,10000,10000
4,1,115,1,670,4,2,,,,,,,,,,,
4,1,117,2,560,1,2,,,,,,,,,,,
4,1,117,2,560,2,2,,,,,,,,,,,
4,1,117,2,560,3,1,2,1,10,10,1000,10,5000,5000,10,10000,10000
4,1,117,2,560,4,2,,,,,,,,,,,
4,4,401,1,738,1,2,,,,,,,,,,,
4,4,401,1,738,2,1,1,1,12,8,19600,12,4000,98000,12,8000,196000
4,4,401,1,738,3,1,2,1,12,10,22000,12,5000,110000,12,10000,220000
4,4,401,1,738,4,2,,,,,,,,,,,
4,4,401,1,1460,1,2,,,,,,,,,,,
4,4,401,1,1460,2,2,,,,,,,,,,,
4,4,401,1,1460,3,1,2,1,12,8,1900,12,4000,98000,12,8000,19600
4,4,401,1,1460,4,2,,,,,,,,,,,
4,4,401,2,2106,1,2,,,,,,,,,,,
4,4,401,2,2106,2,2,,,,,,,,,,,
4,4,401,2,2106,3,1,1,1,12,5,16000,12,2500,80000,12,5000,160000
4,4,401,2,2106,4,2,,,,,,,,,,,
4,4,402,2,1080,1,2,,,,,,,,,,,
4,4,402,2,1080,2,2,,,,,,,,,,,
4,4,402,2,1080,3,1,2,1,12,5,1600,12,200,79000,12,500,180000
4,4,403,2,836,1,2,,,,,,,,,,,
4,4,403,2,836,2,2,,,,,,,,,,,
4,4,403,2,836,3,1,2,1,12,5,1600,12,200,29000,12,5000,180000
4,4,403,2,836,4,2,,,,,,,,,,,
4,4,405,2,484,1,2,,,,,,,,,,,
4,4,405,2,484,2,2,,,,,,,,,,,
4,4,405,2,484,3,1,2,1,12,5,16000,12,2500,80000,12,5000,160000
4,4,405,2,484,4,2,,,,,,,,,,,
4,4,405,2,722,1,2,,,,,,,,,,,
4,4,405,2,722,2,2,,,,,,,,,,,
4,4,405,2,722,3,1,2,1,12,5,16000,12,2500,79000,12,5000,160000
4,4,407,2,796,1,2,,,,,,,,,,,
4,4,407,2,796,2,2,,,,,,,,,,,
4,4,407,2,796,3,1,2,1,12,10,22000,12,5000,110000,12,10000,22000
4,4,407,2,796,4,2,,,,,,,,,,,
4,4,410,1,3192,1,2,,,,,,,,,,,
4,4,410,1,3192,2,2,,,,,,,,,,,
4,4,410,1,3192,3,1,2,1,12,5,16000,12,2500,80000,12,5000,160000
4,4,410,1,3192,4,2,,,,,,,,,,,
4,4,410,1,3414,1,2,,,,,,,,,,,
4,4,410,1,3414,2,2,,,,,,,,,,,
4,4,410,1,3414,3,1,2,1,12,6,17200,12,3000,86000,12,600,172000
4,4,410,1,3414,4,2,,,,,,,,,,,
4,4,410,2,4036,1,2,,,,,,,,,,,
4,4,410,2,4036,2,2,,,,,,,,,,,
4,4,410,2,4036,3,1,2,1,12,6,16000,12,2500,80000,12,5000,160000
4,4,411,1,1486,1,2,,,,,,,,,,,
4,4,411,1,1486,2,2,,,,,,,,,,,
4,4,411,1,1486,3,1,2,1,12,50,16000,12,2500,80000,12,5000,160000
4,4,411,1,1486,4,2,,,,,,,,,,,
4,4,412,2,1606,1,2,,,,,,,,,,,
4,4,412,2,1606,2,2,,,,,,,,,,,
4,4,412,2,1606,3,1,2,1,12,5,1600,12,200,79000,12,5000,180000
4,4,412,2,2592,1,2,,,,,,,,,,,
4,4,412,2,2592,2,2,,,,,,,,,,,
4,4,412,2,2592,3,1,2,1,12,5,1600,12,200,79000,12,5000,180000
4,4,412,2,2592,4,2,,,,,,,,,,,
4,4,413,2,1540,1,2,,,,,,,,,,,
4,4,413,2,1540,2,2,,,,,,,,,,,
4,4,413,2,1540,3,1,2,1,12,5,16000,12,2500,79000,12,5000,160000
4,4,413,2,1540,4,2,,,,,,,,,,,
4,4,414,1,2176,1,2,,,,,,,,,,,
4,4,414,1,2176,2,2,,,,,,,,,,,
4,4,414,1,2176,3,1,2,1,12,5,1600,12,2500,80000,12,5000,160000
4,4,415,1,2108,1,1,2,1,12,5,1600,12,2500,79000,12,5000,180000
4,4,415,1,2108,2,2,,,,,,,,,,,
4,4,416,1,616,1,2,,,,,,,,,,,
4,4,416,1,616,2,2,,,,,,,,,,,
4,4,416,1,616,3,1,2,1,12,5,1600,12,2500,79000,12,5000,160000
4,4,417,1,678,1,2,,,,,,,,,,,
4,4,417,1,678,2,2,,,,,,,,,,,
4,4,417,1,678,3,1,2,1,12,5,1600,12,2500,7900,12,5000,180000
4,4,418,1,44,1,2,,,,,,,,,,,
4,4,418,1,44,2,2,,,,,,,,,,,
4,4,418,1,44,3,1,2,1,12,5,1600,12,2500,79000,12,5000,180000
4,4,418,1,44,4,,,,,,,,,,,,
4,4,419,2,296,1,2,,,,,,,,,,,
4,4,419,2,296,2,2,,,,,,,,,,,
4,4,419,2,296,3,1,2,1,12,5,16000,1,2500,80000,12,5000,160000
4,4,419,2,296,4,2,,,,,,,,,,,
4,4,421,1,800,1,2,,,,,,,,,,,
4,4,421,1,800,2,2,,,,,,,,,,,
4,4,421,1,800,3,1,2,1,12,5,16000,12,2500,8000,12,5000,160000
4,4,421,1,800,4,2,,,,,,,,,,,
4,11,1101,2,154,1,1,1,1,6,5,15000,6,2500,65000,6,1000,106000
4,11,1102,2,936,1,1,1,1,12,5,16000,12,2500,80000,12,1000,112000
4,11,1104,2,434,1,1,2,1,6,5,13000,12,2500,80000,6,1000,106000
4,11,1104,1,2028,1,1,2,1,6,5,13000,6,2500,65000,6,500,103000
4,11,1105,2,100,1,1,1,1,6,5,133000,12,2500,80000,12,1000,112000
4,11,1106,2,446,1,1,1,1,6,5,13000,12,2500,80000,12,1000,112000
4,11,1107,2,1034,1,1,1,1,6,5,13000,6,2500,50000,6,500,106000
4,11,1107,2,1034,2,1,2,2,2,2,2,12,2500,50000,12,500,112000
4,11,1108,2,492,1,1,1,1,6,5,13000,12,2500,80000,12,1000,112000
4,11,1109,2,672,1,1,2,1,6,5,13000,12,2500,80000,6,1000,106000
4,11,1110,2,714,1,1,1,1,6,5,10000,12,2500,50000,12,500,100000
4,11,1110,2,714,2,1,2,2,2,,,12,2500,50000,12,500,100000
4,11,1110,2,2752,1,1,1,1,6,5,13000,12,2500,80000,12,500,106000
4,11,1110,2,2752,2,1,2,,,,,12,2500,80000,12,500,100000
4,11,1112,2,78,1,1,1,1,8,5,10000,12,2500,50000,12,500,100000
4,11,1112,2,1952,1,1,2,2,6,5,10000,12,2500,50000,12,500,100000
4,11,1112,2,1952,2,1,1,1,12,4,10000,12,2500,50000,12,400,100000
4,11,1112,2,1952,3,1,1,1,1,4,10000,6,2500,50000,6,400,100000
4,11,1112,2,1952,4,1,2,2,2,5,10000,6,2500,50000,6,500,100000
4,11,1113,2,954,1,1,1,1,6,5,13000,12,2500,80000,12,2500,130000
4,14,1401,2,1116,1,1,2,1,12,50,15000,12,25000,75000,12,50000,150000
4,14,1401,2,1116,2,,,,,,,,,,,,
4,14,1403,1,34,2,1,2,2,,,,,,,,,
4,14,1404,1,96,1,2,,,,,,,,,,,
4,14,1404,1,96,2,2,,,,,,,,,,,
4,14,1404,1,96,3,2,,,,,,,,,,,
4,14,1404,1,96,4,2,,,,,,,,,,,
4,14,1406,2,694,1,1,1,1,12,10,11000,12,5000,55000,12,10000,11000
4,14,1406,2,694,2,1,2,2,,,,,,,,,
4,14,1407,2,68,1,1,2,1,12,25,12500,12,12500,62500,12,25000,125000
4,14,1407,2,68,2,1,2,2,,,,,,,,,
4,14,1408,2,968,1,2,,,,,,,,,,,
4,14,1408,2,968,2,2,,,,,,,,,,,
4,14,1408,2,968,3,1,2,1,1,10,11000,1,5000,55000,1,10000,110000
4,14,1408,2,968,4,2,,,,,,,,,,,
4,14,1408,2,1996,1,1,2,1,1,5,10500,1,2500,52600,1,5000,105000
4,14,1408,2,1996,2,1,2,2,,,,,,,,,
4,14,1410,2,236,1,1,2,1,6,0,10000,6,0,50000,6,0,100000
4,14,1410,2,236,2,1,2,2,,,,,,,,,
4,14,1411,2,1066,1,1,1,1,12,25,12500,12,12500,62500,12,25000,125000
4,14,1411,2,1066,2,1,2,2,0,,,,,,,,
4,14,1413,2,670,1,2,,,,,,,,,,,
4,14,1413,2,670,2,2,,,,,,,,,,,
4,14,1413,2,670,3,1,2,1,3,15,11500,3,6500,56500,3,13000,113000
4,14,1413,1,2578,1,1,2,1,2,10,11000,2,5000,5500,2,10000,11000
4,14,1413,1,2578,2,1,2,2,,,,,,,,,
4,14,1415,2,156,1,1,2,1,12,20,12000,12,10000,60000,12,20000,120000
4,14,1415,2,156,2,1,2,2,,,,,,,,,
4,14,1415,2,952,1,1,2,1,,,,,,,,,
4,14,1415,2,952,2,1,2,2,12,20,12000,12,10000,60000,12,2000,12000
4,14,1416,2,2314,2,1,2,2,,,,,,,,,
4,14,1416,2,2314,3,1,2,1,12,10,11000,,,,,,
4,16,1601,2,954,1,2,,,,,,,,,,,
4,16,1601,2,954,2,2,,,,,,,,,,,
4,16,1601,2,954,3,1,1,1,6,10,16000,6,5000,80000,6,10000,160000
4,16,1601,2,954,4,2,,,,,,,,,,,
4,16,1602,2,1576,1,1,2,2,,,,,,,,,
4,16,1602,2,1576,2,1,2,2,,,,,,,,,
4,16,1602,2,1576,3,1,2,1,11,55,15500,11,27500,77500,11,55000,155000
4,16,1602,2,1576,4,1,2,2,,,,,,,,,
4,16,1603,2,158,1,2,,,,,,,,,,,
4,16,1603,2,158,2,2,,,,,,,,,,,
4,16,1603,2,158,3,1,1,1,11,10,21000,11,55000,105000,11,11000,210000
4,16,1603,2,158,4,2,,,,,,,,,,,
4,16,1605,2,180,1,1,2,2,,,,2,,,,,
4,16,1605,2,180,2,1,2,2,,,,2,,,,,
4,16,1605,2,180,3,1,2,1,6,12,11200,1,6000,56000,6,12000,11200
4,16,1605,2,180,4,1,2,2,0,0,0,2,,,,,
4,16,1606,2,590,1,1,2,2,,,,,,,,,
4,16,1606,2,590,2,1,2,2,,,,,,,,,
4,16,1606,2,590,3,1,1,1,11,28,12750,11,13750,63750,11,27500,127500
4,16,1606,2,590,4,1,2,2,,,,,,,,,
4,16,1608,2,1104,1,1,2,2,2,2,,,,,,,
4,16,1608,2,1104,2,1,1,1,11,55,15500,11,2500,52500,11,5000,105000
4,16,1608,2,1104,3,1,1,1,11,55,15500,11,2500,52000,11,5000,105000
4,16,1608,2,1104,4,1,2,2,2,2,,,,,,,
4,16,1609,2,738,1,1,2,2,2,,,,,,,,
4,16,1609,2,738,2,1,2,2,,,,,,,,,
4,16,1609,2,738,3,1,1,1,10,30,13000,10,15000,65000,10,30000,130000
4,16,1609,2,738,4,1,2,2,,,,,,,,,
4,16,1610,2,1006,1,1,2,2,0,,0,0,0,0,0,0,0
4,16,1610,2,1006,2,1,2,2,0,,0,0,0,0,0,0,0
4,16,1610,2,1006,3,1,1,1,11,25,12500,11,12500,62500,0,0,0
4,16,1610,2,1006,4,1,2,2,0,0,0,0,0,0,0,0,0
4,16,1612,2,108,1,2,,,,,,,,,,,
4,16,1612,2,108,2,2,,,,,,,,,,,
4,16,1612,2,108,3,1,1,1,10,50,15000,11,25000,75000,10,50000,150000
4,16,1612,2,108,4,2,,,,,,,,,,,
4,16,1612,2,414,1,1,2,2,,,,2,,,,,
4,16,1612,2,414,2,1,2,2,,,,2,,,,,
4,16,1612,2,414,3,1,1,1,11,5,10500,11,27500,77500,11,55000,155000
4,16,1612,2,414,4,1,2,2,,,,2,,,,,
4,16,1613,2,440,1,1,2,2,0,0,0,0,0,0,0,0,0
4,16,1613,2,440,2,1,2,2,0,0,0,0,0,0,0,0,0
4,16,1613,2,440,3,1,2,1,11,100,1100,11,5000,55000,11,10000,110000
4,16,1613,2,440,4,1,2,2,0,0,0,0,0,0,0,0,0
4,16,1616,2,296,1,1,1,1,12,30,13000,12,15000,65000,12,30000,130000
4,16,1616,2,296,2,1,2,1,12,30,13000,12,15000,65000,12,30000,130000
4,16,1616,2,296,3,1,2,1,12,30,13000,12,15000,65000,12,30000,130000
4,16,1616,2,296,4,1,2,2,,,,,,,,,
4,16,1618,2,1060,1,2,,,,,,,,,,,
4,16,1618,2,1060,2,2,,,,,,,,,,,
4,16,1618,2,1060,3,1,1,1,12,24,12400,12,12000,62000,12,24000,124000
4,16,1618,2,1060,4,2,,,,,,,,,,,
4,16,1620,2,106,1,2,,,,,,,,,,,
4,16,1620,2,106,3,1,1,1,6,12,11200,6,6000,56000,6,12000,112000
4,16,1624,1,136,1,1,2,2,,,,,,,,,
4,16,1624,1,136,2,1,2,2,,,,,,,,,
4,16,1624,1,136,3,1,1,1,11,2,12200,11,11000,61000,11,22000,122000
4,16,1624,1,286,1,1,2,2,,,,,,,,,
4,16,1624,1,286,2,1,1,1,11,28,12750,11,1250,63750,11,2500,127500
4,16,1624,1,286,3,1,2,1,11,28,12750,11,1250,63750,11,2500,127500
4,16,1624,1,286,4,1,2,2,,,,,,,,,
4,16,1625,2,1210,1,1,1,1,11,3,12750,11,2500,77500,11,5000,155000
4,16,1625,2,1210,2,1,2,1,11,3,12750,11,2500,77500,11,5000,155000
4,16,1625,2,1210,3,1,2,1,11,3,12750,11,2500,77500,11,5000,15500
4,16,1625,2,1210,4,1,2,2,0,0,0,0,0,0,0,0,0
4,16,1626,2,1546,1,1,1,1,12,30,46000,12,15000,122000,12,30000,130000
5,3,301,1,1198,2,2,,,,,,,,,,,
5,3,305,2,4,2,,,,,,,,,,,,
5,3,305,2,1542,2,,,,,,,,,,,,
5,3,307,1,634,1,2,,,,,,,,,,,
5,3,307,1,634,2,2,,,,,,,,,,,
5,3,307,1,634,3,2,,,,,,,,,,,
5,3,307,1,634,4,1,1,1,12,40,,,,,,,
5,3,309,2,478,1,2,,,,,,,,,,,
5,3,309,2,478,2,2,,,,,,,,,,,
5,3,309,2,478,3,2,,,,,,,,,,,
5,3,309,2,478,4,2,,,,,,,,,,,
5,3,312,2,20,1,1,2,,,,,,,,,,
5,3,312,2,20,2,2,,,,,,,,,,,
5,3,313,2,70,2,,,,,,,,,,,,
5,3,316,2,874,1,1,2,2,2,,,,,,,,
5,3,316,2,874,2,1,2,2,,,,,,,,,
5,3,316,2,874,3,1,2,2,,,,,,,,,
5,3,316,2,874,4,1,2,2,,,,,,,,,
5,3,318,2,1136,2,2,,,,,,,,,,,
5,3,321,2,364,1,2,,,,,,,,,,,
5,3,321,2,364,2,2,,,,,,,,,,,
5,3,321,2,364,3,1,2,1,10,0,1000,,,,,,
5,3,323,2,580,2,2,,,,,,,,,,,
5,3,326,2,74,2,,,,,,,,,,,,
5,3,329,2,696,1,2,,,,,,,,,,,
5,3,329,2,696,2,,,,,,,,,,,,
5,3,331,1,516,1,1,2,2,,,,,,,,,
5,3,331,1,2322,2,2,,,,,,,,,,,
5,6,601,2,640,1,1,2,2,0,0,0,0,0,0,0,0,0
5,6,601,2,640,2,1,2,2,0,0,0,0,0,0,0,0,0
5,6,601,2,640,3,1,2,1,12,20,2000,12,20,10000,12,20,20000
5,6,601,2,640,4,1,2,2,0,0,0,0,0,0,0,0,0
5,6,602,2,1356,1,1,2,2,0,0,0,0,0,0,0,0,0
5,6,602,2,1356,2,1,2,2,0,0,0,0,0,0,0,0,0
5,6,602,2,1356,3,1,2,1,1,15,1500,1,15,7500,1,15,15000
5,6,602,2,1356,4,1,1,1,1,15,1500,1,15,7500,1,15,15000
5,6,605,2,162,1,1,2,2,0,0,0,0,0,0,0,0,0
5,6,605,2,162,2,1,2,2,0,0,0,0,0,0,0,0,0
5,6,605,2,162,3,1,2,1,1,3,300,1,3,1500,1,3,3000
5,6,605,2,162,4,1,2,2,0,0,0,0,0,0,0,0,0
5,6,606,2,1372,1,1,2,2,0,0,0,0,0,0,0,0,0
5,6,606,2,1372,2,1,2,2,0,0,0,0,0,0,0,0,0
5,6,606,2,1372,3,1,1,1,2,10,1000,2,10,5000,2,10,10000
5,6,606,2,1372,4,1,1,1,1,15,1500,1,15,7500,1,15,15000
5,6,607,2,1892,1,1,2,2,0,0,0,0,0,0,0,0,0
5,6,607,2,1892,2,1,2,2,0,0,0,0,0,0,0,0,0
5,6,607,2,1892,3,1,2,1,3,15,1500,3,15,7500,3,15,15000
5,6,607,2,1892,4,1,1,1,1,50,5000,1,50,25000,1,50,50000
5,6,608,2,748,1,1,2,2,0,0,0,0,0,0,0,0,0
5,6,608,2,748,2,1,2,2,0,0,0,0,0,0,0,0,0
5,6,608,2,748,3,1,2,1,1,10,1000,1,10,5000,1,10,10000
5,6,608,2,748,4,1,2,2,0,0,0,0,0,0,0,0,0
5,9,901,2,398,1,1,,,,,,2,,,,,
5,9,901,2,398,2,1,,,,,,2,,,,,
5,9,901,2,398,3,1,2,1,6,2,12000,6,2,10000,12,2,120000
5,9,901,2,398,4,2,,,,,,,,,,,
5,9,903,2,48,1,2,,,,,,,,,,,
5,9,903,2,48,2,1,,,,,,2,,,,,
5,9,903,2,48,3,1,,,,,,2,,,,,
5,9,903,2,48,4,1,,,,,,2,,,,,
5,9,905,2,978,1,2,,,,,,,,,,,
5,9,905,2,978,2,1,2,1,12,10,11000,,,,,,
5,9,905,2,978,3,1,2,1,12,10,11000,,,,,,
5,9,905,2,978,4,2,,,,,,,,,,,
5,9,907,2,1446,1,1,2,1,12,2,12000,12,2,60000,,,
5,9,907,2,1446,2,,,,,,,,,,,,
5,9,910,2,200,1,2,,,,,,,,,,,
5,9,910,2,200,2,2,,,,,,,,,,,
5,9,910,2,200,3,1,2,1,6,2,12000,,,,,,
5,9,910,2,200,4,2,,,,,,,,,,,
5,9,912,2,102,1,2,,,,,,,,,,,
5,9,912,2,102,2,2,,,,,,,,,,,
5,9,912,2,102,3,2,,,,,,,,,,,
5,9,912,2,102,4,2,,,,,,,,,,,
5,9,913,2,2266,1,2,,,,,,,,,,,
5,9,913,2,2266,2,2,,,,,,,,,,,
5,9,913,2,2266,3,1,2,1,6,100,20000,,,,,,
5,9,913,2,2266,4,2,,,,,,,,,,,
5,9,914,2,1746,1,2,,,,,,,,,,,
5,9,914,2,1746,2,2,,,,,,,,,,,
5,9,914,2,1746,3,1,2,1,10,30,13000,,,,,,
5,9,914,2,1746,4,1,2,1,10,30,13000,,,,,,
5,9,915,1,1390,1,2,,,,,,,,,,,
5,9,915,1,1390,2,2,,,,,,,,,,,
5,9,915,1,1390,3,1,2,1,6,2,12000,6,2,,12,2,20000
5,9,915,1,1390,4,2,,,,,,,,,,,
5,9,916,2,1068,1,1,1,1,6,50,15000,,,,,,
5,9,916,2,1068,2,,,,,,,,,,,,
5,9,918,2,834,1,2,,,,,,,,,,,
5,9,918,2,834,2,2,,,,,,,,,,,
5,9,918,2,834,3,1,2,1,36,30,13000,,,,,,
5,9,918,2,834,4,1,2,1,36,30,13000,,,,,,
5,10,1001,2,172,1,1,1,1,12,27,12700,,,,,,
5,10,1001,2,172,2,1,1,1,12,2,10250,,,,,,
5,10,1001,2,172,3,1,1,1,12,10,11000,,,,,,
5,10,1001,2,172,4,1,1,1,1,10,11000,,,,,,
5,10,1005,1,662,1,1,2,1,12,10,22200,,,,,,
5,10,1005,1,662,2,1,2,2,,,,,,,,,
5,10,1005,2,1374,1,1,1,1,1,,10000,1,,50000,,,
5,10,1005,2,1374,2,1,2,2,,,,,,,,,
5,10,1007,1,1166,1,2,,,,,,,,,,,
5,10,1007,1,1166,2,2,,,,,,,,,,,
5,10,1007,1,1166,3,1,1,1,12,50,15000,,,,,,
5,10,1007,1,1166,4,2,,,,,,,,,,,
5,10,1008,2,1314,2,1,1,1,12,2,10200,0,0,,,,
5,10,1008,2,1314,3,1,1,1,12,2,10200,0,0,,,,
5,10,1008,2,1314,4,1,2,2,0,0,0,0,0,,,,
5,10,1008,2,1718,1,2,,,,,,,,,,,
5,10,1008,2,1718,2,2,,,,,,,,,,,
5,10,1008,2,1718,3,1,1,1,12,20,12000,12,20,55000,0,0,0
5,10,1008,2,1718,4,1,1,1,1,20,12000,1,20,5500,0,0,0
5,10,1010,2,20,1,1,1,1,6,50,40000,1,5,80000,1,5,175000
5,10,1012,2,936,1,2,,,,,,,,,,,
5,10,1012,2,936,2,2,,,,,,,,,,,
5,10,1012,2,936,3,1,1,1,12,10,1100,12,20,60000,0,,
5,10,1012,2,936,4,1,1,1,1,20,12000,0,,,,,
5,10,1014,2,80,1,1,1,1,12,27,12700,0,0,0,0,0,0
5,10,1014,2,80,2,1,1,1,12,15,11500,0,0,0,0,0,0
5,10,1014,2,80,3,1,1,1,12,17,11700,0,0,0,0,0,0
5,10,1014,2,80,4,1,1,1,12,25,12500,0,0,0,0,0,0
5,10,1018,1,634,2,1,2,2,,,,,,,,,
5,10,1018,2,898,1,1,2,1,12,5,16000,1,2500,77500,,,
5,10,1018,2,898,2,1,2,2,,,,,,,,,
5,10,1020,1,38,1,1,2,1,11,10,11000,11,5000,55000,11,10000,110000
5,10,1020,1,38,2,1,2,2,,,,,,,,,
5,10,1021,2,120,1,2,,,,,,,,,,,
5,10,1021,2,120,2,1,1,1,12,10,11000,0,0,0,,,
5,10,1021,2,120,3,1,1,1,12,20,12000,0,0,0,,,
5,10,1021,2,120,4,,,,,,,,,,,,
5,10,1025,2,1774,1,1,2,1,11,20,32000,11,2000,72000,,,
5,10,1025,2,1774,2,1,2,2,,,,,,,,,
5,12,1202,1,2146,1,1,2,1,,,,,,,,,
5,12,1202,1,2710,1,1,1,1,,,,,,,,,
5,12,1202,1,2710,2,1,1,1,,,,,,,,,
5,12,1202,1,2710,3,1,1,1,,,,,,,,,
5,12,1204,2,736,1,1,1,1,,,,,,,,,
5,12,1204,2,736,2,1,1,1,,,,,,,,,
5,12,1204,2,736,3,1,1,1,,,,,,,,,
5,12,1204,2,736,4,1,2,2,,,,,,,,,
5,12,1208,2,526,1,1,1,1,12,15,,,,,,,
5,12,1208,2,526,2,1,2,2,2,,,,,,,,
5,12,1210,2,462,1,1,2,2,,,,,,,,,
5,12,1210,2,462,2,1,2,1,12,2,2200,,,,,,
5,12,1210,2,462,3,1,1,1,,,,,,,,,
5,12,1210,2,462,4,1,2,1,,,,,,,,,
5,12,1211,1,2856,1,1,1,1,18,15,1500,36,15,7500,36,15,15000
5,12,1211,1,2856,2,1,1,1,18,10,1000,24,10,5000,24,10,10000
5,12,1211,1,2856,3,1,1,1,12,20,2000,12,20,10000,12,20,20000
5,12,1211,1,2856,4,1,2,2,2,,,,,,,,
5,12,1214,2,452,1,1,2,2,2,,,,,,,,
5,12,1214,2,452,2,1,2,2,2,,,,,,,,
5,12,1214,2,452,3,1,2,2,2,,,,,,,,
5,12,1214,2,452,4,1,2,2,2,,,,,,,,
5,12,1216,2,618,1,1,2,2,,,,,,,,,
5,12,1216,2,618,2,1,2,2,,,,,,,,,
5,32,3201,2,2034,1,1,1,1,2,22,4400,2,22,22000,5,22,110000
5,32,3201,2,2034,2,1,2,1,4,30,12000,4,30,60000,5,30,150000
5,32,3201,2,2034,3,1,2,1,3,30,9000,4,30,60000,5,30,150000
5,32,3201,2,2034,4,1,2,1,4,30,12000,5,30,75000,5,30,150000
5,32,3202,2,84,1,1,1,1,1,22,2200,3,22,33000,5,22,110000
5,32,3202,2,84,2,1,1,1,1,30,3000,3,30,45000,5,30,150000
5,32,3202,2,84,3,1,1,1,1,30,3000,3,30,45000,5,30,150000
5,32,3202,2,84,4,1,1,1,1,30,3000,3,30,45000,5,30,150000
5,32,3203,2,2644,1,2,,,,,,,,,,,
5,32,3203,2,2644,2,1,2,1,3,50,15000,4,50,100000,4,50,2000
5,32,3203,2,2644,3,1,2,1,3,50,15000,4,50,100000,4,50,2000
5,32,3203,2,2644,4,1,2,1,3,50,15000,4,50,100000,4,50,2000
5,32,3204,1,346,1,,,,,,,,,,,,
5,32,3204,1,346,2,,,,,,,,,,,,
5,32,3204,1,346,3,,,,,,,,,,,,
5,32,3204,1,346,4,1,2,1,4,30,12000,5,30,75000,5,30,150000
5,32,3206,2,276,1,2,,,,,,,,,,,
5,32,3206,2,276,2,2,,,,,,,,,,,
5,32,3206,2,276,3,1,2,1,2,5,1000,2,5,5000,4,5,20000
5,32,3206,2,276,4,1,2,1,4,20,12000,5,30,50000,5,30,80000
5,32,3207,2,1464,1,1,1,1,2,2,4400,4,222,4400,6,22,132000
5,32,3207,2,1464,2,,,,,,,,,,,,
5,32,3207,2,1464,3,,,,,,,,,,,,
5,32,3207,2,1464,4,1,2,1,2,50,10000,4,50,100000,6,50,300000
5,32,3208,2,2244,1,1,1,1,2,22,4400,2,22,22000,3,22,66000
5,32,3208,2,2244,2,1,1,1,2,30,6000,2,30,30000,3,30,90000
5,32,3208,2,2244,3,1,1,1,2,30,6000,2,30,30000,3,30,90000
5,32,3208,2,2244,4,1,1,1,2,30,6000,2,30,30000,3,30,90000
5,32,3209,1,1208,1,1,1,1,1,18,1800,1,18,9000,1,18,18000
5,32,3210,2,1692,1,1,2,2,,,,,,,,,
5,32,3210,2,1692,2,1,2,2,,,,,,,,,
5,32,3210,2,1692,3,1,1,1,1,30,3000,1,30,15000,1,30,30000
5,32,3210,2,1692,4,1,1,1,1,30,3000,1,30,15000,1,30,30000
5,32,3212,2,314,1,2,,,,,,,,,,,
5,32,3212,2,314,2,2,,,,,,,,,,,
5,32,3212,2,314,3,1,1,1,1,20,2000,1,20,10000,1,20,20000
5,32,3212,2,314,4,1,1,1,1,30,3000,1,30,15000,13,30,30000
5,32,3213,2,128,1,1,2,2,,,,,,,,,
5,32,3213,2,128,2,1,2,2,,,,,,,,,
5,32,3213,2,128,3,1,1,1,10,30,3000,10,30,15000,10,30,30000
5,32,3213,2,128,4,1,1,1,1,30,3000,10,30,15000,10,1,30000
5,32,3215,1,1896,1,1,1,1,1,22,2200,1,22,11000,1,22,2200
5,32,3215,1,1896,2,2,,,,,,,,,,,
5,32,3215,1,1896,3,1,1,1,1,5,500,1,5,2500,1,5,5000
5,32,3215,1,1896,4,1,1,1,3,30,9000,5,30,75000,5,30,150000
5,32,3215,1,2978,1,1,2,1,3,5,1500,3,5,7500,3,5,15000
5,32,3215,1,2978,2,,,,,,,,,,,,
5,32,3215,1,4712,1,1,1,1,11,22,2200,2,22,4400,2,22,44000
5,32,3215,1,4712,2,1,1,1,11,10,1000,2,10,2000,2,10,20000
5,32,3215,1,4712,3,1,1,1,11,10,1000,2,10,2000,2,10,20000
5,32,3215,1,4712,4,1,1,1,11,30,3000,2,30,6000,2,30,60
5,32,3216,2,1184,1,1,1,1,3,22,6600,3,22,33000,5,22,11000
5,32,3216,2,1184,2,1,1,1,3,30,9000,3,30,75000,5,30,150000
5,32,3216,2,1184,3,1,1,1,3,30,9000,3,30,75000,5,30,150000
5,32,3216,2,1184,4,1,1,1,3,30,9000,3,30,75000,5,30,150000
5,32,3218,2,296,1,1,,,,,,2,,,,,
5,32,3218,2,296,2,1,,,,,,2,,,,,
5,32,3218,2,296,3,1,1,1,,,,1,,,,,
5,32,3218,2,296,4,1,,,,30,,1,,,,,
5,32,3221,2,132,1,2,,,,,,,,,,,
5,32,3221,2,132,2,1,1,1,1,10,1000,1,10,5000,1,10,10000
5,32,3221,2,132,3,1,1,1,1,10,3000,1,30,15000,1,30,30000
5,32,3221,2,132,4,1,2,2,,,,,,,,,
5,32,3222,1,2780,1,1,1,1,1,50,5000,1,50,25000,1,50,50000
5,32,3223,2,390,1,2,,,,,,,,,,,
5,32,3223,2,390,2,2,,,,,,,,,,,
5,32,3223,2,390,3,1,1,1,1,30,3000,1,30,15000,1,30,30000
5,32,3223,2,390,4,1,1,1,1,30,3000,1,30,15000,1,30,30000
5,32,3223,2,578,1,1,2,2,,,,,,,,,
5,32,3223,2,578,2,1,2,2,,,,,,,,,
5,32,3223,2,578,3,1,1,1,1,30,3000,1,30,15000,1,30,30000
5,32,3223,2,578,4,1,2,2,,,,,,,,,
6,13,1301,1,1206,1,1,1,1,3,2,10660,6,1100,56600,12,2200,126400
6,13,1301,1,1206,2,1,2,1,12,2,12400,12,1000,62000,12,2000,124000
6,13,1301,1,1206,3,1,2,1,12,0,10000,12,1000,62000,12,2000,124000
6,13,1301,1,1206,4,1,2,2,,,,,,,,,
6,13,1303,1,626,1,1,2,2,,,,,,,,,
6,13,1303,1,626,2,1,2,2,,,,,,,,,
6,13,1303,1,626,3,1,2,1,0,6,10000,12,0,50000,12,0,100000
6,13,1303,1,626,4,1,2,2,,,,,,,,,
6,13,1305,1,1232,1,1,2,2,,,,,,,,,
6,13,1305,1,1232,2,1,2,2,,,,,,,,,
6,13,1305,1,1232,3,1,2,1,12,0,10000,12,0,50000,12,0,100000
6,13,1305,1,1232,4,1,2,2,,,,,,,,,
6,13,1307,1,268,1,1,2,2,,,,,,,,,
6,13,1307,1,268,2,1,2,1,12,3,13000,12,15000,65000,12,30000,130000
6,13,1307,1,268,3,1,2,1,12,0,10000,12,0,50000,12,0,100000
6,13,1309,2,674,1,2,,,,,,,,,,,
6,13,1309,2,674,2,1,2,1,3,15,11500,6,7500,57500,12,15000,115000
6,13,1309,2,674,3,1,2,1,12,15,10150,12,750,50750,12,1500,101500
6,13,1309,2,674,4,2,,,,,,,,,,,
6,13,1310,1,1300,3,1,2,1,12,5,16000,12,2500,80000,12,5000,16000
6,13,1314,1,6,1,1,1,1,12,5,16000,12,2500,80000,12,5000,16000
6,13,1314,1,6,2,1,2,1,12,2,12400,12,1000,62000,12,2000,124000
6,13,1314,1,6,3,1,2,1,12,0,10000,12,0,50000,12,0,100000
6,13,1314,1,6,4,1,1,1,12,10,22000,12,5000,110000,12,10000,220000
6,24,2401,1,766,1,1,1,1,1,,,,,,,,
6,24,2403,1,674,2,1,2,2,,,,,,,,,
6,24,2403,1,1588,1,1,1,1,,,,,,,,,
6,24,2403,1,3592,1,1,1,1,,,,,,,,,
6,24,2403,1,7586,2,,,,,,,,,,,,
6,24,2405,1,134,1,1,2,1,6,5,10500,1,5,52500,,,
6,24,2408,1,2074,2,,,,,,,,,,,,
6,24,2412,1,2798,1,1,2,1,6,5,10500,12,5,52500,12,7,107000
6,24,2412,1,2798,2,1,2,2,6,5,10500,12,5,52500,12,5,105000
6,24,2415,1,696,1,1,2,1,6,5,10500,12,5,52500,,,
6,24,2415,1,696,2,,,,,,,,,,,,
6,24,2419,1,330,1,1,1,1,,,,,,,,,
6,27,2701,1,506,1,1,2,1,3,0,10000,0,0,50000,0,0,100000
6,27,2701,1,506,2,1,2,2,0,0,0,0,0,0,0,0,0
6,27,2703,1,1076,1,1,1,1,12,5,10500,12,5,52500,12,5,105000
6,27,2703,1,1076,2,1,2,2,0,0,0,0,0,0,0,0,0
6,27,2703,1,1612,1,1,1,1,12,5,10500,1,5,52500,12,5,105000
6,27,2703,1,1612,2,1,2,2,0,0,0,0,0,0,0,0,0
6,27,2704,2,204,1,1,2,1,0,0,110000,6,0,50000,6,0,100000
6,27,2704,2,204,2,1,2,2,0,0,0,0,0,0,0,0,0
6,27,2707,1,1410,1,1,1,1,12,5,10500,12,5,52500,12,5,105000
6,27,2707,1,1410,2,1,2,2,0,0,0,0,0,0,0,0,0
6,27,2707,1,2136,1,1,1,1,12,5,10500,12,5,52500,12,5,105000
6,27,2707,1,2136,2,1,2,2,0,0,0,0,0,0,0,0,0
6,27,2709,1,1646,1,1,2,1,0,0,10000,6,0,50000,6,0,100000
6,27,2709,1,1646,2,1,2,2,0,0,0,0,0,0,0,0,0
6,27,2711,1,710,1,1,2,1,3,0,10000,6,0,50000,0,0,100000
6,27,2711,1,710,2,1,2,2,0,0,0,0,0,0,0,0,0
6,27,2712,2,110,1,1,1,1,12,2,10200,12,2,51000,12,2,102000
6,27,2712,2,110,2,1,2,2,0,0,0,0,0,0,0,0,0
6,27,2715,2,752,1,1,2,1,3,0,10000,6,0,50000,6,0,100000
6,27,2715,2,752,2,1,2,2,0,0,0,0,0,0,0,0,0
6,27,2719,2,100,1,1,2,1,6,0,10000,6,0,50000,6,0,100000
6,27,2719,2,100,2,1,2,2,0,0,0,0,0,0,0,0,0
6,28,2802,2,566,1,2,,,,,,,,,,,
6,28,2802,2,566,2,1,2,1,12,3,4000,18,1250,6000,18,2500,60000
6,28,2802,2,566,3,1,2,1,1,3,6000,11,1500,30000,1,3000,50000
6,28,2802,2,566,4,1,2,2,,,,,,,,,
6,28,2804,1,340,1,1,1,1,3,75,5000,12,15000,10000,24,50000,40000
6,28,2804,1,340,2,1,1,1,12,60,5000,20,10000,25000,20,10000,50000
6,28,2804,1,340,3,1,2,1,1,4,4000,30,16000,16000,30,3500,60000
6,28,2804,1,340,4,1,2,2,,,,,,,,,
6,28,2806,1,164,1,1,1,1,60,24,2000,12,12000,12,36,84000,20000
6,28,2806,1,164,2,1,2,1,12,100,5000,20,500,20,24,4500,50000
6,28,2806,1,164,3,1,2,1,1,3,6000,1,1650,1,1,3300,40000
6,28,2806,1,164,4,1,1,2,12,100,0,12,50000,0,12,10000,0
6,28,2806,1,802,1,1,1,1,24,48,2000,24,12000,10000,36,24000,20000
6,28,2806,1,802,2,1,2,1,12,10,5000,12,5000,25000,12,10000,50000
6,28,2806,1,802,3,1,2,1,1,4,4000,1,1600,30000,1,4000,5000
6,28,2806,1,802,4,1,1,1,12,100,0,12,50000,0,12,10000,0
6,28,2807,2,1266,1,1,2,2,,,,,,,,,
6,28,2807,2,1266,2,1,2,1,12,10,5000,12,5000,25000,12,10000,50000
6,28,2807,2,1266,3,1,2,1,1,5,6000,1,2500,30000,1,15000,60000
6,28,2807,2,1266,4,1,2,2,,,,,,,,,
6,28,2810,2,2394,1,1,1,2,,,,,,,,,
6,28,2810,2,2394,2,1,2,1,12,5,5000,12,2500,25000,12,5000,60000
6,28,2810,2,2394,3,1,2,1,1,4,5000,1,2000,30000,1,4000,50000
6,28,2810,2,2394,4,2,,,,,,,,,,,
6,28,2811,2,588,1,1,2,2,,,,,,,,,
6,28,2811,2,588,2,1,2,2,,,,,,,,,
6,28,2811,2,588,3,1,2,2,,,,,,,,,
6,28,2811,2,588,4,1,2,2,,,,,,,,,
6,28,2813,2,612,1,1,2,2,,,,,,,,,
6,28,2813,2,612,2,1,2,1,4,5,5000,6,2500,25000,30,5000,50000
6,28,2813,2,612,3,1,2,1,30,3,,1,1500,30000,1,3000,60000
6,28,2813,2,612,4,1,2,2,,,,,,,,,
6,28,2814,1,1876,1,1,2,2,,,,,,,,,
6,28,2814,1,1876,2,1,1,1,12,3,200,12,500,5000,12,2500,40000
6,28,2814,1,1876,3,1,2,2,,,,1,4000,200,1,3000,60000
6,28,2814,1,1876,4,1,2,2,,,,,,,,,
6,28,2815,2,1164,1,1,2,2,,,,,,,,,
6,28,2815,2,1164,2,1,2,2,,,,,,,,,
6,28,2815,2,1164,3,1,2,2,1,4,4000,1,1750,30000,1,3500,60000
6,28,2815,2,1164,4,1,2,2,,,,,,,,,
6,28,2816,1,2302,1,1,2,2,,,,,,,,,
6,28,2816,1,2302,2,1,2,1,12,40,,20,20000,25000,30,40000,
6,28,2816,1,2302,3,1,2,1,1,3,,30,1600,40000,1,30000,
6,28,2816,1,2302,4,1,2,2,,,,,,,,,
6,28,2816,2,3944,1,1,2,2,3,,,,,,,,
6,28,2816,2,3944,2,1,1,1,12,2,,20,2500,,22,2000,
6,28,2816,2,3944,3,1,2,1,1,3,,1,2,,1,3000,
6,28,2816,2,3944,4,1,2,2,1,10,,12,1,,12,10000,
6,29,2902,1,1028,1,2,,,,,,,,,,,
6,29,2902,1,1028,2,1,1,1,10,10,1100,10,5000,5500,10,10000,11000
6,29,2905,1,1096,1,1,2,2,,,,,,,,,
6,29,2905,1,1096,2,1,2,,,,,,,,,,
6,29,2905,1,1096,3,1,2,1,,,,,,,,,
6,29,2905,1,1096,4,1,2,2,,,,,,,,,
6,29,2909,2,220,2,1,2,2,,,,,,,,,
6,29,2909,2,220,3,1,1,1,,,,,,,,,
6,29,2909,2,220,4,1,2,2,,,,,,,,,
6,29,2910,1,350,1,1,1,1,,,,,,,,,
6,29,2910,1,350,2,1,2,2,2,,,,,,,,
6,29,2911,1,746,1,1,2,1,,,,,,,,,
6,29,2911,1,746,2,1,2,2,,,,,,,,,
6,29,2911,2,1870,1,2,,,,,,,,,,,
6,29,2911,2,1870,2,1,,,,,,,,,,,
6,29,2911,2,1870,3,1,2,1,,,,,,,,,
6,29,2911,2,1870,4,2,,,,,,,,,,,
6,29,2914,1,214,1,1,2,1,10,3,1250,10,5000,55000,10,10000,11000
6,29,2914,1,214,2,,,,,,,,,,,,
6,29,2918,1,952,1,1,1,1,12,28,,,,,,,
6,29,2918,1,952,2,1,2,1,12,2,5000,12,300,50300,12,600,50000
6,29,2918,1,952,3,1,2,1,,5,500,,,,,,
6,29,2918,1,952,4,1,2,2,,,,,,,,,
6,29,2920,1,1210,1,1,2,2,,,,,,,,,
6,29,2920,1,1210,2,1,1,1,9,2,5000,12,,25000,12,,50000
6,29,2920,1,1210,3,1,2,1,,,,,,,,,
6,29,2920,1,1210,4,1,1,1,,20,,,10000,,,20000,
6,29,2920,2,1628,1,2,,,,,,,,,,,
6,29,2920,2,1628,2,2,,,,,,,,,,,
6,29,2920,2,1628,3,2,,,,,,,,,,,
6,29,2920,2,1628,4,2,,,,,,,,,,,
6,29,2923,1,396,1,1,1,,,,,,,,,,
6,29,2923,1,396,2,1,2,2,2,,,,,,,,
6,29,2923,2,1126,1,1,2,1,10,10,11000,,,,,,
6,29,2930,1,1418,2,1,2,2,,,,,,,,,
6,29,2930,1,1418,3,1,2,1,,,,,,,,,
6,29,2930,1,1418,4,1,2,1,,,,,,,,,
6,30,3002,1,1264,1,1,1,1,10,10,1000,10,5000,5000,10,10000,10000
6,30,3002,1,1264,2,1,1,1,10,10,1000,10,5000,5000,10,10000,10000
6,30,3002,1,1264,3,1,2,1,,,,,,,,,
6,30,3002,1,1310,1,1,1,1,10,10,1000,10,5000,5000,10,10000,10000
6,30,3002,1,1310,2,1,1,1,10,10,1000,10,5000,5000,10,10000,10000
6,30,3002,1,1310,3,1,2,1,,,,12,,,,,
6,30,3002,1,1310,4,1,2,1,,,,12,,,,,
6,30,3004,2,216,1,1,1,1,10,10,1000,10,5000,5000,10,10000,10000
6,30,3004,2,216,2,1,2,2,,,,,,,,,
6,30,3004,2,216,3,1,2,2,,,,,,,,,
6,30,3004,2,216,4,1,2,1,,,,,,,,,
6,30,3005,1,2870,1,1,1,1,12,12,10300,12,12,60000,12,12,120000
6,30,3005,1,2870,2,1,1,1,10,10,11000,10,10,55000,10,10,10000
6,30,3005,1,2870,3,1,2,1,6,10,15000,1,10,55000,1,10,110000
6,30,3005,1,2870,4,1,1,1,6,30,15000,6,30,65000,6,30,140000
6,30,3005,1,2942,1,2,,,,,,,,,,,
6,30,3005,1,2942,2,1,2,,,,,,,,,,
6,30,3005,1,2942,3,1,2,,,,,,,,,,
6,30,3005,1,2942,4,1,2,,,,,,,,,,
6,30,3007,1,1624,1,1,1,1,3,50,15000,3,50,75000,3,50,150000
6,30,3007,1,1624,2,1,2,2,2,2,2,2,2,2,2,2,2
6,30,3007,1,1624,3,1,2,2,2,2,2,2,2,2,2,2,2
6,30,3007,1,1624,4,1,2,2,2,2,2,2,2,2,2,2,2
6,30,3009,1,764,1,1,2,2,2,,,,,,,,
6,30,3009,1,764,2,1,2,2,2,,,,,,,,
6,30,3009,1,764,3,1,2,2,2,,,,,,,,
6,30,3009,1,764,4,1,2,2,2,,,,,,,,
6,30,3009,1,1642,1,1,1,1,1,120,10120,5,20,60000,12,25,125000
6,30,3009,1,1642,2,1,2,1,11,10,11000,11,10,55000,11,10,110000
6,30,3009,1,1642,3,1,2,1,1,10,11000,0,0,0,0,0,0
6,30,3009,1,1642,4,1,2,2,0,0,0,0,0,0,0,0,0
6,30,3010,1,1762,1,2,,,,,,,,,,,
6,30,3010,1,1762,2,1,1,1,12,10,11000,11,10,55000,11,10,110000
6,30,3010,1,1762,3,1,2,1,1,10,11000,1,10,55000,10,10,110000
6,30,3010,1,1762,4,1,1,1,6,10,,6,20,72000,6,20,156000
6,30,3012,2,334,1,2,,,,,,,,,,,
6,30,3012,2,334,2,2,,,,,,,,,,,
6,30,3012,2,334,3,2,,,,,,,,,,,
6,30,3014,2,120,1,2,,,,,,,,,,,
6,30,3014,2,120,2,2,,,,,,,,,,,
6,30,3014,2,120,3,1,2,1,1,10,11000,1,10,55000,1,10,110000
6,30,3014,2,120,4,2,,,,,,,,,,,
6,30,3015,2,1688,1,1,1,1,10,10,1000,10,5000,5000,10,10000,10000
6,30,3015,2,1688,2,1,2,1,10,10,1000,10,5000,5000,10,10000,10000
6,30,3015,2,1688,3,1,2,2,,,,,,,,,
6,30,3015,2,1688,4,1,2,2,,,,,,,,,
6,30,3016,1,390,1,1,1,1,10,10,1000,10,5000,5000,10,10000,10000
6,30,3016,1,390,2,1,1,1,10,10,1000,10,5000,5000,10,10000,10000
6,30,3016,1,390,3,1,2,2,2,2,2,2,2,2,2,2,2
6,30,3016,1,390,4,1,2,2,2,2,2,2,2,2,2,2,2
6,30,3018,2,914,1,1,2,2,2,0,0,0,0,0,0,,0
6,30,3018,2,914,2,1,2,2,2,0,0,0,0,0,0,0,0
6,30,3018,2,914,3,1,2,2,2,0,0,0,0,0,0,0,0
6,30,3018,2,914,4,1,2,2,2,0,0,0,0,0,0,0,0
6,30,3020,1,322,1,1,1,1,1,4,11000,3,3,57000,6,4,127000
6,30,3020,1,322,2,1,2,1,11,10,15000,11,10,55000,11,10,110000
6,30,3020,1,322,3,1,2,2,,,,,,,,,
6,30,3020,1,322,4,2,,,,,,,,,,,
6,30,3023,2,622,1,1,2,2,,,,,,,,,
6,30,3023,2,622,2,1,2,2,,,,,,,,,
6,30,3023,2,622,3,1,2,1,10,,,,,,,,
6,30,3023,2,622,4,1,2,2,,,,,,,,,
6,30,3024,1,1406,1,2,,,,,,,,,,,
6,30,3024,1,1406,2,2,,,,,,,,,,,
6,30,3024,1,1406,3,1,2,1,1,10,11000,1,10,55000,1,10,110000
6,30,3024,1,1406,4,2,,,,,,,,,,,
6,30,3024,1,1924,1,2,,,,,,,,,,,
6,30,3024,1,1924,2,2,,,,,,,,,,,
6,30,3024,1,1924,3,2,,,,,,,,,,,
6,30,3024,1,1924,4,1,2,2,,,,,,,,,
6,30,3025,1,2052,1,2,,,,,,,,,,,
6,30,3025,1,2052,2,1,2,1,1,3,10300,10,10,55000,10,10,110000
6,30,3025,1,2052,3,1,2,2,1,10,10100,1,10,55000,,,
6,30,3025,1,2052,4,2,,,,,,,,,,,
6,30,3030,1,946,1,1,1,1,10,10,1000,10,5000,5000,10,10000,10000
6,30,3030,1,946,2,1,2,1,10,10,1000,10,5000,5000,10,10000,10000
6,30,3030,1,946,3,1,2,1,10,10,1000,,,,,,
6,30,3030,1,946,4,1,2,2,,,,,,,,,
6,30,3032,2,520,1,1,2,2,,,,,,,,,
6,30,3032,2,520,2,1,2,2,,,,,,,,,
6,30,3032,2,520,3,1,1,1,,,,,,,,,
6,30,3032,2,520,4,1,1,1,,,,,,,,,
6,30,3032,1,1088,1,1,1,1,10,10,1000,10,5000,5000,10,10000,10000
6,30,3032,1,1088,2,1,2,2,,,,,,,,,
6,30,3032,1,1088,3,1,2,1,10,10,1000,10,,,,,
6,30,3032,1,1088,4,1,2,2,,,,,,,,,
6,30,3033,2,554,1,1,2,2,,,,,,,,,
6,30,3033,2,554,2,1,1,1,10,10,1000,10,5000,5000,10,10000,10000
6,30,3033,2,554,3,1,1,1,10,10,1000,10,,,,,
6,30,3033,2,554,4,1,2,2,,,,,,,,,
,,104,,1364,4,2,,,,,,,,,,,
,,110,,76,3,2,,,,,,,,,,,
,,110,,76,4,2,,,,,,,,,,,
,,201,,60,3,2,,,,,,,,,,,
,,201,,60,4,2,,,,,,,,,,,
,,203,,1224,1,2,,,,,,,,,,,
,,203,,1224,3,2,,,,,,,,,,,
,,203,,1224,4,2,,,,,,,,,,,
,,205,,712,3,2,,,,,,,,,,,
,,205,,712,4,2,,,,,,,,,,,
,,207,,1302,1,2,,,,,,,,,,,
,,207,,1302,3,2,,,,,,,,,,,
,,207,,1302,4,2,,,,,,,,,,,
,,209,,1040,1,2,,,,,,,,,,,
,,209,,1040,3,2,,,,,,,,,,,
,,209,,1040,4,2,,,,,,,,,,,
,,210,,1300,1,2,,,,,,,,,,,
,,210,,1300,3,2,,,,,,,,,,,
,,210,,1300,4,2,,,,,,,,,,,
,,212,,956,1,2,,,,,,,,,,,
,,212,,956,3,2,,,,,,,,,,,
,,212,,956,4,2,,,,,,,,,,,
,,214,,898,3,2,,,,,,,,,,,
,,214,,898,4,2,,,,,,,,,,,
,,215,,8,3,2,,,,,,,,,,,
,,215,,8,4,2,,,,,,,,,,,
,,216,,200,3,2,,,,,,,,,,,
,,216,,200,4,2,,,,,,,,,,,
,,218,,1592,1,2,,,,,,,,,,,
,,218,,1592,3,2,,,,,,,,,,,
,,218,,1592,4,2,,,,,,,,,,,
,,221,,18,1,2,,,,,,,,,,,
,,221,,18,3,2,,,,,,,,,,,
,,221,,18,4,2,,,,,,,,,,,
,,301,,1198,1,2,,,,,,,,,,,
,,301,,1198,3,2,,,,,,,,,,,
,,301,,1198,4,2,,,,,,,,,,,
,,305,,4,1,2,,,,,,,,,,,
,,305,,4,3,2,,,,,,,,,,,
,,305,,4,4,2,,,,,,,,,,,
,,305,,1542,1,2,,,,,,,,,,,
,,305,,1542,3,2,,,,,,,,,,,
,,305,,1542,4,2,,,,,,,,,,,
,,312,,20,3,2,,,,,,,,,,,
,,312,,20,4,2,,,,,,,,,,,
,,313,,70,1,2,,,,,,,,,,,
,,313,,70,3,2,,,,,,,,,,,
,,313,,70,4,2,,,,,,,,,,,
,,318,,1136,1,2,,,,,,,,,,,
,,318,,1136,3,2,,,,,,,,,,,
,,318,,1136,4,2,,,,,,,,,,,
,,321,,364,4,2,,,,,,,,,,,
,,323,,580,1,2,,,,,,,,,,,
,,323,,580,3,2,,,,,,,,,,,
,,323,,580,4,2,,,,,,,,,,,
,,326,,74,1,2,,,,,,,,,,,
,,326,,74,3,2,,,,,,,,,,,
,,326,,74,4,2,,,,,,,,,,,
,,329,,696,3,2,,,,,,,,,,,
,,329,,696,4,2,,,,,,,,,,,
,,331,,516,2,2,,,,,,,,,,,
,,331,,516,3,2,,,,,,,,,,,
,,331,,516,4,2,,,,,,,,,,,
,,331,,2322,1,2,,,,,,,,,,,
,,331,,2322,3,2,,,,,,,,,,,
,,331,,2322,4,2,,,,,,,,,,,
,,402,,1080,4,2,,,,,,,,,,,
,,405,,722,4,2,,,,,,,,,,,
,,410,,4036,4,2,,,,,,,,,,,
,,412,,1606,4,2,,,,,,,,,,,
,,414,,2176,4,2,,,,,,,,,,,
,,415,,2108,3,2,,,,,,,,,,,
,,415,,2108,4,2,,,,,,,,,,,
,,416,,616,4,2,,,,,,,,,,,
,,417,,678,4,2,,,,,,,,,,,
,,502,,3878,4,2,,,,,,,,,,,
,,504,,708,2,2,,,,,,,,,,,
,,504,,708,3,2,,,,,,,,,,,
,,504,,708,4,2,,,,,,,,,,,
,,506,,830,3,2,,,,,,,,,,,
,,506,,830,4,2,,,,,,,,,,,
,,508,,984,1,2,,,,,,,,,,,
,,508,,984,2,2,,,,,,,,,,,
,,508,,984,3,2,,,,,,,,,,,
,,510,,1516,4,2,,,,,,,,,,,
,,515,,18,3,2,,,,,,,,,,,
,,515,,18,4,2,,,,,,,,,,,
,,516,,942,3,2,,,,,,,,,,,
,,516,,942,4,2,,,,,,,,,,,
,,702,,632,1,2,,,,,,,,,,,
,,702,,632,2,2,,,,,,,,,,,
,,702,,632,4,2,,,,,,,,,,,
,,707,,560,4,2,,,,,,,,,,,
,,715,,294,1,2,,,,,,,,,,,
,,718,,1640,2,2,,,,,,,,,,,
,,718,,1640,3,2,,,,,,,,,,,
,,718,,1640,4,2,,,,,,,,,,,
,,719,,1612,2,2,,,,,,,,,,,
,,719,,1612,3,2,,,,,,,,,,,
,,719,,1612,4,2,,,,,,,,,,,
,,809,,1748,1,2,,,,,,,,,,,
,,809,,1748,3,2,,,,,,,,,,,
,,809,,1748,4,2,,,,,,,,,,,
,,816,,1270,1,2,,,,,,,,,,,
,,816,,1270,3,2,,,,,,,,,,,
,,816,,1270,4,2,,,,,,,,,,,
,,820,,1030,1,2,,,,,,,,,,,
,,820,,1030,3,2,,,,,,,,,,,
,,820,,1030,4,2,,,,,,,,,,,
,,821,,1448,1,2,,,,,,,,,,,
,,821,,1448,3,2,,,,,,,,,,,
,,821,,1448,4,2,,,,,,,,,,,
,,821,,5062,2,2,,,,,,,,,,,
,,821,,5062,3,2,,,,,,,,,,,
,,821,,5062,4,2,,,,,,,,,,,
,,907,,1446,3,2,,,,,,,,,,,
,,907,,1446,4,2,,,,,,,,,,,
,,916,,1068,3,2,,,,,,,,,,,
,,916,,1068,4,2,,,,,,,,,,,
,,1005,,662,3,2,,,,,,,,,,,
,,1005,,662,4,2,,,,,,,,,,,
,,1005,,1374,3,2,,,,,,,,,,,
,,1005,,1374,4,2,,,,,,,,,,,
,,1008,,1314,1,2,,,,,,,,,,,
,,1010,,20,2,2,,,,,,,,,,,
,,1010,,20,3,2,,,,,,,,,,,
,,1010,,20,4,2,,,,,,,,,,,
,,1018,,634,1,2,,,,,,,,,,,
,,1018,,634,3,2,,,,,,,,,,,
,,1018,,634,4,2,,,,,,,,,,,
,,1018,,898,3,2,,,,,,,,,,,
,,1018,,898,4,2,,,,,,,,,,,
,,1020,,38,3,2,,,,,,,,,,,
,,1020,,38,4,2,,,,,,,,,,,
,,1025,,1774,3,2,,,,,,,,,,,
,,1025,,1774,4,2,,,,,,,,,,,
,,1101,,154,2,2,,,,,,,,,,,
,,1101,,154,3,2,,,,,,,,,,,
,,1101,,154,4,2,,,,,,,,,,,
,,1102,,936,2,2,,,,,,,,,,,
,,1102,,936,3,2,,,,,,,,,,,
,,1102,,936,4,2,,,,,,,,,,,
,,1104,,434,2,2,,,,,,,,,,,
,,1104,,434,3,2,,,,,,,,,,,
,,1104,,434,4,2,,,,,,,,,,,
,,1104,,2028,2,2,,,,,,,,,,,
,,1104,,2028,3,2,,,,,,,,,,,
,,1104,,2028,4,2,,,,,,,,,,,
,,1105,,100,2,2,,,,,,,,,,,
,,1105,,100,3,2,,,,,,,,,,,
,,1105,,100,4,2,,,,,,,,,,,
,,1106,,446,2,2,,,,,,,,,,,
,,1106,,446,3,2,,,,,,,,,,,
,,1106,,446,4,2,,,,,,,,,,,
,,1107,,1034,3,2,,,,,,,,,,,
,,1107,,1034,4,2,,,,,,,,,,,
,,1108,,492,2,2,,,,,,,,,,,
,,1108,,492,3,2,,,,,,,,,,,
,,1108,,492,4,2,,,,,,,,,,,
,,1109,,672,2,2,,,,,,,,,,,
,,1109,,672,3,2,,,,,,,,,,,
,,1109,,672,4,2,,,,,,,,,,,
,,1110,,714,3,2,,,,,,,,,,,
,,1110,,714,4,2,,,,,,,,,,,
,,1110,,2752,3,2,,,,,,,,,,,
,,1110,,2752,4,2,,,,,,,,,,,
,,1112,,78,2,2,,,,,,,,,,,
,,1112,,78,3,2,,,,,,,,,,,
,,1112,,78,4,2,,,,,,,,,,,
,,1113,,954,2,2,,,,,,,,,,,
,,1113,,954,3,2,,,,,,,,,,,
,,1113,,954,4,2,,,,,,,,,,,
,,1202,,2146,2,2,,,,,,,,,,,
,,1202,,2146,3,2,,,,,,,,,,,
,,1202,,2146,4,2,,,,,,,,,,,
,,1202,,2710,4,2,,,,,,,,,,,
,,1208,,526,3,2,,,,,,,,,,,
,,1208,,526,4,2,,,,,,,,,,,
,,1216,,618,3,2,,,,,,,,,,,
,,1216,,618,4,2,,,,,,,,,,,
,,1307,,268,4,2,,,,,,,,,,,
,,1310,,1300,1,2,,,,,,,,,,,
,,1310,,1300,2,2,,,,,,,,,,,
,,1310,,1300,4,2,,,,,,,,,,,
,,1401,,1116,3,2,,,,,,,,,,,
,,1401,,1116,4,2,,,,,,,,,,,
,,1403,,34,1,2,,,,,,,,,,,
,,1403,,34,3,2,,,,,,,,,,,
,,1403,,34,4,2,,,,,,,,,,,
,,1406,,694,3,2,,,,,,,,,,,
,,1406,,694,4,2,,,,,,,,,,,
,,1407,,68,3,2,,,,,,,,,,,
,,1407,,68,4,2,,,,,,,,,,,
,,1408,,1996,3,2,,,,,,,,,,,
,,1408,,1996,4,2,,,,,,,,,,,
,,1410,,236,3,2,,,,,,,,,,,
,,1410,,236,4,2,,,,,,,,,,,
,,1411,,1066,3,2,,,,,,,,,,,
,,1411,,1066,4,2,,,,,,,,,,,
,,1413,,670,4,2,,,,,,,,,,,
,,1413,,2578,3,2,,,,,,,,,,,
,,1413,,2578,4,2,,,,,,,,,,,
,,1415,,156,3,2,,,,,,,,,,,
,,1415,,156,4,2,,,,,,,,,,,
,,1415,,952,3,2,,,,,,,,,,,
,,1415,,952,4,2,,,,,,,,,,,
,,1416,,2314,1,2,,,,,,,,,,,
,,1416,,2314,4,2,,,,,,,,,,,
,,1502,,590,2,2,,,,,,,,,,,
,,1502,,590,3,2,,,,,,,,,,,
,,1502,,590,4,2,,,,,,,,,,,
,,1508,,1682,2,2,,,,,,,,,,,
,,1508,,1682,3,2,,,,,,,,,,,
,,1508,,1682,4,2,,,,,,,,,,,
,,1510,,616,2,2,,,,,,,,,,,
,,1510,,616,3,2,,,,,,,,,,,
,,1510,,616,4,2,,,,,,,,,,,
,,1620,,106,2,2,,,,,,,,,,,
,,1620,,106,4,2,,,,,,,,,,,
,,1624,,136,4,2,,,,,,,,,,,
,,1626,,1546,2,2,,,,,,,,,,,
,,1626,,1546,3,2,,,,,,,,,,,
,,1626,,1546,4,2,,,,,,,,,,,
,,1901,,640,3,2,,,,,,,,,,,
,,1901,,640,4,2,,,,,,,,,,,
,,1902,,52,1,2,,,,,,,,,,,
,,1902,,52,3,2,,,,,,,,,,,
,,1902,,52,4,2,,,,,,,,,,,
,,1910,,808,4,2,,,,,,,,,,,
,,1912,,1510,1,2,,,,,,,,,,,
,,1912,,1510,3,2,,,,,,,,,,,
,,1912,,1510,4,2,,,,,,,,,,,
,,1914,,934,3,2,,,,,,,,,,,
,,1914,,934,4,2,,,,,,,,,,,
,,1916,,1516,2,2,,,,,,,,,,,
,,1916,,1516,3,2,,,,,,,,,,,
,,1916,,1516,4,2,,,,,,,,,,,
,,1921,,842,3,2,,,,,,,,,,,
,,1921,,842,4,2,,,,,,,,,,,
,,1925,,3394,3,2,,,,,,,,,,,
,,1925,,3394,4,2,,,,,,,,,,,
,,1936,,1994,2,2,,,,,,,,,,,
,,1936,,1994,3,2,,,,,,,,,,,
,,1936,,1994,4,2,,,,,,,,,,,
,,1937,,432,2,2,,,,,,,,,,,
,,1937,,432,3,2,,,,,,,,,,,
,,1937,,432,4,2,,,,,,,,,,,
,,1943,,668,3,2,,,,,,,,,,,
,,1943,,668,4,2,,,,,,,,,,,
,,2022,,1130,2,2,,,,,,,,,,,
,,2022,,1130,3,2,,,,,,,,,,,
,,2022,,1130,4,2,,,,,,,,,,,
,,2030,,1050,3,2,,,,,,,,,,,
,,2030,,1050,4,2,,,,,,,,,,,
,,2032,,1772,2,2,,,,,,,,,,,
,,2032,,1772,3,2,,,,,,,,,,,
,,2032,,1772,4,2,,,,,,,,,,,
,,2106,,236,3,2,,,,,,,,,,,
,,2106,,236,4,2,,,,,,,,,,,
,,2109,,38,3,2,,,,,,,,,,,
,,2109,,38,4,2,,,,,,,,,,,
,,2115,,926,1,2,,,,,,,,,,,
,,2115,,926,3,2,,,,,,,,,,,
,,2115,,926,4,2,,,,,,,,,,,
,,2119,,2146,3,2,,,,,,,,,,,
,,2119,,2146,4,2,,,,,,,,,,,
,,2119,,3956,1,2,,,,,,,,,,,
,,2119,,3956,3,2,,,,,,,,,,,
,,2119,,3956,4,2,,,,,,,,,,,
,,2201,,422,1,2,,,,,,,,,,,
,,2201,,422,3,2,,,,,,,,,,,
,,2201,,422,4,2,,,,,,,,,,,
,,2203,,266,2,2,,,,,,,,,,,
,,2203,,266,3,2,,,,,,,,,,,
,,2203,,266,4,2,,,,,,,,,,,
,,2203,,530,2,2,,,,,,,,,,,
,,2203,,530,3,2,,,,,,,,,,,
,,2203,,530,4,2,,,,,,,,,,,
,,2205,,664,3,2,,,,,,,,,,,
,,2205,,664,4,2,,,,,,,,,,,
,,2205,,2432,1,2,,,,,,,,,,,
,,2205,,2432,3,2,,,,,,,,,,,
,,2205,,2432,4,2,,,,,,,,,,,
,,2209,,792,3,2,,,,,,,,,,,
,,2209,,792,4,2,,,,,,,,,,,
,,2211,,594,3,2,,,,,,,,,,,
,,2211,,594,4,2,,,,,,,,,,,
,,2211,,806,2,2,,,,,,,,,,,
,,2211,,806,3,2,,,,,,,,,,,
,,2211,,806,4,2,,,,,,,,,,,
,,2214,,1354,1,2,,,,,,,,,,,
,,2214,,1354,3,2,,,,,,,,,,,
,,2214,,1354,4,2,,,,,,,,,,,
,,2216,,428,3,2,,,,,,,,,,,
,,2216,,428,4,2,,,,,,,,,,,
,,2218,,596,3,2,,,,,,,,,,,
,,2218,,596,4,2,,,,,,,,,,,
,,2220,,1296,2,2,,,,,,,,,,,
,,2220,,1296,3,2,,,,,,,,,,,
,,2220,,1296,4,2,,,,,,,,,,,
,,2401,,766,2,2,,,,,,,,,,,
,,2401,,766,3,2,,,,,,,,,,,
,,2401,,766,4,2,,,,,,,,,,,
,,2403,,674,1,2,,,,,,,,,,,
,,2403,,674,3,2,,,,,,,,,,,
,,2403,,674,4,2,,,,,,,,,,,
,,2403,,1588,2,2,,,,,,,,,,,
,,2403,,1588,3,2,,,,,,,,,,,
,,2403,,1588,4,2,,,,,,,,,,,
,,2403,,3592,2,2,,,,,,,,,,,
,,2403,,3592,3,2,,,,,,,,,,,
,,2403,,3592,4,2,,,,,,,,,,,
,,2403,,7586,1,2,,,,,,,,,,,
,,2403,,7586,3,2,,,,,,,,,,,
,,2403,,7586,4,2,,,,,,,,,,,
,,2405,,134,2,2,,,,,,,,,,,
,,2405,,134,3,2,,,,,,,,,,,
,,2405,,134,4,2,,,,,,,,,,,
,,2408,,2074,1,2,,,,,,,,,,,
,,2408,,2074,3,2,,,,,,,,,,,
,,2408,,2074,4,2,,,,,,,,,,,
,,2412,,2798,3,2,,,,,,,,,,,
,,2412,,2798,4,2,,,,,,,,,,,
,,2415,,696,3,2,,,,,,,,,,,
,,2415,,696,4,2,,,,,,,,,,,
,,2419,,330,2,2,,,,,,,,,,,
,,2419,,330,3,2,,,,,,,,,,,
,,2419,,330,4,2,,,,,,,,,,,
,,2508,,2788,4,2,,,,,,,,,,,
,,2513,,128,4,2,,,,,,,,,,,
,,2601,,822,3,2,,,,,,,,,,,
,,2601,,822,4,2,,,,,,,,,,,
,,2605,,594,4,2,,,,,,,,,,,
,,2606,,516,3,2,,,,,,,,,,,
,,2606,,516,4,2,,,,,,,,,,,
,,2611,,424,3,2,,,,,,,,,,,
,,2611,,424,4,2,,,,,,,,,,,
,,2613,,1462,3,2,,,,,,,,,,,
,,2613,,1462,4,2,,,,,,,,,,,
,,2615,,2178,1,2,,,,,,,,,,,
,,2615,,2178,3,2,,,,,,,,,,,
,,2615,,2178,4,2,,,,,,,,,,,
,,2615,,2196,1,2,,,,,,,,,,,
,,2615,,2196,3,2,,,,,,,,,,,
,,2615,,2196,4,2,,,,,,,,,,,
,,2618,,494,3,2,,,,,,,,,,,
,,2618,,494,4,2,,,,,,,,,,,
,,2618,,1276,3,2,,,,,,,,,,,
,,2618,,1276,4,2,,,,,,,,,,,
,,2621,,100,1,2,,,,,,,,,,,
,,2621,,100,3,2,,,,,,,,,,,
,,2621,,100,4,2,,,,,,,,,,,
,,2621,,940,1,2,,,,,,,,,,,
,,2621,,940,3,2,,,,,,,,,,,
,,2621,,940,4,2,,,,,,,,,,,
,,2623,,1688,4,2,,,,,,,,,,,
,,2701,,506,3,2,,,,,,,,,,,
,,2701,,506,4,2,,,,,,,,,,,
,,2703,,1076,3,2,,,,,,,,,,,
,,2703,,1076,4,2,,,,,,,,,,,
,,2703,,1612,3,2,,,,,,,,,,,
,,2703,,1612,4,2,,,,,,,,,,,
,,2704,,204,3,2,,,,,,,,,,,
,,2704,,204,4,2,,,,,,,,,,,
,,2707,,1410,3,2,,,,,,,,,,,
,,2707,,1410,4,2,,,,,,,,,,,
,,2707,,2136,3,2,,,,,,,,,,,
,,2707,,2136,4,2,,,,,,,,,,,
,,2709,,1646,3,2,,,,,,,,,,,
,,2709,,1646,4,2,,,,,,,,,,,
,,2711,,710,3,2,,,,,,,,,,,
,,2711,,710,4,2,,,,,,,,,,,
,,2712,,110,3,2,,,,,,,,,,,
,,2712,,110,4,2,,,,,,,,,,,
,,2715,,752,3,2,,,,,,,,,,,
,,2715,,752,4,2,,,,,,,,,,,
,,2719,,100,3,2,,,,,,,,,,,
,,2719,,100,4,2,,,,,,,,,,,
,,2902,,1028,3,2,,,,,,,,,,,
,,2902,,1028,4,2,,,,,,,,,,,
,,2909,,220,1,2,,,,,,,,,,,
,,2910,,350,3,2,,,,,,,,,,,
,,2910,,350,4,2,,,,,,,,,,,
,,2911,,746,3,2,,,,,,,,,,,
,,2911,,746,4,2,,,,,,,,,,,
,,2914,,214,3,2,,,,,,,,,,,
,,2914,,214,4,2,,,,,,,,,,,
,,2923,,396,3,2,,,,,,,,,,,
,,2923,,396,4,2,,,,,,,,,,,
,,2923,,1126,2,2,,,,,,,,,,,
,,2923,,1126,3,2,,,,,,,,,,,
,,2923,,1126,4,2,,,,,,,,,,,
,,2930,,1418,1,2,,,,,,,,,,,
,,3002,,1264,4,2,,,,,,,,,,,
,,3012,,334,4,2,,,,,,,,,,,
,,3101,,604,1,2,,,,,,,,,,,
,,3107,,724,2,2,,,,,,,,,,,
,,3107,,724,3,2,,,,,,,,,,,
,,3107,,724,4,2,,,,,,,,,,,
,,3116,,1344,1,2,,,,,,,,,,,
,,3116,,1344,2,2,,,,,,,,,,,
,,3116,,1344,4,2,,,,,,,,,,,
,,3209,,1208,2,2,,,,,,,,,,,
,,3209,,1208,3,2,,,,,,,,,,,
,,3209,,1208,4,2,,,,,,,,,,,
,,3215,,2978,3,2,,,,,,,,,,,
,,3215,,2978,4,2,,,,,,,,,,,
,,3222,,2780,2,2,,,,,,,,,,,
,,3222,,2780,3,2,,,,,,,,,,,
,,3222,,2780,4,2,,,,,,,,,,,
,,3405,,456,2,2,,,,,,,,,,,
,,3405,,456,3,2,,,,,,,,,,,
,,3405,,456,4,2,,,,,,,,,,,
,,3405,,1704,1,2,,,,,,,,,,,
,,3405,,1704,3,2,,,,,,,,,,,
,,3405,,1704,4,2,,,,,,,,,,,
,,3408,,872,1,2,,,,,,,,,,,
,,3408,,872,3,2,,,,,,,,,,,
,,3408,,872,4,2,,,,,,,,,,,
,,3412,,156,1,2,,,,,,,,,,,
,,3412,,156,3,2,,,,,,,,,,,
,,3412,,156,4,2,,,,,,,,,,,
,,3413,,264,1,2,,,,,,,,,,,
,,3413,,264,3,2,,,,,,,,,,,
,,3413,,264,4,2,,,,,,,,,,,
,,3503,,56,4,2,,,,,,,,,,,
,,3504,,1288,4,2,,,,,,,,,,,
,,3509,,1312,4,2,,,,,,,,,,,
,,3509,,2276,3,2,,,,,,,,,,,
,,3509,,2276,4,2,,,,,,,,,,,
,,3702,,972,4,2,,,,,,,,,,,
