"zone","state","lga","sector","ea","pid","sc1q3","sc1q4","sc1q5a","sc1q5b","sc1q6","sc1q7"
1,7,701,2,606,1,1,,1,,85,0
1,7,701,2,606,2,1,,11,,45,26
1,7,701,2,606,3,2,,8,,10,25
1,7,701,2,606,4,1,,11,,40,26
1,7,701,2,606,5,1,,9,,25,26
1,7,702,2,632,1,1,,1,,99,0
1,7,702,2,632,2,1,,11,,46,31
1,7,702,2,632,3,1,,9,,26,41
1,7,702,2,632,4,1,,9,,37,26
1,7,702,2,632,5,1,,8,,40,31
1,7,705,2,4186,1,1,,1,1,46,26
1,7,705,2,4186,2,2,,2,2,29,0
1,7,705,2,4186,3,1,,11,,49,26
1,7,705,2,4186,4,1,,8,8,25,16
1,7,705,2,4186,5,1,,11,,41,23
1,7,707,2,560,1,1,,1,1,65,0
1,7,707,2,560,2,2,,2,1,15,16
1,7,707,2,560,3,1,,4,4,45,34
1,7,707,2,560,4,1,,3,3,50,16
1,7,707,2,560,5,1,,11,11,20,16
1,7,708,2,754,1,1,,1,,40,0
1,7,708,2,754,2,1,,8,,65,0
1,7,708,2,754,3,2,,2,,25,15
1,7,708,2,754,4,1,,3,,45,16
1,7,708,2,754,5,1,,5,,30,34
1,7,709,2,1226,1,1,,1,1,65,16
1,7,709,2,1226,2,2,,2,2,33,0
1,7,709,2,1226,3,1,,5,5,9,34
1,7,709,2,1226,4,1,,11,11,60,0
1,7,709,2,1226,5,1,,7,7,1,41
1,7,710,2,2726,1,1,,1,1,50,13
1,7,710,2,2726,2,1,,8,8,10,23
1,7,710,2,2726,3,1,,11,11,26,26
1,7,710,2,2726,4,2,,8,8,11,15
1,7,710,2,2726,5,1,,5,4,4,41
1,7,711,2,2532,1,1,,1,1,80,0
1,7,711,2,2532,2,2,,9,9,40,0
1,7,711,2,2532,3,1,,4,4,54,42
1,7,711,2,2532,4,1,,8,8,34,26
1,7,711,2,2532,5,1,,11,11,50,32
1,7,713,2,304,1,1,,1,,59,0
1,7,713,2,304,2,1,,11,,40,16
1,7,713,2,304,3,1,,11,,30,34
1,7,713,2,304,4,2,,2,,40,0
1,7,713,2,304,5,2,,8,,48,0
1,7,715,1,294,1,1,,1,,40,13
1,7,715,1,294,2,1,,3,,50,16
1,7,715,1,294,3,1,,5,,50,16
1,7,715,1,294,4,2,,8,,50,43
1,7,715,1,294,5,1,,9,,30,26
1,7,715,2,780,1,1,,1,,70,0
1,7,715,2,780,2,1,,3,,40,0
1,7,715,2,780,3,1,,,,40,16
1,7,715,2,780,4,2,,8,,50,0
1,7,715,2,780,5,1,,,,39,0
1,7,717,2,1248,1,1,,1,,90,0
1,7,717,2,1248,2,1,,3,,50,16
1,7,717,2,1248,3,1,,11,,27,34
1,7,717,2,1248,4,2,,2,,45,0
1,7,717,2,1248,5,1,,9,,35,43
1,7,718,2,1640,1,1,,1,,43,26
1,7,718,2,1640,2,1,,3,,33,26
1,7,718,2,1640,3,1,,10,,35,26
1,7,718,2,1640,4,2,,2,,32,16
1,7,718,2,1640,5,1,,8,,49,26
1,7,719,1,1612,1,1,,1,,34,41
1,7,719,1,1612,2,1,,8,,36,26
1,7,719,1,1612,3,1,,9,,50,26
1,7,719,1,1612,4,1,,6,,33,16
1,7,719,1,1612,5,2,,2,,26,26
1,7,722,2,234,1,1,,1,1,65,13
1,7,722,2,234,2,2,,2,2,9,21
1,7,722,2,234,3,1,,5,5,49,34
1,7,722,2,234,4,1,,11,11,65,14
1,7,722,2,234,5,1,,11,11,54,16
1,7,722,2,892,1,1,,1,1,65,13
1,7,722,2,892,2,2,,2,2,40,0
1,7,722,2,892,3,1,,7,7,3,41
1,7,722,2,892,4,1,,11,11,29,25
1,7,722,2,892,5,1,,11,11,50,13
1,22,2201,2,422,1,1,,11,,10,16
1,22,2201,2,422,2,1,,11,,25,16
1,22,2201,2,422,3,1,,11,,20,26
1,22,2201,2,422,4,2,,8,,30,0
1,22,2201,2,422,5,,,,,,
1,22,2203,2,266,1,1,,10,,26,16
1,22,2203,2,266,2,1,,11,,20,42
1,22,2203,2,266,3,1,,9,,80,0
1,22,2203,2,266,4,1,,11,,50,0
1,22,2203,2,266,5,2,,11,,38,0
1,22,2203,2,530,1,1,,1,,70,14
1,22,2203,2,530,2,1,,3,,20,16
1,22,2203,2,530,3,1,,11,,55,15
1,22,2203,2,530,4,1,,11,,30,
1,22,2203,2,530,5,2,,11,,40,0
1,22,2205,2,664,1,1,,1,,45,0
1,22,2205,2,664,2,1,,1,,30,13
1,22,2205,2,664,3,2,,5,,20,32
1,22,2205,2,664,4,1,,7,,2,41
1,22,2205,2,664,5,1,,11,,32,16
1,22,2205,2,2432,1,1,,1,,82,16
1,22,2205,2,2432,2,1,,3,,20,16
1,22,2205,2,2432,3,1,,11,,66,32
1,22,2205,2,2432,4,1,,11,,19,16
1,22,2205,2,2432,5,1,,4,,31,32
1,22,2209,1,792,1,1,,1,,80,11
1,22,2209,1,792,2,1,,3,,63,41
1,22,2209,1,792,3,1,,8,,70,16
1,22,2209,1,792,4,2,,11,,50,42
1,22,2209,1,792,5,1,,3,,53,42
1,22,2211,2,594,1,1,,1,1,60,0
1,22,2211,2,594,2,2,,8,8,30,0
1,22,2211,2,594,3,1,,5,5,40,26
1,22,2211,2,594,4,1,,11,11,33,34
1,22,2211,2,594,5,2,,7,7,2,26
1,22,2211,1,806,1,1,,1,,50,0
1,22,2211,1,806,2,1,,11,,40,14
1,22,2211,1,806,3,2,,11,,82,0
1,22,2211,1,806,4,1,,11,,30,0
1,22,2211,1,806,5,1,,5,,30,41
1,22,2214,2,1354,1,1,,11,,54,34
1,22,2214,2,1354,2,1,,1,,65,0
1,22,2214,2,1354,3,1,,1,,30,0
1,22,2214,2,1354,4,1,,11,,60,0
1,22,2214,2,1354,5,2,,8,,20,15
1,22,2216,1,428,1,1,,1,,60,0
1,22,2216,1,428,2,1,,8,11,35,26
1,22,2216,1,428,3,1,,8,11,30,32
1,22,2216,1,428,4,2,,11,,29,26
1,22,2216,1,428,5,2,,8,,35,34
1,22,2218,2,596,1,1,,11,,50,32
1,22,2218,2,596,2,1,,4,,40,32
1,22,2218,2,596,3,1,,11,,25,26
1,22,2218,2,596,4,1,,3,,30,26
1,22,2218,2,596,5,2,,11,,20,25
1,22,2220,1,1296,1,1,,11,,20,41
1,22,2220,1,1296,2,1,,3,,25,32
1,22,2220,1,1296,3,1,,3,,30,43
1,22,2220,1,1296,4,1,,10,,5,23
1,22,2220,1,1296,5,2,,11,5,15,43
1,23,2302,2,1982,1,1,,3,11,75,34
1,23,2302,2,1982,2,1,,9,11,64,34
1,23,2302,2,1982,3,1,,5,11,78,26
1,23,2302,2,1982,4,1,,8,,51,34
1,23,2302,2,1982,5,1,,11,,35,43
1,23,2303,2,2348,1,1,,1,,92,0
1,23,2303,2,2348,2,1,,3,,90,51
1,23,2303,2,2348,3,1,,4,,43,42
1,23,2303,2,2348,4,1,,7,,10,34
1,23,2303,2,2348,5,2,,8,,47,0
1,23,2303,2,2348,6,1,,7,,13,41
1,23,2303,2,2348,7,1,,9,,70,51
1,23,2304,2,322,1,1,,1,,67,43
1,23,2304,2,322,2,1,,9,,74,16
1,23,2304,2,322,3,1,,11,,74,16
1,23,2304,2,322,4,2,,8,,70,0
1,23,2304,2,322,5,2,,5,,51,42
1,23,2304,2,322,6,2,,2,,53,34
1,23,2306,1,970,1,1,,1,,28,28
1,23,2306,1,970,2,1,,8,,25,0
1,23,2306,1,970,3,1,,5,,24,34
1,23,2306,1,970,4,2,,11,,18,41
1,23,2306,1,970,5,2,,8,,14,26
1,23,2307,1,78,1,1,,1,,28,16
1,23,2307,1,78,2,1,,8,,19,26
1,23,2307,1,78,3,1,,9,,22,34
1,23,2307,1,78,4,1,,3,,10,26
1,23,2307,1,78,5,2,,8,,21,16
1,23,2307,1,2316,1,1,,1,,78,16
1,23,2307,1,2316,2,1,,3,,53,43
1,23,2307,1,2316,3,1,,11,,47,34
1,23,2307,1,2316,4,1,,11,,42,41
1,23,2307,1,2316,5,2,,8,,24,26
1,23,2308,1,556,1,1,,1,,68,51
1,23,2308,1,556,2,2,,8,,59,0
1,23,2308,1,556,3,1,,9,,34,41
1,23,2308,1,556,4,1,,5,,28,26
1,23,2308,1,556,5,1,,11,,22,26
1,23,2308,1,5180,1,1,,1,,85,51
1,23,2308,1,5180,2,1,,11,,35,26
1,23,2308,1,5180,3,2,,8,,65,0
1,23,2308,1,5180,4,1,,9,,70,51
1,23,2308,1,5180,5,1,,3,,27,26
1,23,2309,2,998,1,1,,1,,35,0
1,23,2309,2,998,2,1,,8,,15,0
1,23,2309,2,998,3,2,,8,,28,0
1,23,2309,2,998,4,2,,8,,30,0
1,23,2309,2,998,5,2,,11,,10,34
1,23,2309,2,998,6,1,,3,,20,0
1,23,2309,2,998,7,1,,8,,28,0
1,23,2315,2,924,1,1,,1,,92,0
1,23,2315,2,924,2,1,,3,,68,41
1,23,2315,2,924,3,2,,8,,48,0
1,23,2315,2,924,4,1,,8,,69,42
1,23,2315,2,924,5,1,,10,,1,16
1,23,2315,2,924,6,1,,9,,85,51
1,23,2316,1,140,1,1,,1,,68,41
1,23,2316,1,140,2,1,,9,,70,51
1,23,2316,1,140,3,1,,11,,74,51
1,23,2316,1,140,4,1,,9,,69,51
1,23,2316,1,140,5,1,,11,,73,0
1,23,2316,1,140,6,2,,8,,67,0
1,23,2316,1,140,7,1,,5,,85,52
1,23,2316,1,140,8,1,,8,,68,52
1,23,2316,1,140,9,1,,3,,63,16
1,25,2502,2,728,1,1,,1,,27,51
1,25,2502,2,728,2,1,,11,,27,51
1,25,2502,2,728,3,1,,11,,27,51
1,25,2502,2,728,4,1,,11,,27,51
1,25,2502,2,728,5,1,,11,,28,51
1,25,2504,2,222,1,1,,1,,46,41
1,25,2504,2,222,2,1,,3,,56,31
1,25,2504,2,222,3,1,,8,,40,0
1,25,2504,2,222,4,1,,9,,5,41
1,25,2504,2,222,5,1,,11,,38,41
1,25,2504,2,222,6,1,,7,,43,41
1,25,2507,2,814,1,1,,1,,90,0
1,25,2507,2,814,2,1,,2,,64,0
1,25,2507,2,814,3,1,,11,,45,26
1,25,2507,2,814,4,1,,5,,30,26
1,25,2507,2,814,5,2,,8,,60,0
1,25,2508,1,2788,1,1,,1,,40,43
1,25,2508,1,2788,2,2,,2,,25,0
1,25,2508,1,2788,3,1,,11,,2,0
1,25,2508,1,2788,4,1,,8,,5,51
1,25,2509,2,248,1,1,,1,,58,16
1,25,2509,2,248,2,1,,2,,30,24
1,25,2509,2,248,3,1,,11,,40,0
1,25,2509,2,248,4,1,,11,,50,0
1,25,2509,2,248,5,1,,11,,35,34
1,25,2511,2,1424,1,1,,1,,70,0
1,25,2511,2,1424,2,1,,3,,25,26
1,25,2511,2,1424,3,1,,7,,35,41
1,25,2511,2,1424,4,1,,5,,36,34
1,25,2511,2,1424,5,1,,9,,5,41
1,25,2513,2,128,1,1,,1,,20,31
1,25,2513,2,128,2,1,,2,,57,16
1,25,2513,2,128,3,1,,5,,56,31
1,25,2513,2,128,4,1,,8,,37,26
1,25,2513,2,128,5,1,,11,,56,0
1,25,2513,2,128,6,1,,11,,53,26
1,26,2601,2,822,1,1,,1,,65,51
1,26,2601,2,822,2,1,,5,,41,34
1,26,2601,2,822,3,1,,4,,52,34
1,26,2601,2,822,4,1,,3,,45,51
1,26,2601,2,822,5,1,,3,,62,51
1,26,2603,1,658,1,1,,1,,50,
1,26,2603,1,658,2,1,,5,,40,
1,26,2603,1,658,3,1,,,,,
1,26,2603,1,658,4,1,,5,,30,
1,26,2603,1,658,5,1,,11,,50,
1,26,2603,1,1786,1,1,,1,,67,42
1,26,2603,1,1786,2,1,,5,,39,42
1,26,2603,1,1786,3,1,,5,,40,42
1,26,2603,1,1786,4,1,,11,,25,41
1,26,2603,1,1786,5,1,,11,,28,42
1,26,2605,2,594,1,1,,1,,75,0
1,26,2605,2,594,2,1,,6,,35,41
1,26,2605,2,594,3,1,,11,,35,26
1,26,2605,2,594,4,1,,11,,33,26
1,26,2606,1,516,1,1,,1,,65,16
1,26,2606,1,516,2,1,,8,,44,42
1,26,2606,1,516,3,1,,3,,76,0
1,26,2606,1,516,4,1,,11,,85,0
1,26,2606,1,516,5,1,,8,,25,32
1,26,2606,1,516,6,2,,11,,25,16
1,26,2608,2,820,1,1,,1,,70,28
1,26,2608,2,820,2,2,,5,,45,23
1,26,2608,2,820,3,1,,6,,67,51
1,26,2608,2,820,4,1,,10,,35,23
1,26,2608,2,820,5,1,,8,,35,43
1,26,2608,2,820,6,1,,8,,70,51
1,26,2608,2,820,7,1,,8,,35,43
1,26,2611,2,424,1,1,,1,,68,51
1,26,2611,2,424,2,1,,11,,45,51
1,26,2611,2,424,3,1,,11,,22,26
1,26,2611,2,424,4,1,,9,,54,51
1,26,2611,2,424,5,1,,11,,61,51
1,26,2611,2,424,6,1,,8,,42,51
1,26,2613,2,1462,1,1,,1,,60,0
1,26,2613,2,1462,2,1,,7,,50,16
1,26,2613,2,1462,3,2,,5,,35,34
1,26,2613,2,1462,4,2,,8,,55,0
1,26,2613,2,1462,5,1,,11,,50,16
1,26,2613,2,1462,6,1,,9,,46,41
1,26,2613,2,2248,1,1,,1,,69,
1,26,2613,2,2248,2,1,,11,,60,
1,26,2613,2,2248,3,1,,11,,59,
1,26,2613,2,2248,4,1,,4,,32,32
1,26,2613,2,2248,5,1,,6,,35,41
1,26,2613,2,2248,6,1,,11,,70,
1,26,2615,2,2178,1,1,,1,,78,51
1,26,2615,2,2178,2,1,,1,,80,51
1,26,2615,2,2178,3,1,,1,,65,51
1,26,2615,2,2178,4,1,,11,,10,51
1,26,2615,2,2178,5,1,,9,,50,51
1,26,2615,2,2178,6,1,,1,,49,51
1,26,2615,2,2178,7,1,,8,,85,51
1,26,2615,2,2196,1,1,,1,,30,51
1,26,2615,2,2196,2,1,,11,,30,51
1,26,2615,2,2196,3,1,,11,,29,51
1,26,2615,2,2196,4,1,,11,,20,51
1,26,2615,2,2196,5,1,,11,,30,0
1,26,2615,2,2196,6,1,,11,,20,0
1,26,2615,2,2196,7,1,,11,,15,51
1,26,2615,2,2196,8,1,,11,,29,51
1,26,2615,2,2196,9,1,,11,,15,51
1,26,2616,2,254,1,1,,1,,65,51
1,26,2616,2,254,2,1,,3,,60,51
1,26,2616,2,254,3,1,,3,,40,34
1,26,2616,2,254,4,1,,3,,70,51
1,26,2616,2,254,5,1,,,,60,51
1,26,2616,2,254,6,1,,11,,39,41
1,26,2618,2,494,1,1,,3,,65,0
1,26,2618,2,494,2,1,,9,,31,16
1,26,2618,2,494,3,1,,8,,20,16
1,26,2618,2,494,4,2,,8,,21,22
1,26,2618,2,494,5,1,,11,,35,0
1,26,2618,2,1276,1,1,,11,,35,16
1,26,2618,2,1276,2,1,,7,,41,26
1,26,2618,2,1276,3,1,,3,,30,32
1,26,2618,2,1276,4,2,,8,,67,0
1,26,2618,2,1276,5,2,,1,,64,0
1,26,2621,2,100,1,1,,1,,63,51
1,26,2621,2,100,2,1,,1,,60,51
1,26,2621,2,100,3,1,,1,,63,51
1,26,2621,2,100,4,1,,1,,52,51
1,26,2621,2,100,5,1,,1,,55,51
1,26,2621,2,100,6,1,,1,,33,51
1,26,2621,1,940,1,1,,1,,40,34
1,26,2621,1,940,2,1,,11,,60,28
1,26,2621,1,940,3,1,,8,,30,26
1,26,2621,1,940,4,1,,8,,45,28
1,26,2621,1,940,5,1,,1,,68,0
1,26,2621,1,940,6,1,,11,,60,28
1,26,2623,2,1688,1,1,,1,,47,51
1,26,2623,2,1688,2,1,,3,,25,51
1,26,2623,2,1688,3,1,,8,,40,51
1,26,2623,2,1688,4,1,,11,,75,51
1,26,2623,2,1688,5,1,,8,,15,51
1,26,2623,2,1688,6,1,,8,,35,16
1,26,2623,2,1688,7,2,,8,,20,23
1,26,2625,2,926,1,1,,1,,60,51
1,26,2625,2,926,2,1,,2,,57,51
1,26,2625,2,926,3,1,,2,,60,33
1,26,2625,2,926,4,1,,9,,55,51
1,31,3101,2,604,1,1,,1,,29,0
1,31,3101,2,604,2,1,,10,,5,23
1,31,3101,2,604,3,2,,9,,23,23
1,31,3101,2,604,4,1,,11,,36,32
1,31,3101,2,604,5,1,,11,,58,16
1,31,3101,2,604,6,2,,8,,5,41
1,31,3103,2,874,1,1,,1,,28,0
1,31,3103,2,874,2,1,,11,,5,23
1,31,3103,2,874,3,1,,8,,27,23
1,31,3103,2,874,4,1,,9,,2,41
1,31,3103,2,874,5,2,,11,,26,0
1,31,3103,2,874,6,1,,5,,10,23
1,31,3105,1,2914,1,1,,1,,51,0
1,31,3105,1,2914,2,1,,8,,11,41
1,31,3105,1,2914,3,1,,8,,66,0
1,31,3105,1,2914,4,1,,9,,40,14
1,31,3105,1,2914,5,1,,3,,49,0
1,31,3105,1,2914,6,1,,3,,17,14
1,31,3105,1,2914,7,1,,10,,19,41
1,31,3105,1,2914,8,1,,3,,48,0
1,31,3107,1,724,1,1,,1,,15,15
1,31,3107,1,724,2,1,,5,,10,42
1,31,3107,1,724,3,2,,8,,25,0
1,31,3107,1,724,4,1,,3,,7,41
1,31,3107,1,724,5,1,,11,,29,34
1,31,3107,2,1092,1,1,,1,,41,15
1,31,3107,2,1092,2,1,,4,,45,32
1,31,3107,2,1092,3,2,,8,,15,32
1,31,3107,2,1092,4,1,,5,,28,32
1,31,3107,2,1092,5,1,,11,,30,41
1,31,3107,2,1092,6,1,,11,,30,31
1,31,3109,2,1026,1,1,,1,,40,23
1,31,3109,2,1026,2,1,,9,,35,0
1,31,3109,2,1026,3,1,,5,,28,23
1,31,3109,2,1026,4,1,,11,,20,23
1,31,3109,2,1026,5,1,,8,,35,0
1,31,3111,2,2966,1,1,,1,,58,0
1,31,3111,2,2966,2,1,,2,,59,0
1,31,3111,2,2966,3,1,,11,,37,0
1,31,3111,2,2966,4,2,,11,,22,21
1,31,3111,2,2966,5,1,,9,,25,16
1,31,3112,2,350,1,1,,1,,75,13
1,31,3112,2,350,2,1,,3,,35,14
1,31,3112,2,350,3,2,,8,,30,14
1,31,3112,2,350,4,1,,11,,32,0
1,31,3112,2,350,5,1,,11,,62,0
1,31,3112,2,350,6,1,,9,,35,0
1,31,3113,2,332,1,1,,3,,75,0
1,31,3113,2,332,2,1,,4,,45,16
1,31,3113,2,332,3,1,,9,,59,32
1,31,3113,2,332,4,2,,8,,40,32
1,31,3113,2,332,5,1,,11,,30,23
1,31,3113,2,332,6,1,,11,,28,23
1,31,3115,2,680,1,1,,1,,38,28
1,31,3115,2,680,2,1,,7,,8,16
1,31,3115,2,680,3,1,,5,,49,42
1,31,3115,2,680,4,2,,8,,18,41
1,31,3115,2,680,5,1,,11,,77,0
1,31,3116,2,1344,1,1,,1,,48,23
1,31,3116,2,1344,2,1,,9,,1,41
1,31,3116,2,1344,3,1,,5,,2,32
1,31,3116,2,1344,4,1,,5,9,3,41
1,31,3116,2,1344,5,1,,8,,30,0
1,31,3116,2,1344,6,2,,8,,9,21
1,37,3702,1,972,1,1,,1,,22,16
1,37,3702,1,972,2,2,,8,,10,16
1,37,3702,1,972,3,2,,8,,22,61
1,37,3702,1,972,4,2,,11,,20,23
1,37,3702,1,972,5,1,,3,,22,61
1,37,3706,2,6,1,1,,1,,30,0
1,37,3706,2,6,2,1,,8,,9,15
1,37,3706,2,6,3,2,,11,,30,0
1,37,3706,2,6,4,1,,3,,60,0
1,37,3706,1,156,1,1,,1,,45,13
1,37,3706,1,156,2,1,,9,,35,26
1,37,3706,1,156,3,1,,11,,17,26
1,37,3706,1,156,4,1,,3,,52,0
1,37,3706,1,156,5,2,,8,,12,26
1,37,3706,1,4144,1,1,,1,,77,61
1,37,3706,1,4144,2,1,,11,,51,42
1,37,3706,1,4144,3,2,,11,,38,26
1,37,3706,1,4144,4,1,,9,,1,42
1,37,3706,1,4144,5,2,,8,,53,41
2,2,201,2,60,1,1,,1,9,57,0
2,2,201,2,60,2,1,,10,6,55,0
2,2,201,2,60,3,2,,2,9,22,26
2,2,201,2,60,4,2,,,11,26,26
2,2,201,2,60,5,1,,,11,23,25
2,2,201,2,60,6,1,,,11,24,26
2,2,201,2,60,7,1,,,6,31,16
2,2,201,2,60,8,1,,,6,60,0
2,2,203,2,1224,1,1,,,1,30,0
2,2,203,2,1224,2,1,,,11,30,26
2,2,203,2,1224,3,1,,,6,30,16
2,2,203,2,1224,4,2,,,2,30,0
2,2,203,2,1224,5,2,,,2,30,0
2,2,203,2,1224,6,1,,,6,40,0
2,2,203,2,1224,7,1,,,6,30,0
2,2,205,2,712,1,1,,,1,40,26
2,2,205,2,712,2,1,,,6,58,16
2,2,205,2,712,3,1,,,11,22,26
2,2,205,2,712,4,1,,,9,75,26
2,2,205,2,712,5,1,,,9,2,26
2,2,205,2,712,6,1,,,7,47,31
2,2,205,2,712,7,2,,,7,47,16
2,2,205,2,712,8,1,,,8,38,42
2,2,207,2,1302,1,1,,1,1,70,0
2,2,207,2,1302,2,1,,,4,36,26
2,2,207,2,1302,3,1,,,5,55,0
2,2,207,2,1302,4,1,,,3,28,26
2,2,207,2,1302,5,1,,,9,30,26
2,2,207,2,1302,6,1,,,7,20,26
2,2,207,2,1302,7,2,,,5,18,26
2,2,207,2,1302,8,1,,,9,36,0
2,2,209,2,1040,1,1,,1,,48,31
2,2,209,2,1040,2,1,,1,,59,0
2,2,209,2,1040,3,1,,6,,25,0
2,2,209,2,1040,4,2,,8,,39,26
2,2,209,2,1040,5,2,,6,,5,26
2,2,209,2,1040,6,2,,6,,33,26
2,2,209,2,1040,7,1,,6,,65,0
2,2,209,2,1040,8,1,,6,,25,26
2,2,209,2,1040,9,1,,6,,68,0
2,2,210,2,1300,1,1,,,1,53,16
2,2,210,2,1300,2,1,,,3,3,26
2,2,210,2,1300,3,1,,,7,15,41
2,2,210,2,1300,4,1,,,4,30,41
2,2,210,2,1300,5,1,,,11,35,26
2,2,212,2,956,1,1,,,1,50,0
2,2,212,2,956,2,2,,,7,40,0
2,2,212,2,956,3,1,,,11,40,0
2,2,212,2,956,4,1,,,11,40,0
2,2,212,2,956,5,1,,,11,40,0
2,2,212,2,956,6,1,,,11,40,0
2,2,212,2,956,7,2,,,8,30,0
2,2,212,2,956,8,2,,,11,50,0
2,2,212,2,956,9,1,,,11,50,0
2,2,214,2,898,1,1,,,1,40,26
2,2,214,2,898,2,1,,,8,61,42
2,2,214,2,898,3,1,,,3,49,26
2,2,214,2,898,4,1,,,5,52,42
2,2,214,2,898,5,1,,,11,15,26
2,2,214,2,898,6,2,,,8,20,26
2,2,215,1,8,1,1,,,1,40,16
2,2,215,1,8,2,1,,,3,35,16
2,2,215,1,8,3,1,,,8,40,16
2,2,215,1,8,4,1,,,4,2,42
2,2,215,1,8,5,1,,,8,25,26
2,2,215,1,8,6,1,,,5,20,42
2,2,215,1,8,7,2,,,11,18,26
2,2,215,1,8,8,1,,,8,20,26
2,2,215,1,8,9,1,,,9,30,51
2,2,216,2,200,1,1,,1,,30,26
2,2,216,2,200,2,2,,2,,20,16
2,2,216,2,200,3,1,,9,,30,26
2,2,216,2,200,4,1,,7,,20,26
2,2,216,2,200,5,2,,11,,35,0
2,2,216,2,200,6,1,,4,,43,16
2,2,216,2,200,7,1,,5,,37,16
2,2,216,2,200,8,2,,11,,16,11
2,2,216,2,200,9,1,,5,,20,11
2,2,218,2,1592,1,1,,,1,35,0
2,2,218,2,1592,2,1,,,9,37,0
2,2,218,2,1592,3,1,,,3,38,0
2,2,218,2,1592,4,1,,,3,20,0
2,2,218,2,1592,5,1,,,3,20,0
2,2,218,2,1592,6,1,,,3,17,0
2,2,218,2,1592,7,1,,,3,35,0
2,2,218,2,1592,8,1,,,3,20,0
2,2,218,2,1592,9,1,,,3,30,0
2,2,221,2,18,1,1,,1,,50,0
2,2,221,2,18,2,1,,9,,11,16
2,2,221,2,18,3,1,,3,,45,16
2,2,221,2,18,4,1,,3,,22,0
2,2,221,2,18,5,2,,2,,22,0
2,2,221,2,18,6,2,,2,,19,0
2,2,221,2,18,7,1,,11,,25,26
2,2,221,2,18,8,1,,9,,28,26
2,5,501,2,60,1,1,,1,,62,51
2,5,501,2,60,2,1,,9,,65,51
2,5,501,2,60,3,1,,8,,35,26
2,5,501,2,60,4,1,,6,,25,51
2,5,501,2,60,5,2,,11,,15,26
2,5,502,1,2194,1,1,,1,,55,0
2,5,502,1,2194,2,1,,8,,5,16
2,5,502,1,2194,3,1,,3,,50,0
2,5,502,1,2194,4,1,,3,,28,41
2,5,502,1,2194,5,1,,3,,42,41
2,5,502,2,3878,1,1,,1,,65,0
2,5,502,2,3878,2,1,,9,,30,34
2,5,502,2,3878,3,1,,9,,19,23
2,5,502,2,3878,4,1,,6,,22,26
2,5,502,2,3878,5,1,,6,,20,23
2,5,504,2,708,1,1,,1,,85,0
2,5,504,2,708,2,1,,9,,68,0
2,5,504,2,708,3,1,,11,,26,23
2,5,504,2,708,4,2,,11,,25,0
2,5,504,2,708,5,1,,2,,48,16
2,5,506,2,830,1,1,,1,,41,16
2,5,506,2,830,2,1,,3,,45,16
2,5,506,2,830,3,1,,11,,47,26
2,5,506,2,830,4,1,,9,,41,0
2,5,506,2,830,5,1,,5,,26,32
2,5,508,2,718,1,1,,1,,40,26
2,5,508,2,718,2,1,,9,,20,51
2,5,508,2,718,3,1,,8,3,33,23
2,5,508,2,718,4,1,,8,,33,23
2,5,508,2,718,5,1,,6,,33,23
2,5,508,2,984,1,1,,1,,80,51
2,5,508,2,984,2,1,,3,,42,16
2,5,508,2,984,3,1,,9,,50,51
2,5,508,2,984,4,1,,11,,25,16
2,5,508,2,984,5,1,,11,,25,16
2,5,508,2,984,6,1,,7,,45,41
2,5,510,1,872,1,1,,1,,15,32
2,5,510,1,872,2,2,,2,,15,34
2,5,510,1,872,3,1,,11,,5,51
2,5,510,1,872,4,1,,9,,5,51
2,5,510,1,872,5,2,,11,,5,51
2,5,510,2,1516,1,1,,1,,55,26
2,5,510,2,1516,2,1,,9,,50,51
2,5,510,2,1516,3,1,,11,11,25,51
2,5,510,2,1516,4,2,,11,11,25,16
2,5,510,2,1516,5,1,,3,,27,26
2,5,513,2,348,1,1,,1,,38,31
2,5,513,2,348,2,1,,9,,25,51
2,5,513,2,348,3,1,,5,,25,26
2,5,513,2,348,4,1,,2,,30,26
2,5,513,2,348,5,1,,6,,31,26
2,5,514,2,710,1,1,,1,,57,26
2,5,514,2,710,2,1,,9,,57,51
2,5,514,2,710,3,1,,8,,50,16
2,5,514,2,710,4,2,,11,,60,16
2,5,514,2,710,5,1,,11,,37,16
2,5,514,1,2036,1,1,,1,,,0
2,5,514,1,2036,2,2,,2,,30,
2,5,514,1,2036,3,1,,9,,15,
2,5,514,1,2036,4,1,,9,,26,
2,5,514,1,2036,5,2,,7,,20,
2,5,515,2,18,1,1,,1,,36,0
2,5,515,2,18,2,1,,9,,15,51
2,5,515,2,18,3,2,,,,25,0
2,5,515,2,18,4,2,,2,,36,0
2,5,515,2,18,5,1,,,,26,51
2,5,516,2,942,1,1,,1,,54,51
2,5,516,2,942,2,1,,9,,64,51
2,5,516,2,942,3,1,,8,,60,51
2,5,516,2,942,4,1,,,,33,51
2,5,516,2,942,5,2,988,2,,43,51
2,5,518,2,1304,1,1,,1,,7,21
2,5,518,2,1304,2,1,,9,,30,51
2,5,518,2,1304,3,1,,3,,50,0
2,5,518,2,1304,4,1,,11,,27,16
2,5,518,2,1304,5,2,,11,,30,16
2,5,518,2,1588,1,1,,1,,,
2,5,518,2,1588,2,1,,9,,37,51
2,5,518,2,1588,3,1,,3,,67,51
2,5,518,2,1588,4,1,,6,,27,16
2,5,518,2,1588,5,1,,11,,40,26
2,5,520,2,1756,1,1,,1,,50,16
2,5,520,2,1756,2,1,,9,,55,51
2,5,520,2,1756,3,1,,8,,50,51
2,5,520,2,1756,4,2,,2,,25,0
2,5,520,2,1756,5,2,,,,20,0
2,8,802,2,1152,1,1,,1,,59,0
2,8,802,2,1152,2,2,,8,,42,0
2,8,802,2,1152,3,1,,9,,45,51
2,8,802,2,1152,4,1,,3,,52,23
2,8,802,2,1152,5,1,,11,,39,23
2,8,803,1,944,1,1,,1,,51,43
2,8,803,1,944,2,2,,7,,48,41
2,8,803,1,944,3,1,,9,,58,51
2,8,803,1,944,4,1,,3,,55,0
2,8,803,1,944,5,1,,8,,59,32
2,8,805,2,46,1,1,,1,,65,41
2,8,805,2,46,2,1,,9,,70,51
2,8,805,2,46,3,1,,7,,50,42
2,8,805,2,46,4,2,,8,,49,16
2,8,805,2,46,5,1,,3,,35,41
2,8,807,2,946,1,1,,1,,75,0
2,8,807,2,946,2,2,,2,,48,0
2,8,807,2,946,3,1,,9,,40,51
2,8,807,2,946,4,1,,4,,42,16
2,8,807,2,946,5,1,,7,,51,16
2,8,807,2,946,6,1,,8,,50,0
2,8,807,2,1438,1,1,,1,,72,0
2,8,807,2,1438,2,1,,8,,44,26
2,8,807,2,1438,3,2,,6,,68,0
2,8,807,2,1438,4,1,,7,,50,41
2,8,807,2,1438,5,1,,9,,42,51
2,8,807,2,2396,1,1,,1,,51,23
2,8,807,2,2396,2,2,,5,2,11,32
2,8,807,2,2396,3,1,,4,2,48,32
2,8,807,2,2396,4,1,,1,,50,0
2,8,807,2,2396,5,1,,1,,40,32
2,8,807,2,2396,6,1,,3,,35,13
2,8,809,2,1748,1,1,,1,,50,0
2,8,809,2,1748,2,2,,2,,38,0
2,8,809,2,1748,3,1,,1,,60,0
2,8,809,2,1748,4,1,,4,,42,0
2,8,809,2,1748,5,1,,9,,75,51
2,8,811,2,390,1,1,,1,,44,51
2,8,811,2,390,2,2,,2,,35,26
2,8,811,2,390,3,1,,1,8,36,23
2,8,811,2,390,4,1,,9,3,30,51
2,8,811,2,390,5,1,,9,3,34,51
2,8,811,2,390,6,1,,8,,30,26
2,8,811,1,1558,1,1,,1,,44,42
2,8,811,1,1558,2,2,,2,7,35,41
2,8,811,1,1558,3,1,,3,,54,41
2,8,811,1,1558,4,1,,3,,30,28
2,8,811,1,1558,5,1,,8,3,40,23
2,8,812,2,866,1,1,,1,,60,51
2,8,812,2,866,2,2,,2,,45,14
2,8,812,2,866,3,1,,3,,65,14
2,8,812,2,866,4,1,,3,,48,23
2,8,812,2,866,5,1,,1,3,80,14
2,8,812,2,866,6,1,,1,3,52,51
2,8,815,2,362,1,1,,1,,10,42
2,8,815,2,362,2,1,,8,,47,42
2,8,815,2,362,3,2,,7,,40,41
2,8,815,2,362,4,1,,3,,72,32
2,8,815,2,362,5,1,,7,,39,41
2,8,816,2,1270,1,1,,1,,50,51
2,8,816,2,1270,2,2,,7,,30,51
2,8,816,2,1270,3,1,,9,,65,51
2,8,816,2,1270,4,1,,9,,55,51
2,8,816,2,1270,5,1,,8,,32,51
2,8,816,2,1270,6,1,,9,,54,51
2,8,816,2,1270,7,1,,8,,56,51
2,8,816,2,1270,8,1,,9,,40,51
2,8,817,1,2476,1,1,,,1,45,26
2,8,817,1,2476,2,1,,,1,60,0
2,8,817,1,2476,3,2,,8,2,35,0
2,8,817,1,2476,4,1,,,8,20,32
2,8,817,1,2476,5,1,,,9,22,51
2,8,820,2,1030,1,1,,1,,55,51
2,8,820,2,1030,2,2,,2,,45,51
2,8,820,2,1030,3,1,,4,,35,31
2,8,820,2,1030,4,1,,3,,45,16
2,8,820,2,1030,5,1,,7,,16,23
2,8,820,2,1030,6,1,,1,,50,0
2,8,820,2,1030,7,1,,3,,60,0
2,8,821,1,1448,1,1,,1,,19,51
2,8,821,1,1448,2,2,,8,,30,0
2,8,821,1,1448,3,1,,5,,15,42
2,8,821,1,1448,4,1,,9,,32,51
2,8,821,1,1448,5,1,,2,,19,51
2,8,821,1,5062,1,1,,1,,47,51
2,8,821,1,5062,2,2,,2,,47,51
2,8,821,1,5062,3,1,,3,1,35,42
2,8,821,1,5062,4,1,,10,,20,51
2,8,821,1,5062,5,1,,3,,47,51
2,8,823,2,548,1,1,,1,,80,51
2,8,823,2,548,2,2,,2,,60,0
2,8,823,2,548,3,1,,3,,45,51
2,8,823,2,548,4,1,,6,,35,51
2,8,823,2,548,5,1,,6,,40,51
2,8,824,2,768,1,1,,1,,33,41
2,8,824,2,768,2,2,,8,,20,0
2,8,824,2,768,3,1,,1,,50,0
2,8,824,2,768,4,1,,4,,32,32
2,8,824,2,768,5,1,,7,,15,41
2,8,826,2,926,1,1,,,1,50,32
2,8,826,2,926,2,2,,,8,60,0
2,8,826,2,926,3,1,,,1,52,0
2,8,826,2,926,4,1,,,4,33,32
2,8,826,2,926,5,1,,,9,62,51
2,8,827,2,804,1,1,,1,,61,28
2,8,827,2,804,2,1,,11,,80,0
2,8,827,2,804,3,2,,2,,52,0
2,8,827,2,804,4,1,,9,,58,51
2,8,827,2,804,5,1,,8,,50,0
2,15,1502,2,590,1,1,,1,,86,0
2,15,1502,2,590,2,1,,3,,45,16
2,15,1502,2,590,3,1,,4,,46,41
2,15,1502,2,590,4,1,,5,,35,33
2,15,1502,2,590,5,1,,6,,34,23
2,15,1502,2,590,6,1,,3,,70,16
2,15,1502,2,590,7,1,,9,,37,51
2,15,1503,2,634,1,1,,1,,35,16
2,15,1503,2,634,2,1,,8,3,66,0
2,15,1503,2,634,3,1,,9,3,60,31
2,15,1503,2,634,4,1,,8,,38,16
2,15,1503,2,634,5,1,,8,,27,41
2,15,1506,1,148,1,1,,1,,71,16
2,15,1506,1,148,2,1,,3,,52,51
2,15,1506,1,148,3,1,,8,,15,51
2,15,1506,1,148,4,1,,3,,6,51
2,15,1506,1,148,5,1,,3,9,76,51
2,15,1506,1,398,1,1,,1,,38,51
2,15,1506,1,398,2,1,,5,,6,41
2,15,1506,1,398,3,1,,11,,20,26
2,15,1506,1,398,4,1,,8,,14,26
2,15,1506,1,398,5,1,,8,,6,23
2,15,1506,1,398,6,1,,7,,17,41
2,15,1507,2,458,1,1,,1,,44,32
2,15,1507,2,458,2,1,,3,9,60,32
2,15,1507,2,458,3,1,,3,,83,32
2,15,1507,2,458,4,1,,3,,60,0
2,15,1507,2,458,5,1,,11,,85,0
2,15,1507,2,458,6,1,,11,,70,0
2,15,1507,2,458,7,1,,8,,60,0
2,15,1507,2,458,8,1,,8,,32,34
2,15,1507,2,458,9,1,,3,,31,16
2,15,1508,2,1682,1,1,,1,,60,51
2,15,1508,2,1682,2,1,,1,,45,51
2,15,1508,2,1682,3,1,,9,,40,51
2,15,1508,2,1682,4,2,,11,,20,26
2,15,1508,2,1682,5,1,,11,,25,26
2,15,1508,2,1682,6,1,,5,,50,33
2,15,1508,2,1682,7,1,,3,,35,16
2,15,1510,2,616,1,1,,1,,48,42
2,15,1510,2,616,2,1,,8,3,38,16
2,15,1510,2,616,3,1,,3,,39,16
2,15,1510,2,616,4,1,,5,,47,31
2,15,1510,2,616,5,1,,6,,35,41
2,15,1510,2,616,6,1,,9,,51,51
2,15,1510,2,616,7,1,,11,,34,51
2,15,1510,2,616,8,1,,9,,50,16
2,15,1510,2,616,9,1,,3,,48,51
2,15,1511,2,1938,1,1,,1,,67,21
2,15,1511,2,1938,2,1,,3,,57,51
2,15,1511,2,1938,3,1,,8,,37,51
2,15,1511,2,1938,4,1,,3,7,40,26
2,15,1511,2,1938,5,1,,7,,30,41
2,15,1511,2,1938,6,1,,7,,37,51
2,15,1511,2,1938,7,1,,3,8,43,26
2,15,1511,2,1938,8,1,,11,,19,25
2,34,3401,2,526,1,1,,1,,28,51
2,34,3401,2,526,2,1,,9,,28,51
2,34,3401,2,526,3,1,,8,,28,51
2,34,3401,2,526,4,1,,6,,28,51
2,34,3401,2,526,5,1,,8,,28,51
2,34,3403,2,198,1,1,,1,,46,41
2,34,3403,2,198,2,1,,9,,24,41
2,34,3403,2,198,3,1,,4,,48,0
2,34,3403,2,198,4,1,,3,,38,41
2,34,3403,2,198,5,2,,7,,60,41
2,34,3403,2,198,6,2,,4,,28,42
2,34,3403,2,198,7,1,,3,,80,41
2,34,3403,2,198,8,2,,8,,35,41
2,34,3405,2,456,1,1,,1,,38,0
2,34,3405,2,456,2,1,,8,,38,0
2,34,3405,2,456,3,1,,1,,16,0
2,34,3405,2,456,4,1,,9,,10,41
2,34,3405,2,456,5,1,,8,,16,41
2,34,3405,2,1706,1,1,,1,,75,51
2,34,3405,2,1706,2,1,,9,,62,51
2,34,3405,2,1706,3,1,,8,,38,51
2,34,3405,2,1706,4,1,,9,,36,51
2,34,3405,2,1706,5,1,,5,,20,32
2,34,3408,2,870,1,1,,1,,28,0
2,34,3408,2,870,2,1,,1,,45,41
2,34,3408,2,870,3,1,,9,,2,41
2,34,3408,2,870,4,1,,3,,28,0
2,34,3408,2,870,5,1,,3,,39,0
2,34,3410,2,42,1,1,,1,,75,51
2,34,3410,2,42,2,1,,9,,50,51
2,34,3410,2,42,3,2,,8,,45,26
2,34,3410,2,42,4,1,,2,,35,41
2,34,3410,2,42,5,1,,2,,65,51
2,34,3412,2,156,1,1,,1,,70,0
2,34,3412,2,156,2,1,,3,,41,16
2,34,3412,2,156,3,1,,9,,32,41
2,34,3412,2,156,4,2,,8,,16,0
2,34,3412,2,156,5,1,,3,,58,0
2,34,3413,2,262,1,1,,1,,68,0
2,34,3413,2,262,2,1,,1,,75,0
2,34,3413,2,262,3,1,,7,,30,41
2,34,3413,2,262,4,1,,3,,57,0
2,34,3413,2,262,5,1,,9,,5,41
2,34,3415,2,268,1,1,,1,,25,0
2,34,3415,2,268,2,1,,8,,25,0
2,34,3415,2,268,3,1,,6,,24,0
2,34,3415,2,268,4,1,,6,,20,0
2,34,3415,2,268,5,2,,6,,30,0
2,34,3415,2,268,6,1,,3,,23,26
2,35,3501,1,702,1,1,,1,8,50,51
2,35,3501,1,702,2,1,,3,,30,16
2,35,3501,1,702,3,2,,11,,20,26
2,35,3501,1,702,4,1,,9,,40,51
2,35,3501,1,702,5,1,,,,60,51
2,35,3501,2,1228,1,1,,1,,58,0
2,35,3501,2,1228,2,1,,9,5,38,31
2,35,3501,2,1228,3,1,,6,,62,51
2,35,3501,2,1228,4,1,,7,,28,32
2,35,3501,2,1228,5,2,,2,,30,16
2,35,3503,1,54,1,1,,1,,30,51
2,35,3503,1,54,2,1,,3,11,26,41
2,35,3503,1,54,3,1,,6,,25,27
2,35,3503,1,54,4,1,,9,,35,51
2,35,3503,1,54,5,1,,8,,12,51
2,35,3504,2,1288,1,1,,1,,50,51
2,35,3504,2,1288,2,1,,4,,35,32
2,35,3504,2,1288,3,1,,7,8,30,26
2,35,3504,2,1288,4,2,,8,,35,0
2,35,3504,2,1288,5,1,,6,,22,22
2,35,3506,2,1040,1,1,,1,,77,51
2,35,3506,2,1040,2,1,,3,9,57,51
2,35,3506,2,1040,3,1,,3,,54,51
2,35,3506,2,1040,4,1,,3,11,28,41
2,35,3506,2,1040,5,2,,11,,,
2,35,3509,2,1310,1,1,,1,11,50,32
2,35,3509,2,1310,2,1,,3,11,45,31
2,35,3509,2,1310,3,1,,3,4,38,32
2,35,3509,2,1310,4,1,,8,,51,51
2,35,3509,2,1310,5,2,,5,,15,32
2,35,3509,2,2276,1,1,,1,,47,28
2,35,3509,2,2276,2,1,,7,,6,41
2,35,3509,2,2276,3,1,,3,,40,51
2,35,3509,2,2276,4,2,,2,,13,51
2,35,3509,2,2276,5,1,,4,,30,41
2,35,3511,2,1646,1,1,,1,,30,42
2,35,3511,2,1646,2,1,,3,,31,41
2,35,3511,2,1646,3,1,,7,,40,41
2,35,3511,2,1646,4,1,,11,,52,51
2,35,3511,2,1646,5,1,,8,,60,51
2,35,3511,2,1646,6,1,,9,,42,41
2,35,3513,1,1278,1,1,,1,11,45,41
2,35,3513,1,1278,2,1,,1,5,45,41
2,35,3513,1,1278,3,2,,8,,30,27
2,35,3513,1,1278,4,1,,9,,30,51
2,35,3513,1,1278,5,1,,8,,20,27
2,35,3515,2,316,1,1,,1,,50,51
2,35,3515,2,316,2,1,,8,,40,51
2,35,3515,2,316,3,1,,6,,6,51
2,35,3515,2,316,4,1,,3,,25,51
2,35,3516,2,1632,1,1,,1,11,50,51
2,35,3516,2,1632,2,1,,3,,67,51
2,35,3516,2,1632,3,1,,9,,60,16
2,35,3516,2,1632,4,2,,2,,45,0
2,35,3516,2,1632,5,1,,11,,35,41
3,17,1702,2,510,1,1,,1,,45,41
3,17,1702,2,510,2,1,,11,,40,51
3,17,1702,2,510,3,1,,7,,30,51
3,17,1702,2,510,4,1,,11,,20,51
3,17,1702,2,510,5,1,,9,,30,51
3,17,1704,2,1080,1,1,,1,,45,28
3,17,1704,2,1080,2,1,,3,,40,51
3,17,1704,2,1080,3,1,,6,,38,23
3,17,1704,2,1080,4,1,,8,,25,16
3,17,1704,1,2074,1,1,,1,,48,16
3,17,1704,1,2074,2,1,,8,,28,23
3,17,1704,1,2074,3,1,,8,,40,51
3,17,1704,1,2074,4,2,,8,,10,23
3,17,1704,1,2074,5,1,,7,,25,41
3,17,1706,2,284,1,1,,1,,50,51
3,17,1706,2,284,2,1,,9,,48,51
3,17,1706,2,284,3,1,,2,,34,51
3,17,1706,2,284,4,1,,2,,40,51
3,17,1706,2,284,5,1,,9,,29,51
3,17,1710,2,546,1,1,,1,,40,23
3,17,1710,2,546,2,1,,8,,25,16
3,17,1710,2,546,3,1,,11,,35,51
3,17,1710,2,546,4,1,,8,,32,51
3,17,1710,2,546,5,1,,11,,28,16
3,17,1712,2,794,1,1,,1,,55,22
3,17,1712,2,794,2,1,,11,,43,31
3,17,1712,2,794,3,1,,11,,25,13
3,17,1712,2,794,4,1,,11,,35,16
3,17,1712,2,794,5,1,,11,,35,16
3,17,1712,2,794,6,1,,11,,25,23
3,17,1713,1,226,1,1,,1,,60,51
3,17,1713,1,226,2,1,,8,,40,51
3,17,1713,1,226,3,1,,8,,27,51
3,17,1713,1,226,4,1,,8,,20,51
3,17,1713,1,226,5,2,,8,,30,16
3,17,1715,2,2244,1,1,,3,,20,41
3,17,1715,2,2244,2,1,,8,,21,16
3,17,1715,2,2244,3,1,,8,,21,16
3,17,1715,2,2244,4,1,,11,,30,16
3,17,1715,2,2244,5,1,,11,,30,31
3,17,1716,2,1452,1,1,,1,,40,51
3,17,1716,2,1452,2,1,,9,,42,51
3,17,1716,2,1452,3,1,,8,,20,16
3,17,1716,2,1452,4,1,,11,,40,51
3,17,1719,2,1354,1,1,,8,,32,16
3,17,1719,2,1354,2,1,,6,,25,16
3,17,1719,2,1354,3,1,,7,,36,16
3,17,1719,2,1354,4,1,,8,,30,16
3,17,1719,2,1354,5,1,,3,,28,16
3,17,1719,2,1354,6,1,,1,,60,16
3,17,1722,2,96,1,1,,,,0,0
3,17,1722,2,96,2,1,,,,,
3,17,1722,2,96,3,1,,,,,
3,17,1722,2,96,4,1,,,,,
3,17,1722,2,96,5,1,,,,,
3,17,1722,2,96,6,1,,,,,
3,17,1722,2,96,7,1,,,,,
3,17,1724,2,786,1,1,,1,,50,51
3,17,1724,2,786,2,1,,9,,30,51
3,17,1724,2,786,3,1,,5,,40,16
3,17,1724,2,786,4,1,,8,,30,51
3,17,1727,2,634,1,1,,1,,50,51
3,17,1727,2,634,2,1,,11,,35,51
3,17,1727,2,634,3,1,,8,,25,16
3,17,1727,2,634,4,1,,8,,40,51
3,17,1727,2,634,5,1,,9,,42,51
3,18,1803,2,840,1,1,,1,,42,51
3,18,1803,2,840,2,1,,8,,35,51
3,18,1803,2,840,3,1,,1,,38,0
3,18,1803,2,840,4,1,,8,,31,51
3,18,1803,2,840,5,1,,9,,35,51
3,18,1804,1,2690,1,1,,1,,75,51
3,18,1804,1,2690,2,1,,3,,83,51
3,18,1804,1,2690,3,1,,8,,20,51
3,18,1804,1,2690,4,1,,8,,42,32
3,18,1804,1,2690,5,1,,8,,9,31
3,18,1804,1,2690,6,1,,8,,31,26
3,18,1804,1,2690,7,1,,9,,40,51
3,18,1805,2,534,1,1,,1,,64,0
3,18,1805,2,534,2,1,,8,,22,51
3,18,1805,2,534,3,1,,8,,31,51
3,18,1805,2,534,4,1,,8,,53,0
3,18,1805,2,534,5,1,,3,,35,51
3,18,1805,2,534,6,1,,11,,4,0
3,18,1808,2,1726,1,1,,1,,33,16
3,18,1808,2,1726,2,1,,11,,15,28
3,18,1808,2,1726,3,1,,11,,20,15
3,18,1808,2,1726,4,1,,8,,30,16
3,18,1808,2,1726,5,1,,3,,33,16
3,18,1808,2,1726,6,1,,3,,32,28
3,18,1809,1,1272,1,1,,1,,75,51
3,18,1809,1,1272,2,1,,8,,10,0
3,18,1809,1,1272,3,1,,8,,20,0
3,18,1809,1,1272,4,1,,8,,10,51
3,18,1809,1,1272,5,1,,8,,20,51
3,18,1809,1,1272,6,1,,8,,12,51
3,18,1809,1,1272,7,1,,8,,45,31
3,18,1811,2,364,1,1,,1,,60,0
3,18,1811,2,364,2,1,,6,,55,0
3,18,1811,2,364,3,1,,9,,48,0
3,18,1811,2,364,4,1,,9,,50,13
3,18,1811,2,364,5,1,,8,,70,0
3,18,1811,2,364,6,1,,9,,62,0
3,18,1814,2,678,1,1,,3,,10,0
3,18,1814,2,678,2,1,,2,,10,51
3,18,1814,2,678,3,1,,11,,10,0
3,18,1814,2,678,4,1,,11,,9,0
3,18,1814,2,678,5,1,,11,,10,51
3,18,1814,2,678,6,1,,11,,23,0
3,18,1814,2,678,7,1,,11,,16,0
3,18,1814,2,678,8,1,,11,,16,0
3,18,1814,2,678,9,1,,1,,52,51
3,18,1816,1,378,1,1,,1,,32,51
3,18,1816,1,378,2,1,,8,,14,0
3,18,1816,1,378,3,1,,3,,25,16
3,18,1816,1,378,4,1,,8,,9,0
3,18,1816,1,378,5,1,,8,,10,51
3,18,1816,1,378,6,1,,5,,12,31
3,18,1816,1,378,7,1,,8,,35,41
3,18,1816,1,378,8,1,,8,,30,51
3,18,1817,2,370,1,1,,1,,76,0
3,18,1817,2,370,2,1,,3,,45,26
3,18,1817,2,370,3,1,,8,,40,23
3,18,1817,2,370,4,1,,3,,52,16
3,18,1817,2,370,5,1,,3,,32,0
3,18,1817,2,370,6,1,,8,,40,0
3,18,1817,2,370,7,1,,3,,38,0
3,18,1817,2,370,8,1,,8,,27,32
3,18,1817,2,370,9,1,,3,,34,31
3,18,1820,2,450,1,1,,1,,60,0
3,18,1820,2,450,2,1,,11,,50,0
3,18,1820,2,450,3,1,,11,,70,0
3,18,1820,2,450,4,1,,3,,48,0
3,18,1820,2,450,5,1,,11,,48,0
3,18,1820,2,450,6,1,,11,,48,0
3,18,1820,2,450,7,1,,8,,32,16
3,18,1822,2,1654,1,1,,1,,45,28
3,18,1822,2,1654,2,1,,8,,49,31
3,18,1822,2,1654,3,1,,8,,50,51
3,18,1822,2,1654,4,1,,8,,45,31
3,18,1822,2,1654,5,1,,8,,55,51
3,18,1822,2,1654,6,1,,8,,53,0
3,18,1822,2,1654,7,1,,8,,45,0
3,18,1822,2,1654,8,1,,8,,19,28
3,18,1823,1,1822,1,1,,1,,43,51
3,18,1823,1,1822,2,1,,8,,48,16
3,18,1823,1,1822,3,1,,8,,33,23
3,18,1823,1,1822,4,1,,8,,27,31
3,18,1823,1,1822,5,1,,5,,6,31
3,18,1823,1,1822,6,1,,9,,49,51
3,19,1901,2,640,1,1,,1,,45,51
3,19,1901,2,640,2,2,,2,,25,51
3,19,1901,2,640,3,1,,4,,60,42
3,19,1901,2,640,4,1,,9,,40,51
3,19,1901,2,640,5,1,,8,,35,16
3,19,1901,2,640,6,1,,6,,40,16
3,19,1902,2,52,1,1,,1,,50,51
3,19,1902,2,52,2,2,,2,,20,51
3,19,1902,2,52,3,1,,9,,75,51
3,19,1902,2,52,4,1,,8,,35,51
3,19,1902,2,52,5,2,,8,,30,51
3,19,1902,2,52,6,2,,8,,35,51
3,19,1905,2,1290,1,1,,1,,65,51
3,19,1905,2,1290,2,1,,8,,55,51
3,19,1905,2,1290,3,1,,8,,45,16
3,19,1905,2,1290,4,1,,11,,20,28
3,19,1905,2,1290,5,1,,9,,70,51
3,19,1905,2,1290,6,2,,2,,45,51
3,19,1905,2,1290,7,2,,9,,58,51
3,19,1908,2,284,1,1,,1,,45,0
3,19,1908,2,284,2,1,,9,,70,51
3,19,1908,2,284,3,2,,2,,20,51
3,19,1908,2,284,4,1,,8,,60,0
3,19,1908,2,284,5,1,,8,,42,0
3,19,1908,2,284,6,1,,8,,45,0
3,19,1908,2,284,7,1,,8,,50,51
3,19,1910,2,808,1,1,,1,,85,28
3,19,1910,2,808,2,1,,5,,57,41
3,19,1910,2,808,3,1,,11,,23,23
3,19,1910,2,808,4,1,,9,,65,51
3,19,1910,2,808,5,1,,6,,60,51
3,19,1910,2,808,6,2,,8,,55,51
3,19,1910,2,808,7,1,,1,,35,51
3,19,1910,2,808,8,1,,8,,38,25
3,19,1912,1,1510,1,1,,1,,25,32
3,19,1912,1,1510,2,1,,3,,40,34
3,19,1912,1,1510,3,2,,2,,20,16
3,19,1912,1,1510,4,1,,7,,38,34
3,19,1912,1,1510,5,2,,2,,38,16
3,19,1912,1,1510,6,1,,9,,40,0
3,19,1912,1,1510,7,1,,8,,40,16
3,19,1914,2,934,1,1,,1,,60,51
3,19,1914,2,934,2,2,,2,,30,51
3,19,1914,2,934,3,1,,9,,40,51
3,19,1914,2,934,4,1,,8,,30,51
3,19,1914,2,934,5,2,,8,,40,51
3,19,1914,2,934,6,2,,8,,30,51
3,19,1916,2,1516,1,1,,1,,48,51
3,19,1916,2,1516,2,2,,2,,38,51
3,19,1916,2,1516,3,1,,5,,42,23
3,19,1916,2,1516,4,1,,9,,40,41
3,19,1916,2,1516,5,2,,5,,53,31
3,19,1916,2,1516,6,2,,7,,42,41
3,19,1919,2,366,1,1,,1,,60,0
3,19,1919,2,366,2,1,,8,,40,16
3,19,1919,2,366,3,1,,8,,40,51
3,19,1919,2,366,4,1,,9,,65,51
3,19,1919,2,366,5,1,,9,,65,51
3,19,1921,1,842,1,1,,1,,59,51
3,19,1921,1,842,2,2,,2,,22,51
3,19,1921,1,842,3,2,,5,,40,41
3,19,1921,1,842,4,1,,9,,80,51
3,19,1921,1,842,5,2,,7,,10,41
3,19,1921,1,842,6,1,,5,,35,41
3,19,1925,1,2858,1,1,,1,,30,16
3,19,1925,1,2858,2,1,,9,,60,16
3,19,1925,1,2858,3,1,,5,,40,16
3,19,1925,1,2858,4,1,,8,,46,16
3,19,1925,1,2858,5,1,,8,,45,0
3,19,1925,1,2858,6,2,,2,,20,16
3,19,1925,1,2858,7,1,,8,,55,0
3,19,1925,1,2858,8,1,,8,,40,32
3,19,1925,2,3394,1,1,,1,,47,16
3,19,1925,2,3394,2,2,,2,,35,0
3,19,1925,2,3394,3,1,,11,,29,23
3,19,1925,2,3394,4,1,,9,,80,51
3,19,1925,2,3394,5,2,,5,,5,41
3,19,1925,2,3394,6,2,,7,,23,11
3,19,1928,2,526,1,1,,1,,30,41
3,19,1928,2,526,2,1,,4,,40,32
3,19,1928,2,526,3,2,,8,,40,0
3,19,1928,2,526,4,1,,8,,50,16
3,19,1928,2,526,5,1,,8,,60,51
3,19,1932,2,562,1,1,,1,,75,51
3,19,1932,2,562,2,2,,2,,55,51
3,19,1932,2,562,3,1,,9,,50,51
3,19,1932,2,562,4,1,,8,,34,16
3,19,1932,2,562,5,1,,8,,54,51
3,19,1934,2,386,1,1,,1,,48,34
3,19,1934,2,386,2,1,,8,,53,16
3,19,1934,2,386,3,1,,8,,55,16
3,19,1934,2,386,4,1,,8,,40,51
3,19,1934,2,386,5,1,,5,,45,31
3,19,1934,2,386,6,1,,9,,55,51
3,19,1934,2,386,7,2,,5,,40,32
3,19,1936,2,1994,1,1,,1,,57,51
3,19,1936,2,1994,2,2,,2,,12,51
3,19,1936,2,1994,3,1,,9,,40,51
3,19,1936,2,1994,4,1,,5,,30,23
3,19,1936,2,1994,5,2,,5,,20,31
3,19,1937,2,432,1,1,,1,,32,42
3,19,1937,2,432,2,2,,2,,25,31
3,19,1937,2,432,3,1,,5,,37,31
3,19,1937,2,432,4,2,,8,,6,23
3,19,1937,2,432,5,2,,8,,12,51
3,19,1937,2,432,6,1,,7,,30,43
3,19,1941,2,518,1,1,,1,,41,23
3,19,1941,2,518,2,2,,2,,30,16
3,19,1941,2,518,3,1,,9,,55,51
3,19,1941,2,518,4,1,,5,,38,41
3,19,1941,2,518,5,2,,8,,9,16
3,19,1941,2,518,6,1,,8,,65,51
3,19,1943,2,668,1,1,,1,,3,51
3,19,1943,2,668,2,1,,9,,70,51
3,19,1943,2,668,3,2,,8,,48,51
3,19,1943,2,668,4,1,,8,,30,51
3,19,1943,2,668,5,2,,8,,10,51
3,19,1943,2,668,6,2,,8,,30,51
3,20,2001,2,1354,1,1,,3,,60,41
3,20,2001,2,1354,2,1,,1,,40,41
3,20,2001,2,1354,3,1,,5,,45,31
3,20,2001,2,1354,4,1,,5,,42,31
3,20,2001,2,1354,5,1,,8,,50,15
3,20,2003,2,784,1,1,,1,,15,31
3,20,2003,2,784,2,1,,8,,70,51
3,20,2003,2,784,3,1,,8,,60,13
3,20,2003,2,784,4,1,,11,,70,51
3,20,2003,2,784,5,1,,8,,40,51
3,20,2003,2,784,6,1,,11,,60,0
3,20,2005,2,970,1,1,,1,,20,0
3,20,2005,2,970,2,1,,8,,27,51
3,20,2005,2,970,3,1,,8,,25,51
3,20,2005,2,970,4,1,,3,,30,16
3,20,2005,2,970,5,1,,3,,25,16
3,20,2005,2,970,6,1,,9,,30,0
3,20,2005,2,970,7,2,,11,,20,51
3,20,2005,2,970,8,2,,11,,20,51
3,20,2008,2,1474,1,1,,1,,57,51
3,20,2008,2,1474,2,1,,3,,55,51
3,20,2008,2,1474,3,1,,9,,55,51
3,20,2008,2,1474,4,1,,7,,60,51
3,20,2008,2,1474,5,1,,8,,70,51
3,20,2008,2,1474,6,1,,11,,50,51
3,20,2009,2,240,1,1,,9,,70,51
3,20,2009,2,240,2,1,,9,,60,51
3,20,2009,2,240,3,1,,1,,55,51
3,20,2009,2,240,4,1,,3,,50,51
3,20,2009,2,240,5,1,,11,,62,0
3,20,2012,1,844,1,1,,2,,50,42
3,20,2012,1,844,2,1,,5,,49,42
3,20,2012,1,844,3,1,,5,,55,42
3,20,2012,1,844,4,1,,5,,40,42
3,20,2012,1,844,5,1,,5,,45,42
3,20,2013,2,1232,1,1,,9,,65,51
3,20,2013,2,1232,2,1,,9,,60,51
3,20,2013,2,1232,3,1,,9,,50,51
3,20,2013,2,1232,4,1,,9,,55,51
3,20,2013,2,1232,5,1,,9,,43,51
3,20,2013,2,1232,6,1,,3,,46,51
3,20,2015,2,1746,1,1,,1,,70,0
3,20,2015,2,1746,2,1,,5,,4,31
3,20,2015,2,1746,3,1,,3,,5,23
3,20,2015,2,1746,4,1,,8,,48,0
3,20,2015,2,1746,5,1,,8,,40,0
3,20,2015,2,1746,6,1,,3,,50,0
3,20,2018,2,1134,1,1,,8,,70,0
3,20,2019,2,344,1,1,,8,,60,16
3,20,2019,2,344,2,1,,8,,54,16
3,20,2019,2,344,3,1,,9,,58,51
3,20,2019,2,344,4,1,,1,,60,51
3,20,2019,2,344,5,1,,8,,47,22
3,20,2019,2,344,6,1,,2,,39,41
3,20,2021,1,3300,1,1,,8,,14,31
3,20,2021,1,3300,2,1,,8,,8,43
3,20,2021,1,3300,3,1,,8,,15,43
3,20,2021,1,3300,4,1,,8,,6,28
3,20,2021,1,3300,5,1,,8,,14,
3,20,2021,1,3300,6,1,,1,,18,28
3,20,2021,1,3300,7,1,,9,,9,43
3,20,2022,2,1130,1,1,,1,,50,0
3,20,2022,2,1130,2,1,,9,,7,51
3,20,2022,2,1130,3,1,,11,,35,51
3,20,2022,2,1130,4,1,,8,,47,0
3,20,2022,2,1130,5,1,,11,,35,0
3,20,2022,2,1130,6,1,,11,,35,0
3,20,2025,2,760,1,1,,9,,55,51
3,20,2025,2,760,2,1,,8,,53,31
3,20,2025,2,760,3,1,,7,,42,41
3,20,2025,2,760,4,1,,11,,46,41
3,20,2025,2,760,5,2,,5,,25,41
3,20,2025,2,760,6,1,,5,,44,31
3,20,2025,2,1304,1,1,,8,,45,16
3,20,2025,2,1304,2,1,,10,,35,41
3,20,2025,2,1304,3,1,,11,,35,41
3,20,2025,2,1304,4,1,,5,,38,42
3,20,2025,2,1304,5,2,,7,,30,41
3,20,2028,2,498,1,1,,1,,63,31
3,20,2028,2,498,2,1,,9,,51,31
3,20,2028,2,498,3,1,,2,,46,31
3,20,2028,2,498,4,1,,2,,39,31
3,20,2028,2,498,5,1,,8,,49,31
3,20,2030,2,1050,1,1,,1,,7,11
3,20,2030,2,1050,2,1,,9,,30,51
3,20,2030,2,1050,3,1,,8,,30,51
3,20,2030,2,1050,4,1,,8,,30,51
3,20,2030,2,1050,5,1,,8,,30,0
3,20,2030,2,1050,6,1,,8,,30,51
3,20,2032,1,1390,1,1,,8,,35,0
3,20,2032,1,1390,2,1,,9,,45,51
3,20,2032,1,1390,3,1,,11,,70,42
3,20,2032,1,1390,4,2,,2,,45,0
3,20,2032,1,1390,5,1,,7,,45,41
3,20,2032,1,1390,6,1,,1,,55,31
3,20,2032,2,1772,1,1,,1,,56,0
3,20,2032,2,1772,2,1,,11,,56,0
3,20,2032,2,1772,3,1,,8,,46,0
3,20,2032,2,1772,4,1,,8,,50,51
3,20,2032,2,1772,5,1,,11,,27,16
3,20,2032,2,1772,6,1,,11,,56,0
3,20,2032,2,1772,7,1,,9,,50,51
3,21,2102,2,1124,1,1,,,1,60,51
3,21,2102,2,1124,2,2,,,2,50,51
3,21,2102,2,1124,3,2,,,2,35,51
3,21,2102,2,1124,4,1,,,3,80,51
3,21,2102,2,1124,5,1,,,8,70,51
3,21,2102,2,1124,6,1,,,8,35,51
3,21,2102,2,1124,7,1,,,3,37,51
3,21,2102,2,1124,8,1,,,9,50,51
3,21,2102,2,1124,9,1,,,7,15,41
3,21,2106,2,236,1,1,,1,,50,16
3,21,2106,2,236,2,2,,2,,30,51
3,21,2106,2,236,3,1,,3,,67,51
3,21,2106,2,236,4,1,,5,,40,41
3,21,2106,2,236,5,1,,8,,33,41
3,21,2106,2,236,6,1,,9,,44,28
3,21,2106,2,2822,1,1,,1,,33,51
3,21,2106,2,2822,2,1,,8,,33,51
3,21,2106,2,2822,3,1,,8,,30,41
3,21,2106,2,2822,4,1,,5,,33,41
3,21,2106,2,2822,5,2,,8,,10,34
3,21,2106,2,2822,6,1,,8,,9,41
3,21,2106,2,2822,7,1,,9,,33,16
3,21,2108,1,520,1,1,,1,,62,41
3,21,2108,1,520,2,2,,2,,40,51
3,21,2108,1,520,3,1,,3,,66,16
3,21,2108,1,520,4,1,,8,,46,16
3,21,2108,1,520,5,1,,8,,35,16
3,21,2108,1,520,6,1,,8,,37,51
3,21,2109,2,38,1,1,,1,,80,51
3,21,2109,2,38,2,2,,2,,40,51
3,21,2109,2,38,3,2,,2,,45,51
3,21,2109,2,38,4,2,,3,,60,51
3,21,2109,2,38,5,1,,7,,35,16
3,21,2109,2,38,6,1,,8,,30,51
3,21,2111,2,180,1,1,,1,,65,41
3,21,2111,2,180,2,2,,2,,35,51
3,21,2111,2,180,3,1,,3,,45,28
3,21,2111,2,180,4,1,,9,,40,51
3,21,2111,2,180,5,1,,8,,50,51
3,21,2111,2,180,6,1,,8,,55,51
3,21,2111,2,180,7,1,,8,,47,51
3,21,2115,2,926,1,1,,1,,60,0
3,21,2115,2,926,2,2,,2,,40,0
3,21,2115,2,926,3,1,,8,,78,0
3,21,2115,2,926,4,1,,8,,50,0
3,21,2115,2,926,5,1,,3,,20,51
3,21,2115,2,926,6,2,,8,,62,0
3,21,2117,2,554,1,1,,1,,30,28
3,21,2117,2,554,2,2,,2,,22,51
3,21,2117,2,554,3,1,,3,,28,28
3,21,2117,2,554,4,1,,9,,42,51
3,21,2117,2,554,5,1,,8,,42,51
3,21,2117,2,554,6,1,,8,,45,51
3,21,2117,2,554,7,1,,8,,43,51
3,21,2119,2,2146,1,1,,1,,48,28
3,21,2119,2,2146,2,2,,2,,17,16
3,21,2119,2,2146,3,1,,3,,52,28
3,21,2119,2,2146,4,1,,6,,39,28
3,21,2119,2,2146,5,1,,9,,25,51
3,21,2119,2,2146,6,1,,10,,18,28
3,21,2119,2,2146,7,1,,8,,32,28
3,21,2119,2,3956,1,1,,1,,19,0
3,21,2119,2,3956,2,2,,2,,19,0
3,21,2119,2,3956,3,1,,6,,22,0
3,21,2119,2,3956,4,1,,8,,17,0
3,21,2119,2,3956,5,1,,5,,17,0
3,21,2119,2,3956,6,1,,8,,12,0
3,21,2119,2,3956,7,1,,9,,17,32
3,33,3304,2,418,1,1,,1,,52,51
3,33,3304,2,418,2,1,,9,,48,51
3,33,3304,2,418,3,1,,8,,60,51
3,33,3304,2,418,4,1,,8,,70,51
3,33,3304,2,418,5,1,,9,,35,51
3,33,3304,2,418,6,1,,8,,40,23
3,33,3307,2,688,1,1,,1,,20,51
3,33,3307,2,688,2,1,,3,,60,51
3,33,3307,2,688,3,1,,8,,70,51
3,33,3307,2,688,4,1,,8,,65,51
3,33,3307,2,688,5,1,,3,,55,51
3,33,3307,2,688,6,1,,8,,60,51
3,33,3307,2,688,7,1,,9,,55,51
3,33,3307,2,688,8,1,,11,,43,26
3,33,3310,2,476,1,1,,1,,60,51
3,33,3310,2,476,2,1,,9,,80,51
3,33,3310,2,476,3,1,,8,,40,51
3,33,3310,2,476,4,1,,8,,55,51
3,33,3310,2,476,5,1,,11,,60,51
3,33,3311,1,702,1,1,,1,,56,51
3,33,3311,1,702,2,1,,9,,70,51
3,33,3311,1,702,3,1,,,,,51
3,33,3311,1,702,4,2,,8,,74,51
3,33,3311,1,702,5,1,,8,,60,51
3,33,3311,1,702,6,1,,9,,62,51
3,33,3311,1,702,7,1,,9,8,62,51
3,33,3313,2,930,1,1,,1,,78,51
3,33,3313,2,930,2,1,,9,5,53,51
3,33,3313,2,930,3,1,,3,,60,51
3,33,3313,2,930,4,1,,8,,60,51
3,33,3313,2,930,5,1,,8,,50,51
3,33,3313,2,930,6,1,,5,,50,51
3,33,3318,2,30,1,1,,1,,80,51
3,33,3318,2,30,2,1,,9,,27,16
3,33,3318,2,30,3,1,,1,,49,51
3,33,3318,2,30,4,1,,9,,70,51
3,33,3318,2,30,5,1,,5,,30,42
3,33,3321,1,1182,1,1,,3,,51,41
3,33,3321,1,1182,2,1,,11,,28,41
3,33,3321,1,1182,3,1,,8,,52,51
3,33,3321,1,1182,4,2,,8,,45,51
3,33,3321,1,1182,5,1,,9,,60,51
3,33,3323,2,92,1,1,,1,,86,26
3,33,3323,2,92,2,1,,11,,42,41
3,33,3323,2,92,3,1,,3,8,60,51
3,33,3323,2,92,4,1,,6,,55,51
3,33,3323,2,92,5,1,,8,,60,51
3,33,3323,2,92,6,2,,11,,32,51
3,33,3323,2,92,7,1,,9,,55,51
3,36,3601,2,1214,1,1,,1,,35,51
3,36,3601,2,1214,2,1,,9,,30,51
3,36,3601,2,1214,3,1,,7,,35,41
3,36,3601,2,1214,4,1,,11,,45,32
3,36,3601,2,1214,5,1,,4,,5,31
3,36,3601,2,1214,6,1,,8,,37,16
3,36,3601,2,1214,7,1,,7,,38,41
3,36,3603,2,978,1,1,,1,,60,51
3,36,3603,2,978,2,2,,2,,45,51
3,36,3603,2,978,3,1,,9,,50,51
3,36,3603,2,978,4,1,,11,,35,16
3,36,3603,2,978,5,1,,3,,43,51
3,36,3605,2,240,1,1,,1,,70,51
3,36,3605,2,240,2,1,,9,,44,51
3,36,3605,2,240,3,1,,11,,35,23
3,36,3605,2,240,4,1,,8,,28,51
3,36,3605,2,240,5,2,,2,,45,51
3,36,3605,2,240,6,1,,3,,65,51
3,36,3606,2,1956,1,1,,1,,55,51
3,36,3606,2,1956,2,2,,2,,40,51
3,36,3606,2,1956,3,1,,8,,48,51
3,36,3606,2,1956,4,1,,3,,45,51
3,36,3606,2,1956,5,1,,9,,60,51
3,36,3607,1,2596,1,1,,1,,55,51
3,36,3607,1,2596,2,1,,9,,60,51
3,36,3607,1,2596,3,1,,8,,45,51
3,36,3607,1,2596,4,1,,5,,32,41
3,36,3607,1,2596,5,1,,7,,27,41
3,36,3608,2,2078,1,1,,1,,70,51
3,36,3608,2,2078,2,1,,7,,41,41
3,36,3608,2,2078,3,1,,9,,55,51
3,36,3608,2,2078,4,1,,8,,40,51
3,36,3608,2,2078,5,1,,11,,35,51
3,36,3608,2,2078,6,1,,3,,75,51
3,36,3610,2,1826,1,1,,1,,59,51
3,36,3610,2,1826,2,1,,11,,33,16
3,36,3610,2,1826,3,1,,9,,20,51
3,36,3610,2,1826,4,1,,7,,8,41
3,36,3610,2,1826,5,1,,3,,50,16
3,36,3612,1,1474,1,1,,1,,49,51
3,36,3612,1,1474,2,2,,2,,37,51
3,36,3612,1,1474,3,1,,9,,50,51
3,36,3612,1,1474,4,1,,8,,46,51
3,36,3612,1,1474,5,1,,11,,34,51
3,36,3613,2,1066,1,1,,1,,50,51
3,36,3613,2,1066,2,2,,2,,40,51
3,36,3613,2,1066,3,1,,9,,50,51
3,36,3613,2,1066,4,1,,3,,45,16
3,36,3613,2,1066,5,1,,11,,30,16
3,36,3613,2,1066,6,1,,8,,35,16
4,1,102,1,536,1,1,,1,,47,26
4,1,102,1,536,2,1,,3,,70,42
4,1,102,1,536,3,2,,2,,20,42
4,1,102,1,536,4,1,,11,,54,23
4,1,102,1,536,5,1,,3,,78,23
4,1,102,1,536,6,2,,8,,24,16
4,1,102,1,536,7,1,,11,,55,32
4,1,102,1,536,8,1,,11,,38,26
4,1,102,1,536,9,1,,11,,60,16
4,1,102,1,1690,1,1,,1,,53,41
4,1,102,1,1690,2,1,,3,,57,26
4,1,102,1,1690,3,1,,11,,42,41
4,1,102,1,1690,4,1,,3,,75,16
4,1,102,1,1690,5,1,,11,,47,42
4,1,102,1,1690,6,2,,11,,48,42
4,1,102,1,1690,7,2,,11,,49,16
4,1,102,1,1690,8,1,,3,,52,42
4,1,102,1,1690,9,1,,3,,60,42
4,1,104,2,1364,1,1,,1,,55,12
4,1,104,2,1364,2,1,,11,,17,42
4,1,104,2,1364,3,1,,3,,15,43
4,1,104,2,1364,4,1,,11,,20,34
4,1,104,2,1364,5,1,,11,,40,16
4,1,104,2,1364,6,2,,11,,65,12
4,1,104,2,1364,7,1,,11,,10,16
4,1,104,2,1364,8,1,,11,,8,16
4,1,105,2,638,1,1,,1,,81,24
4,1,105,2,638,2,1,,11,,60,42
4,1,105,2,638,3,1,,11,,72,42
4,1,105,2,638,4,2,,8,,30,42
4,1,105,2,638,5,2,,11,,63,16
4,1,105,2,638,6,1,,11,,70,16
4,1,105,2,638,7,1,,11,,25,16
4,1,105,2,638,8,1,,11,,45,16
4,1,105,2,638,9,1,,11,,75,16
4,1,106,2,880,1,1,,1,,50,16
4,1,106,2,880,2,1,,11,,50,26
4,1,106,2,880,3,1,,11,,42,26
4,1,106,2,880,4,1,,3,,64,16
4,1,106,2,880,5,2,,11,,40,16
4,1,106,2,880,6,1,,11,,32,16
4,1,106,2,880,7,1,,11,,40,16
4,1,106,2,880,8,1,,11,,50,26
4,1,106,2,880,9,1,,3,,50,16
4,1,107,2,1044,1,1,,1,,25,16
4,1,107,2,1044,2,1,,11,,50,42
4,1,107,2,1044,3,1,,11,,72,42
4,1,107,2,1044,4,1,,11,,50,16
4,1,107,2,1044,5,1,,11,,35,16
4,1,107,2,1044,6,2,,8,,30,26
4,1,107,2,1044,7,1,,9,,30,34
4,1,107,2,1044,8,1,,11,,40,16
4,1,108,2,904,1,1,,1,,17,26
4,1,108,2,904,2,1,,11,,15,26
4,1,108,2,904,3,1,,2,,20,16
4,1,108,2,904,4,2,,11,,25,0
4,1,108,2,904,5,2,,11,,15,0
4,1,108,2,904,6,1,,2,,30,16
4,1,108,2,904,7,1,,2,,30,16
4,1,108,2,904,8,1,,11,,20,16
4,1,108,2,904,9,1,,2,,20,16
4,1,110,2,76,1,1,,1,,54,0
4,1,110,2,76,2,1,,3,,40,13
4,1,110,2,76,3,1,,11,,43,42
4,1,110,2,76,4,1,,3,,15,0
4,1,110,2,76,5,2,,3,,83,0
4,1,110,2,76,6,2,,3,,64,0
4,1,110,2,76,7,1,,11,,30,31
4,1,110,2,76,8,1,,11,,50,42
4,1,110,2,76,9,1,,3,,20,16
4,1,111,1,1146,1,1,,1,,75,16
4,1,111,1,1146,2,1,,9,,50,42
4,1,111,1,1146,3,1,,3,,45,26
4,1,111,1,1146,4,1,,3,,60,16
4,1,111,1,1146,5,1,,11,,55,16
4,1,111,1,1146,6,2,,11,,40,26
4,1,111,1,1146,7,1,,11,,45,16
4,1,111,1,1146,8,1,,11,,65,16
4,1,111,1,1146,9,1,,11,,55,26
4,1,115,1,670,1,1,,11,,8,43
4,1,115,1,670,2,1,,11,,8,42
4,1,115,1,670,3,1,,11,,6,42
4,1,115,1,670,4,1,,11,,6,43
4,1,115,1,670,5,2,,11,,6,43
4,1,115,1,670,6,1,,11,,6,43
4,1,115,1,670,7,1,,11,,11,42
4,1,117,2,560,1,1,,1,,68,16
4,1,117,2,560,2,1,,8,,46,16
4,1,117,2,560,3,1,,3,,45,16
4,1,117,2,560,4,1,,11,,75,12
4,1,117,2,560,5,2,,11,,42,16
4,1,117,2,560,6,1,,3,,52,16
4,1,117,2,560,7,1,,11,,53,16
4,1,117,2,560,8,1,,3,,75,13
4,1,117,2,560,9,2,,8,,36,16
4,4,401,1,738,1,1,,1,,10,41
4,4,401,1,738,2,1,,8,,20,28
4,4,401,1,738,3,2,,8,,15,23
4,4,401,1,738,4,2,,8,,61,16
4,4,401,1,738,5,1,,7,,57,23
4,4,401,1,738,6,1,,8,,30,42
4,4,401,1,1460,1,1,,1,,21,16
4,4,401,1,1460,2,2,,2,,21,28
4,4,401,1,1460,3,1,,8,,15,28
4,4,401,1,1460,4,1,,8,,9,42
4,4,401,1,1460,5,1,,6,,14,28
4,4,401,2,2106,1,1,,1,,20,43
4,4,401,2,2106,2,2,,8,,15,23
4,4,401,2,2106,3,1,,8,,20,16
4,4,401,2,2106,4,1,,11,,18,23
4,4,401,2,2106,5,1,,8,,20,16
4,4,402,2,1080,1,1,,3,,28,16
4,4,402,2,1080,2,1,,8,,20,16
4,4,402,2,1080,3,1,,8,,40,14
4,4,402,2,1080,4,1,,5,,28,32
4,4,402,2,1080,5,1,,9,,20,23
4,4,403,2,836,1,1,,3,,25,16
4,4,403,2,836,2,1,,1,,15,23
4,4,403,2,836,3,2,,8,,10,23
4,4,403,2,836,4,1,,1,,15,16
4,4,403,2,836,5,2,,8,,9,31
4,4,403,2,836,6,2,,8,,50,0
4,4,403,2,836,7,2,,2,,30,0
4,4,403,2,836,8,1,,3,,46,31
4,4,405,2,484,1,1,,3,,12,41
4,4,405,2,484,2,1,,8,,10,23
4,4,405,2,484,3,2,,9,,17,28
4,4,405,2,484,4,1,,1,,40,14
4,4,405,2,484,5,1,,11,,10,0
4,4,405,2,722,1,1,,1,,70,11
4,4,405,2,722,2,1,,9,,75,11
4,4,405,2,722,3,1,,9,,70,12
4,4,405,2,722,4,1,,9,,42,15
4,4,405,2,722,5,2,,9,,38,0
4,4,405,2,722,6,1,,8,,16,16
4,4,407,2,796,1,1,,1,,,28
4,4,407,2,796,2,1,,4,,25,32
4,4,407,2,796,3,1,,11,,16,16
4,4,407,2,796,4,2,,5,,15,32
4,4,407,2,796,5,2,,5,,18,32
4,4,407,2,796,6,2,,5,,19,32
4,4,410,1,3192,1,1,,1,,20,23
4,4,410,1,3192,2,1,,9,,12,23
4,4,410,1,3192,3,2,,8,,12,16
4,4,410,1,3192,4,2,,8,,10,16
4,4,410,1,3192,5,1,,8,,5,23
4,4,410,1,3414,1,1,,8,,10,28
4,4,410,1,3414,2,1,,8,,9,16
4,4,410,1,3414,3,1,,11,,6,16
4,4,410,1,3414,4,1,,8,,20,28
4,4,410,1,3414,5,1,,8,,10,28
4,4,410,2,4036,1,1,,1,,20,0
4,4,410,2,4036,2,2,,8,,12,23
4,4,410,2,4036,3,1,,8,,10,16
4,4,410,2,4036,4,1,,8,,9,16
4,4,410,2,4036,5,1,,8,,7,31
4,4,410,2,4036,6,1,,6,,11,32
4,4,411,1,1486,1,1,,1,,20,31
4,4,411,1,1486,2,1,,4,,10,31
4,4,411,1,1486,3,1,,8,,8,32
4,4,411,1,1486,4,2,,8,,10,42
4,4,411,1,1486,5,1,,8,,12,42
4,4,412,2,1606,1,1,,3,,20,42
4,4,412,2,1606,2,1,,3,,30,16
4,4,412,2,1606,3,1,,8,,20,31
4,4,412,2,1606,4,1,,8,,12,31
4,4,412,2,1606,5,1,,8,,15,23
4,4,412,2,1606,6,2,,8,,10,23
4,4,412,2,2592,1,1,,8,,12,16
4,4,412,2,2592,2,1,,8,,14,16
4,4,412,2,2592,3,2,,8,,7,22
4,4,412,2,2592,4,1,,8,,8,32
4,4,412,2,2592,5,1,,8,,16,16
4,4,413,2,1540,1,1,,1,,10,41
4,4,413,2,1540,2,1,,8,,25,16
4,4,413,2,1540,3,2,,9,,30,28
4,4,413,2,1540,4,2,,11,,28,28
4,4,414,1,2176,1,1,,3,,30,43
4,4,414,1,2176,2,1,,8,,20,23
4,4,414,1,2176,3,2,,8,,35,23
4,4,414,1,2176,4,1,,8,,9,16
4,4,414,1,2176,5,1,,8,,10,22
4,4,414,1,2176,6,2,,8,,23,16
4,4,415,1,2108,1,1,,1,,40,42
4,4,415,1,2108,2,1,,8,,30,42
4,4,415,1,2108,3,2,,8,,22,16
4,4,415,1,2108,4,1,,8,,45,31
4,4,415,1,2108,5,1,,8,,18,23
4,4,416,1,616,1,1,,3,,28,16
4,4,416,1,616,2,1,,3,,12,23
4,4,416,1,616,3,1,,3,,15,31
4,4,416,1,616,4,1,,8,,15,32
4,4,416,1,616,5,1,,8,,10,23
4,4,417,1,678,1,1,,1,,20,42
4,4,417,1,678,2,1,,5,,25,31
4,4,417,1,678,3,2,,8,,15,32
4,4,417,1,678,4,1,,8,,12,16
4,4,417,1,678,5,1,,8,,10,16
4,4,418,1,44,1,1,,3,,25,42
4,4,418,1,44,2,1,,8,,15,16
4,4,418,1,44,3,1,,8,,17,23
4,4,418,1,44,4,1,,8,,10,16
4,4,418,1,44,5,2,,8,,12,23
4,4,419,2,296,1,1,,8,,85,16
4,4,419,2,296,2,2,,9,,40,14
4,4,419,2,296,3,1,,8,,13,34
4,4,419,2,296,4,1,,1,,15,41
4,4,419,2,296,5,1,,8,,50,16
4,4,419,2,296,6,1,,11,,14,28
4,4,421,1,800,1,1,,1,,15,28
4,4,421,1,800,2,2,,2,,11,23
4,4,421,1,800,3,1,,11,,9,28
4,4,421,1,800,4,1,,11,,5,28
4,4,421,1,800,5,1,,8,,3,16
4,4,421,1,800,6,1,,6,,6,16
4,4,421,1,800,7,1,,8,,20,16
4,11,1101,2,154,1,1,,1,6,24,42
4,11,1101,2,154,2,2,,2,8,14,0
4,11,1101,2,154,3,2,,3,8,18,0
4,11,1101,2,154,4,2,,2,9,24,0
4,11,1101,2,154,5,1,,6,8,43,0
4,11,1101,2,154,6,1,,6,11,27,28
4,11,1101,2,154,7,2,,3,11,30,16
4,11,1101,2,154,8,2,,2,8,21,0
4,11,1101,2,154,9,2,,6,2,19,0
4,11,1102,2,936,1,1,,1,8,21,13
4,11,1102,2,936,2,1,,3,6,18,16
4,11,1102,2,936,3,2,,8,2,25,11
4,11,1102,2,936,4,1,,6,3,16,14
4,11,1102,2,936,5,1,,11,6,12,16
4,11,1102,2,936,6,1,,8,6,10,0
4,11,1102,2,936,7,1,,2,8,14,0
4,11,1102,2,936,8,1,,7,6,8,41
4,11,1102,2,936,9,1,,9,11,6,16
4,11,1104,2,434,1,1,,1,8,30,0
4,11,1104,2,434,2,1,,6,11,30,16
4,11,1104,2,434,3,1,,8,8,26,0
4,11,1104,2,434,4,1,,6,8,37,0
4,11,1104,2,434,5,1,,6,8,40,0
4,11,1104,2,434,6,2,,2,6,34,0
4,11,1104,2,434,7,1,,6,3,24,0
4,11,1104,2,434,8,1,,9,6,27,16
4,11,1104,2,434,9,1,,7,6,40,0
4,11,1104,1,2028,1,1,,1,2,23,16
4,11,1104,1,2028,2,1,,9,8,8,42
4,11,1104,1,2028,3,1,,9,11,9,42
4,11,1104,1,2028,4,1,,5,2,10,43
4,11,1104,1,2028,5,1,,8,11,10,43
4,11,1104,1,2028,6,1,,6,8,9,42
4,11,1105,2,100,1,1,,1,6,30,42
4,11,1105,2,100,2,1,,8,6,25,16
4,11,1105,2,100,3,1,,1,9,24,42
4,11,1105,2,100,4,1,,6,8,14,0
4,11,1105,2,100,5,1,546,11,,10,16
4,11,1105,2,100,6,1,,8,6,12,28
4,11,1105,2,100,7,1,,3,9,16,21
4,11,1105,2,100,8,1,,6,8,13,28
4,11,1105,2,100,9,1,,8,6,12,16
4,11,1106,2,446,1,1,,1,11,14,42
4,11,1106,2,446,2,1,,6,4,20,42
4,11,1106,2,446,3,1,,3,11,4,16
4,11,1106,2,446,4,1,,6,8,17,16
4,11,1106,2,446,5,1,,8,8,24,0
4,11,1106,2,446,6,2,,8,2,20,0
4,11,1106,2,446,7,1,,6,3,30,0
4,11,1106,2,446,8,2,,2,6,27,0
4,11,1106,2,446,9,1,,6,8,20,0
4,11,1106,2,446,10,2,,2,6,27,0
4,11,1107,2,1034,1,1,,11,6,26,16
4,11,1107,2,1034,2,1,,1,8,30,22
4,11,1107,2,1034,3,1,,8,11,46,0
4,11,1107,2,1034,4,1,,6,3,29,26
4,11,1107,2,1034,5,1,,3,8,34,0
4,11,1107,2,1034,6,1,,8,6,32,26
4,11,1107,2,1034,7,1,,6,3,40,0
4,11,1107,2,1034,8,1,,6,3,46,0
4,11,1107,2,1034,9,2,,2,8,50,0
4,11,1108,2,492,1,1,,1,11,40,28
4,11,1108,2,492,2,1,,6,11,30,31
4,11,1108,2,492,3,1,,8,6,34,42
4,11,1108,2,492,4,2,,9,6,4,14
4,11,1108,2,492,5,1,,8,6,20,16
4,11,1108,2,492,6,2,,2,8,16,0
4,11,1108,2,492,7,2,,8,2,14,0
4,11,1108,2,492,8,1,,6,11,11,16
4,11,1108,2,492,9,1,,6,11,22,26
4,11,1109,2,672,1,2,,2,8,27,0
4,11,1109,2,672,2,1,,9,6,19,16
4,11,1109,2,672,3,1,,1,11,10,42
4,11,1109,2,672,4,1,,6,8,16,26
4,11,1109,2,672,5,1,,11,6,21,26
4,11,1109,2,672,6,1,,3,11,17,13
4,11,1109,2,672,7,1,,3,8,30,0
4,11,1109,2,672,8,1,,6,8,19,0
4,11,1109,2,672,9,2,,2,8,12,0
4,11,1110,2,714,1,1,,8,6,50,16
4,11,1110,2,714,2,2,,2,6,29,0
4,11,1110,2,714,3,1,,1,6,46,16
4,11,1110,2,714,4,1,,6,1,40,16
4,11,1110,2,714,5,1,,1,8,30,16
4,11,1110,2,714,6,1,,6,1,28,16
4,11,1110,2,714,7,1,,8,6,40,16
4,11,1110,2,714,8,1,,1,9,34,28
4,11,1110,2,2752,1,1,,1,9,70,16
4,11,1110,2,2752,2,1,,1,8,40,13
4,11,1110,2,2752,3,1,,6,3,47,0
4,11,1110,2,2752,4,1,,11,6,100,0
4,11,1110,2,2752,5,1,,8,9,40,16
4,11,1110,2,2752,6,1,,2,1,75,0
4,11,1110,2,2752,7,2,,8,2,35,0
4,11,1110,2,2752,8,1,,6,8,40,16
4,11,1110,2,2752,9,1,,1,11,74,0
4,11,1112,2,78,1,1,,1,6,40,26
4,11,1112,2,78,2,1,,9,6,47,42
4,11,1112,2,78,3,1,,1,6,25,16
4,11,1112,2,78,4,1,,1,2,24,0
4,11,1112,2,78,5,1,,11,1,36,0
4,11,1112,2,78,6,1,,1,9,28,23
4,11,1112,2,78,7,1,,1,2,39,16
4,11,1112,2,78,8,1,,8,1,17,15
4,11,1112,2,78,9,1,,1,3,21,16
4,11,1112,2,1952,1,1,,8,1,25,16
4,11,1112,2,1952,2,1,,1,9,5,43
4,11,1112,2,1952,3,1,,1,8,24,16
4,11,1112,2,1952,4,1,,1,8,10,22
4,11,1112,2,1952,5,1,,1,6,14,16
4,11,1112,2,1952,6,1,,1,9,7,26
4,11,1112,2,1952,7,2,,6,2,3,14
4,11,1113,2,954,1,1,,8,6,15,0
4,11,1113,2,954,2,2,,2,6,30,16
4,11,1113,2,954,3,1,,6,11,16,13
4,11,1113,2,954,4,2,,7,6,11,41
4,11,1113,2,954,5,1,,1,8,19,16
4,11,1113,2,954,6,2,,9,2,25,0
4,11,1113,2,954,7,1,,8,6,10,0
4,11,1113,2,954,8,1,,4,6,20,41
4,11,1113,2,954,9,1,,8,6,26,16
4,14,1401,2,1116,1,1,,1,,62,16
4,14,1401,2,1116,2,1,,3,,59,23
4,14,1401,2,1116,3,1,,3,,49,16
4,14,1401,2,1116,4,1,,11,,24,16
4,14,1401,2,1116,5,2,,11,,22,26
4,14,1401,2,1116,6,2,,2,,44,16
4,14,1403,1,34,1,1,,4,,6,41
4,14,1403,1,34,2,1,,9,,5,34
4,14,1403,1,34,3,2,,5,,5,42
4,14,1403,1,34,4,1,,8,,10,42
4,14,1403,1,34,5,2,,5,,10,43
4,14,1404,1,96,1,1,,1,1,38,26
4,14,1404,1,96,2,1,,8,8,42,16
4,14,1404,1,96,3,2,,8,8,30,16
4,14,1404,1,96,4,2,,11,11,23,26
4,14,1404,1,96,5,1,,11,11,21,26
4,14,1404,1,96,6,1,,11,11,21,26
4,14,1406,2,694,1,1,,1,,54,26
4,14,1406,2,694,2,1,,2,,51,26
4,14,1406,2,694,3,2,,8,,40,0
4,14,1406,2,694,4,1,,11,,70,13
4,14,1406,2,694,5,1,,2,,55,16
4,14,1406,2,694,6,1,,11,,33,16
4,14,1406,2,694,7,1,,11,,33,16
4,14,1406,2,694,8,2,,11,,17,23
4,14,1406,2,694,9,1,,11,,25,26
4,14,1407,2,68,1,1,,1,,85,0
4,14,1407,2,68,2,1,,3,,63,32
4,14,1407,2,68,3,2,,8,,40,0
4,14,1407,2,68,4,1,,11,,30,42
4,14,1407,2,68,5,2,,11,,35,41
4,14,1407,2,68,6,2,,11,,42,16
4,14,1407,2,68,7,1,,11,,50,0
4,14,1407,2,68,8,1,,11,,45,16
4,14,1407,2,68,9,1,,11,,30,26
4,14,1408,2,968,1,1,,1,,108,0
4,14,1408,2,968,2,1,,7,,67,16
4,14,1408,2,968,3,2,,8,,45,16
4,14,1408,2,968,4,2,,8,,49,16
4,14,1408,2,968,5,1,,8,,35,26
4,14,1408,2,968,6,1,,11,,19,25
4,14,1408,2,968,7,2,,11,,25,26
4,14,1408,2,1996,1,1,,1,,71,14
4,14,1408,2,1996,2,2,,2,,60,12
4,14,1408,2,1996,3,1,,11,,23,26
4,14,1408,2,1996,4,1,,11,,24,41
4,14,1408,2,1996,5,1,,4,,69,43
4,14,1408,2,1996,6,2,,11,,30,41
4,14,1410,2,236,1,1,,1,,87,0
4,14,1410,2,236,2,2,,2,,60,0
4,14,1410,2,236,3,1,,5,,58,42
4,14,1410,2,236,4,1,,11,,35,12
4,14,1410,2,236,5,2,,11,,22,16
4,14,1410,2,236,6,1,,11,,45,32
4,14,1411,2,1066,1,1,,1,,63,26
4,14,1411,2,1066,2,1,,3,,70,16
4,14,1411,2,1066,3,2,,11,,82,0
4,14,1411,2,1066,4,1,,11,,65,0
4,14,1411,2,1066,5,1,,11,,57,0
4,14,1411,2,1066,6,2,,8,,30,16
4,14,1411,2,1066,7,2,,11,,17,23
4,14,1411,2,1066,8,1,,11,,19,26
4,14,1413,2,670,1,1,,1,,80,0
4,14,1413,2,670,2,1,,3,,78,0
4,14,1413,2,670,3,1,,11,,22,26
4,14,1413,2,670,4,2,,11,,28,26
4,14,1413,2,670,5,1,,11,,45,16
4,14,1413,2,670,6,2,,8,,4,13
4,14,1413,2,670,7,2,,2,,69,0
4,14,1413,1,2578,1,1,,1,,67,43
4,14,1413,1,2578,2,2,,2,,46,23
4,14,1413,1,2578,3,1,,3,,44,26
4,14,1413,1,2578,4,1,,11,,27,43
4,14,1413,1,2578,5,2,,11,,18,25
4,14,1413,1,2578,6,1,,6,,65,41
4,14,1415,2,156,1,1,,1,,24,26
4,14,1415,2,156,2,2,,3,,70,12
4,14,1415,2,156,3,1,,11,,36,16
4,14,1415,2,156,4,1,,8,,40,16
4,14,1415,2,156,5,2,,5,,5,41
4,14,1415,2,156,6,1,,11,,24,26
4,14,1415,2,952,1,1,,1,,54,41
4,14,1415,2,952,2,2,,2,,48,41
4,14,1415,2,952,3,2,,8,,34,16
4,14,1415,2,952,4,1,,3,,52,26
4,14,1415,2,952,5,2,,8,,45,26
4,14,1415,2,952,6,1,,11,,70,0
4,14,1415,2,952,7,1,,11,,60,0
4,14,1415,2,952,8,2,,11,,18,25
4,14,1416,2,2314,1,1,,1,,81,16
4,14,1416,2,2314,2,2,,2,,59,12
4,14,1416,2,2314,3,1,,11,,54,16
4,14,1416,2,2314,4,1,,3,,37,42
4,14,1416,2,2314,5,1,,11,,40,16
4,14,1416,2,2314,6,1,,3,,72,16
4,14,1416,2,2314,7,2,,11,,32,26
5,3,301,1,1198,1,1,,3,,20,26
5,3,301,1,1198,2,1,,3,,22,26
5,3,301,1,1198,3,2,,2,,42,26
5,3,301,1,1198,4,1,,3,,50,12
5,3,301,1,1198,5,1,,3,,56,26
5,3,305,2,4,1,1,,3,,82,42
5,3,305,2,4,2,1,,3,,68,16
5,3,305,2,4,3,1,,1,,50,42
5,3,305,2,4,4,2,,6,,69,16
5,3,305,2,4,5,2,,6,,45,16
5,3,305,2,1542,1,1,,1,,46,26
5,3,305,2,1542,2,1,,3,,69,42
5,3,305,2,1542,3,2,,2,,35,31
5,3,305,2,1542,4,1,,3,,60,2
5,3,305,2,1542,5,1,,3,,60,16
5,3,307,1,634,1,1,,3,,64,12
5,3,307,1,634,2,1,,3,,70,16
5,3,307,1,634,3,2,,5,,24,42
5,3,307,1,634,4,2,,8,,14,34
5,3,307,1,634,5,1,,1,,40,43
5,3,309,2,478,1,2,,8,,24,23
5,3,309,2,478,2,2,,8,,28,11
5,3,309,2,478,3,1,,3,,18,23
5,3,309,2,478,4,1,,3,,31,16
5,3,309,2,478,5,1,,3,,29,28
5,3,312,2,20,1,1,,1,,40,16
5,3,312,2,20,2,1,,3,,23,26
5,3,312,2,20,3,2,,8,,30,16
5,3,312,2,20,4,2,,8,,60,0
5,3,312,2,20,5,1,,3,,31,13
5,3,313,2,70,1,2,,8,,77,0
5,3,313,2,70,2,1,,3,,18,16
5,3,313,2,70,3,1,,3,,46,16
5,3,313,2,70,4,2,,8,,36,16
5,3,313,2,70,5,1,,1,,52,16
5,3,316,2,874,1,1,,3,,38,16
5,3,316,2,874,2,2,,8,,37,13
5,3,316,2,874,3,1,,3,,40,14
5,3,316,2,874,4,2,,8,,47,16
5,3,316,2,874,5,1,,1,,36,16
5,3,316,2,874,6,1,,1,,32,16
5,3,318,2,1136,1,1,,5,,55,42
5,3,318,2,1136,2,1,,4,,40,16
5,3,318,2,1136,3,1,,8,,60,16
5,3,318,2,1136,4,2,,5,,55,42
5,3,318,2,1136,5,1,,8,,30,16
5,3,321,2,364,1,1,,1,,32,26
5,3,321,2,364,2,1,,3,,47,32
5,3,321,2,364,3,1,,3,,41,16
5,3,321,2,364,4,2,,8,,33,26
5,3,321,2,364,5,1,,3,,52,16
5,3,323,2,580,1,1,,3,,40,26
5,3,323,2,580,2,1,,1,,27,42
5,3,323,2,580,3,2,,8,,62,31
5,3,323,2,580,4,2,,8,,60,0
5,3,323,2,580,5,1,,3,,65,16
5,3,323,2,580,6,1,,1,,34,32
5,3,326,2,74,1,2,,1,,45,42
5,3,326,2,74,2,1,,3,,32,14
5,3,326,2,74,3,2,,8,,25,2
5,3,326,2,74,4,1,,5,,30,16
5,3,326,2,74,5,1,,3,,44,26
5,3,329,2,696,1,2,,1,,55,16
5,3,329,2,696,2,1,,3,,20,34
5,3,329,2,696,3,1,,3,,2,34
5,3,329,2,696,4,1,,8,,34,26
5,3,329,2,696,5,1,,3,,80,2
5,3,331,1,516,1,1,,3,,68,15
5,3,331,1,516,2,2,,8,,30,16
5,3,331,1,516,3,1,,3,,18,16
5,3,331,1,516,4,1,,10,,19,16
5,3,331,1,516,5,1,,1,,47,16
5,3,331,1,516,6,1,,,,,
5,3,331,1,2322,1,2,,8,,16,16
5,3,331,1,2322,2,1,,1,,70,16
5,3,331,1,2322,3,1,,1,,61,15
5,3,331,1,2322,4,1,,3,,29,16
5,3,331,1,2322,5,2,,8,,60,16
5,6,601,2,640,1,1,,1,,50,16
5,6,601,2,640,2,1,,11,,53,42
5,6,601,2,640,3,1,,11,,36,42
5,6,601,2,640,4,1,,5,,57,41
5,6,601,2,640,5,2,,8,,49,15
5,6,601,2,640,6,1,,11,,57,28
5,6,602,2,1356,1,1,,1,,36,23
5,6,602,2,1356,2,1,,11,,45,23
5,6,602,2,1356,3,1,,8,,36,23
5,6,602,2,1356,4,1,,3,,75,0
5,6,602,2,1356,5,2,,8,,55,0
5,6,605,2,162,1,1,,1,,53,43
5,6,605,2,162,2,1,,8,,42,42
5,6,605,2,162,3,1,,11,,57,23
5,6,605,2,162,4,1,,8,,34,42
5,6,605,2,162,5,2,,11,,48,42
5,6,606,2,1372,1,1,,1,,43,42
5,6,606,2,1372,2,1,,11,,50,23
5,6,606,2,1372,3,1,,11,,56,23
5,6,606,2,1372,4,1,,11,,34,42
5,6,606,2,1372,5,2,,8,,42,16
5,6,607,2,1892,1,1,,1,,53,42
5,6,607,2,1892,2,1,,3,,39,23
5,6,607,2,1892,3,1,,11,,42,23
5,6,607,2,1892,4,1,,8,,43,23
5,6,607,2,1892,5,2,,8,,55,16
5,6,607,2,1892,6,1,,8,,37,23
5,6,608,2,748,1,1,,1,,53,42
5,6,608,2,748,2,1,,11,,52,41
5,6,608,2,748,3,1,,3,,68,15
5,6,608,2,748,4,1,,11,,39,23
5,6,608,2,748,5,1,,,,41,23
5,6,608,2,748,6,2,,8,,35,15
5,6,608,2,748,7,1,,11,,45,23
5,9,901,2,398,1,1,,,,70,16
5,9,901,2,398,2,2,,,,62,16
5,9,901,2,398,3,1,,,,66,0
5,9,901,2,398,4,2,,,,25,0
5,9,901,2,398,5,1,,,,57,16
5,9,901,2,398,6,1,,,,61,0
5,9,901,2,398,7,1,,,,70,0
5,9,901,2,398,8,1,,,,53,16
5,9,901,2,398,9,2,,,,66,0
5,9,903,2,48,1,1,,1,,57,12
5,9,903,2,48,2,1,,3,,19,34
5,9,903,2,48,3,2,,2,,30,26
5,9,903,2,48,4,1,,5,,6,16
5,9,905,2,978,1,1,,1,,50,16
5,9,905,2,978,2,1,,3,,45,16
5,9,905,2,978,3,1,,3,,40,26
5,9,905,2,978,4,1,,3,,52,26
5,9,905,2,978,5,2,,8,,30,26
5,9,905,2,978,6,2,,8,,29,34
5,9,905,2,978,7,1,,9,,59,42
5,9,905,2,978,8,1,,9,,65,0
5,9,905,2,978,9,1,,11,,44,42
5,9,907,2,1446,1,1,,1,,65,16
5,9,907,2,1446,2,2,,2,,70,0
5,9,907,2,1446,3,1,,3,,67,26
5,9,907,2,1446,4,1,,3,,31,42
5,9,907,2,1446,5,2,,4,,52,42
5,9,907,2,1446,6,1,,10,,67,26
5,9,907,2,1446,7,1,,11,,73,16
5,9,907,2,1446,8,1,,11,,76,16
5,9,907,2,1446,9,1,,4,,75,16
5,9,908,1,278,1,1,,1,,4,16
5,9,908,1,278,2,1,,8,,18,0
5,9,908,1,278,3,1,,6,,6,34
5,9,908,1,278,4,1,,5,,7,43
5,9,908,1,278,5,2,,8,,7,34
5,9,908,1,278,6,1,,6,,10,16
5,9,910,2,200,1,1,,1,,63,16
5,9,910,2,200,2,1,,3,,53,42
5,9,910,2,200,3,2,,8,,65,16
5,9,910,2,200,4,1,,3,,60,16
5,9,910,2,200,5,2,,5,,64,16
5,9,910,2,200,6,1,,3,,97,13
5,9,910,2,200,7,1,,3,,49,16
5,9,910,2,200,8,1,,3,,50,16
5,9,910,2,200,9,1,,4,,37,41
5,9,912,2,102,1,1,,1,,72,16
5,9,912,2,102,2,1,,3,,52,34
5,9,912,2,102,3,1,,9,,65,16
5,9,912,2,102,4,1,,7,,43,41
5,9,912,2,102,5,2,,8,,45,16
5,9,912,2,102,6,1,,3,,50,41
5,9,912,2,102,7,1,,3,,56,13
5,9,912,2,102,8,2,,8,,45,13
5,9,912,2,102,9,1,,10,,57,14
5,9,913,2,2266,1,1,,1,,65,16
5,9,913,2,2266,2,1,,3,,70,0
5,9,913,2,2266,3,2,,8,,40,13
5,9,913,2,2266,4,1,,3,,50,16
5,9,913,2,2266,5,1,,9,,32,16
5,9,913,2,2266,6,2,,8,,35,0
5,9,913,2,2266,7,1,,3,,50,16
5,9,914,2,1746,1,1,,1,,50,16
5,9,914,2,1746,2,1,,3,,62,16
5,9,914,2,1746,3,2,,2,,62,0
5,9,914,2,1746,4,1,,3,,65,12
5,9,914,2,1746,5,1,,3,,25,41
5,9,914,2,1746,6,2,,7,,24,32
5,9,914,2,1746,7,1,,9,,60,14
5,9,914,2,1746,8,1,,10,,52,26
5,9,914,2,1746,9,1,,3,,65,16
5,9,915,1,1390,1,1,,1,,67,16
5,9,915,1,1390,2,2,,2,,50,16
5,9,915,1,1390,3,2,,11,,50,16
5,9,915,1,1390,4,1,,5,,55,16
5,9,915,1,1390,5,1,,5,,40,14
5,9,916,2,1068,1,1,,1,,83,42
5,9,916,2,1068,2,2,,2,,50,14
5,9,916,2,1068,3,1,,3,,57,32
5,9,916,2,1068,4,2,,8,,53,16
5,9,916,2,1068,5,2,,8,,20,26
5,9,916,2,1068,6,1,,9,,60,41
5,9,917,1,1254,1,1,,1,,72,32
5,9,917,1,1254,2,1,,3,,56,16
5,9,917,1,1254,3,2,,10,,28,28
5,9,917,1,1254,4,1,,9,,47,42
5,9,917,1,1254,5,2,,8,,30,41
5,9,917,1,1254,6,2,,8,,32,41
5,9,918,2,834,1,1,,1,,56,16
5,9,918,2,834,2,1,,6,,56,26
5,9,918,2,834,3,1,,3,,51,14
5,9,918,2,834,4,2,,2,,40,0
5,9,918,2,834,5,2,,8,,40,0
5,9,918,2,834,6,2,,8,,30,14
5,9,918,2,834,7,1,,3,,90,0
5,9,918,2,834,8,1,,3,,85,0
5,9,918,2,834,9,1,,9,,70,0
5,10,1001,2,172,1,1,,1,,41,41
5,10,1001,2,172,2,1,,3,,18,41
5,10,1001,2,172,3,2,,8,,20,28
5,10,1001,2,172,4,2,,8,,19,16
5,10,1001,2,172,5,2,,11,,2,28
5,10,1001,2,172,6,1,,3,,5,41
5,10,1001,2,172,7,1,,3,,5,41
5,10,1005,1,662,1,1,,1,,28,34
5,10,1005,1,662,2,1,,11,,50,16
5,10,1005,1,662,3,2,,2,,35,15
5,10,1005,2,1374,1,1,,1,,40,43
5,10,1005,2,1374,2,1,,2,,62,16
5,10,1005,2,1374,3,1,,11,,30,13
5,10,1005,2,1374,4,1,,3,,38,23
5,10,1005,2,1374,5,1,,11,,32,16
5,10,1005,2,1374,6,1,,11,,17,16
5,10,1005,2,1374,7,1,,11,,26,23
5,10,1005,2,1374,8,2,,8,,23,23
5,10,1005,2,1374,9,2,,11,,29,41
5,10,1007,1,1166,1,1,,1,,41,34
5,10,1007,1,1166,2,1,,3,,41,34
5,10,1007,1,1166,3,1,,11,,40,13
5,10,1007,1,1166,4,2,,9,,30,0
5,10,1007,1,1166,5,1,,3,,30,41
5,10,1007,1,1166,6,2,,9,,30,14
5,10,1007,1,1166,7,1,,7,,20,31
5,10,1008,2,1314,1,1,,11,,45,28
5,10,1008,2,1314,2,1,,11,,50,16
5,10,1008,2,1314,3,1,,11,,30,16
5,10,1008,2,1314,4,1,,11,,60,0
5,10,1008,2,1314,5,1,,11,,35,42
5,10,1008,2,1314,6,2,,11,,50,0
5,10,1008,2,1314,7,2,,11,,50,0
5,10,1008,2,1314,8,1,,1,,30,2
5,10,1008,2,1718,1,1,,11,,50,16
5,10,1008,2,1718,2,1,,11,,45,16
5,10,1008,2,1718,3,1,,11,,64,31
5,10,1008,2,1718,4,1,,11,,40,28
5,10,1008,2,1718,5,1,,7,3,64,41
5,10,1008,2,1718,6,1,,11,,45,28
5,10,1008,2,1718,7,2,,8,11,30,16
5,10,1010,2,20,1,1,,1,,6,32
5,10,1010,2,20,2,1,,11,,4,42
5,10,1010,2,20,3,1,,3,,20,16
5,10,1010,2,20,4,2,,8,,20,16
5,10,1012,2,936,1,1,,,11,70,16
5,10,1012,2,936,2,1,,,11,70,16
5,10,1012,2,936,3,1,,,11,70,16
5,10,1012,2,936,4,1,,,11,80,0
5,10,1012,2,936,5,1,,,11,80,0
5,10,1012,2,936,6,1,,,11,60,0
5,10,1012,2,936,7,2,,,11,55,16
5,10,1012,2,936,8,2,,,11,40,16
5,10,1012,2,936,9,1,,,11,80,41
5,10,1014,2,80,1,1,,,1,7,16
5,10,1014,2,80,2,1,,,3,10,41
5,10,1014,2,80,3,1,,,11,4,28
5,10,1014,2,80,4,1,,,11,7,42
5,10,1014,2,80,5,1,,,11,15,16
5,10,1014,2,80,6,1,,,11,15,28
5,10,1014,2,80,7,1,,,11,5,28
5,10,1014,2,80,8,2,,,11,5,28
5,10,1014,2,80,9,2,,,11,10,28
5,10,1018,1,634,1,1,,1,,20,43
5,10,1018,1,634,2,1,,8,,10,41
5,10,1018,1,634,3,2,,8,,10,41
5,10,1018,2,898,1,1,110,1,,80,14
5,10,1018,2,898,2,1,,11,,45,41
5,10,1018,2,898,3,2,,11,,30,16
5,10,1018,2,898,4,1,,11,,15,28
5,10,1018,2,898,5,2,,11,,26,16
5,10,1020,1,38,1,1,,1,,8,41
5,10,1020,1,38,2,1,,8,,10,41
5,10,1020,1,38,3,1,,8,,57,28
5,10,1020,1,38,4,1,,5,,13,42
5,10,1020,1,38,5,2,,8,,13,16
5,10,1021,2,120,1,1,,11,,60,16
5,10,1021,2,120,2,1,,11,,60,16
5,10,1021,2,120,3,1,,11,,20,28
5,10,1021,2,120,4,1,,11,,10,42
5,10,1021,2,120,5,1,,11,,20,28
5,10,1021,2,120,6,1,,11,,30,42
5,10,1025,2,1774,1,1,,1,,23,16
5,10,1025,2,1774,2,2,,2,,18,23
5,10,1025,2,1774,3,1,,8,,15,16
5,10,1025,2,1774,4,1,,11,,10,16
5,12,1202,1,2146,1,1,,1,1,22,0
5,12,1202,1,2146,2,1,,8,1,19,26
5,12,1202,1,2146,3,1,,11,11,17,16
5,12,1202,1,2146,4,1,,4,4,14,32
5,12,1202,1,2146,5,2,,11,11,20,0
5,12,1202,1,2710,1,1,,1,1,45,2
5,12,1202,1,2710,2,1,,11,11,36,16
5,12,1202,1,2710,3,1,,11,11,30,0
5,12,1202,1,2710,4,1,,11,11,32,31
5,12,1202,1,2710,5,2,,2,2,25,16
5,12,1204,2,736,1,1,,1,,86,15
5,12,1204,2,736,2,1,,11,,70,0
5,12,1204,2,736,3,1,,11,,75,16
5,12,1204,2,736,4,1,,11,,24,16
5,12,1204,2,736,5,1,,11,,75,0
5,12,1204,2,736,6,2,,2,,60,0
5,12,1204,2,736,7,1,,11,,78,0
5,12,1204,2,736,8,1,,11,,50,13
5,12,1208,2,526,1,1,,1,1,63,11
5,12,1208,2,526,2,1,,11,11,70,0
5,12,1208,2,526,3,1,,4,4,52,42
5,12,1208,2,526,4,1,,11,11,71,0
5,12,1208,2,526,5,1,,11,11,80,0
5,12,1208,2,526,6,1,,11,11,65,0
5,12,1208,2,526,7,1,,11,11,72,0
5,12,1210,2,462,1,1,,1,1,27,16
5,12,1210,2,462,2,1,,11,11,60,31
5,12,1210,2,462,3,1,,11,11,42,23
5,12,1210,2,462,4,1,,8,8,30,42
5,12,1210,2,462,5,2,,2,2,30,26
5,12,1210,2,462,6,2,,11,11,20,23
5,12,1211,1,2220,1,1,,1,1,38,16
5,12,1211,1,2220,2,1,,11,11,36,0
5,12,1211,1,2220,3,1,,11,11,37,0
5,12,1211,1,2220,4,1,,11,11,32,31
5,12,1211,1,2220,5,1,,11,11,27,0
5,12,1211,1,2220,6,1,,11,11,32,26
5,12,1211,1,2220,7,1,,10,10,27,42
5,12,1211,1,2220,8,2,,11,11,26,0
5,12,1211,1,2856,1,1,,1,1,65,31
5,12,1211,1,2856,2,1,,11,11,51,31
5,12,1211,1,2856,3,1,,11,11,60,16
5,12,1211,1,2856,4,2,,11,11,61,16
5,12,1211,1,2856,5,1,,8,8,10,26
5,12,1212,1,1392,1,1,,1,1,21,0
5,12,1212,1,1392,2,1,,9,9,18,0
5,12,1212,1,1392,3,1,,11,11,19,0
5,12,1212,1,1392,4,1,,8,8,14,32
5,12,1212,1,1392,5,2,,11,11,3,31
5,12,1212,1,1392,6,1,,8,8,15,31
5,12,1212,1,1392,7,2,,2,8,20,16
5,12,1214,2,452,1,1,,1,7,7,
5,12,1214,2,452,2,1,,11,11,39,23
5,12,1214,2,452,3,1,,11,11,30,0
5,12,1214,2,452,4,2,,2,2,3,16
5,12,1214,2,452,5,1,,11,11,24,41
5,12,1214,2,452,6,1,,11,11,25,41
5,12,1214,2,452,7,1,,9,9,5,41
5,12,1216,2,618,1,1,,1,1,25,0
5,12,1216,2,618,2,1,,11,11,14,23
5,12,1216,2,618,3,2,,2,2,25,0
5,12,1216,2,618,4,1,,11,11,5,0
5,12,1216,2,618,5,1,,11,11,3,26
5,32,3201,2,2034,1,1,,1,1,42,26
5,32,3201,2,2034,2,1,,11,11,56,16
5,32,3201,2,2034,3,2,,2,2,29,23
5,32,3201,2,2034,4,1,,11,11,35,32
5,32,3201,2,2034,5,2,,11,11,45,32
5,32,3202,2,84,1,1,,1,,72,42
5,32,3202,2,84,2,1,,11,,73,0
5,32,3202,2,84,3,1,,11,,50,42
5,32,3202,2,84,4,1,,11,,40,42
5,32,3202,2,84,5,2,,11,,50,42
5,32,3203,2,2644,1,1,,1,,57,16
5,32,3203,2,2644,2,1,,11,,60,16
5,32,3203,2,2644,3,1,,11,,41,26
5,32,3203,2,2644,4,2,,2,,46,26
5,32,3203,2,2644,5,1,,11,,30,42
5,32,3204,1,346,1,1,,1,1,78,42
5,32,3204,1,346,2,1,,11,11,64,43
5,32,3204,1,346,3,2,,2,2,62,26
5,32,3204,1,346,4,1,,11,11,30,42
5,32,3204,1,346,5,2,,11,11,28,26
5,32,3206,2,276,1,1,,1,1,75,42
5,32,3206,2,276,2,1,,11,11,66,42
5,32,3206,2,276,3,2,,11,11,42,16
5,32,3206,2,276,4,1,,11,11,38,41
5,32,3206,2,276,5,2,,11,11,54,32
5,32,3207,2,1464,1,1,,1,1,55,42
5,32,3207,2,1464,2,1,,11,11,48,26
5,32,3207,2,1464,3,1,,11,11,50,16
5,32,3207,2,1464,4,1,,11,11,35,26
5,32,3207,2,1464,5,2,,11,11,58,16
5,32,3208,2,2244,1,1,,1,1,65,31
5,32,3208,2,2244,2,1,,11,11,60,32
5,32,3208,2,2244,3,1,,11,11,58,34
5,32,3208,2,2244,4,1,,11,11,40,34
5,32,3208,2,2244,5,2,,11,11,40,42
5,32,3209,1,1208,1,1,,1,,72,23
5,32,3209,1,1208,2,2,,2,,58,0
5,32,3209,1,1208,3,1,,8,,34,42
5,32,3209,1,1208,4,1,,3,,69,26
5,32,3209,1,1208,5,2,,8,,47,26
5,32,3210,2,1692,1,1,,1,,62,41
5,32,3210,2,1692,2,2,,2,,56,
5,32,3210,2,1692,3,1,,3,,54,42
5,32,3210,2,1692,4,1,,3,,70,16
5,32,3210,2,1692,5,1,,3,,65,16
5,32,3210,2,1692,6,1,,5,,46,42
5,32,3210,2,1692,7,1,,8,,34,26
5,32,3210,2,1692,8,1,,11,,40,16
5,32,3212,2,314,1,1,,1,,74,42
5,32,3212,2,314,2,2,,2,,54,16
5,32,3212,2,314,3,1,,3,,62,43
5,32,3212,2,314,4,1,,11,,35,26
5,32,3212,2,314,5,1,,3,,61,16
5,32,3212,2,314,6,1,,11,,33,26
5,32,3212,2,314,7,1,,11,,40,16
5,32,3213,2,128,1,1,,1,,62,24
5,32,3213,2,128,2,1,,3,,40,43
5,32,3213,2,128,3,1,,3,,50,42
5,32,3213,2,128,4,2,,2,,45,23
5,32,3213,2,128,5,1,,11,,39,26
5,32,3213,2,128,6,1,,8,,60,26
5,32,3215,1,1896,1,1,,1,1,14,42
5,32,3215,1,1896,2,1,,8,8,8,16
5,32,3215,1,1896,3,1,,8,8,10,16
5,32,3215,1,1896,4,2,,2,2,14,26
5,32,3215,1,2978,1,1,,1,,44,42
5,32,3215,1,2978,2,1,,3,,63,26
5,32,3215,1,2978,3,2,,11,,50,42
5,32,3215,1,2978,4,1,,3,,38,42
5,32,3215,1,2978,5,1,,11,,34,26
5,32,3215,1,2978,6,1,,11,,35,26
5,32,3215,1,4712,1,1,,1,1,21,43
5,32,3215,1,4712,2,2,,11,11,32,42
5,32,3215,1,4712,3,1,,11,11,30,42
5,32,3215,1,4712,4,1,,11,11,20,26
5,32,3215,1,4712,5,1,,11,11,18,42
5,32,3216,2,1184,1,1,,1,,60,16
5,32,3216,2,1184,2,1,,11,,57,32
5,32,3216,2,1184,3,1,,11,,35,26
5,32,3216,2,1184,4,1,,11,,38,16
5,32,3216,2,1184,5,2,,11,,58,16
5,32,3218,2,296,1,1,,1,,55,42
5,32,3218,2,296,2,2,,2,,10,41
5,32,3218,2,296,3,1,,4,,50,43
5,32,3218,2,296,4,1,,11,,49,41
5,32,3218,2,296,5,1,,11,,47,26
5,32,3221,2,132,1,1,,1,,51,26
5,32,3221,2,132,2,1,,3,,65,42
5,32,3221,2,132,3,1,,11,,48,42
5,32,3221,2,132,4,2,,8,,22,26
5,32,3221,2,132,5,2,,11,,69,16
5,32,3222,1,1624,1,1,,1,,32,28
5,32,3222,1,1624,2,1,,3,,16,26
5,32,3222,1,1624,3,2,,2,,32,34
5,32,3222,1,1624,4,1,,3,,38,43
5,32,3222,1,1624,5,1,,3,,30,41
5,32,3222,1,2780,1,1,,1,,67,41
5,32,3222,1,2780,2,2,,2,,40,26
5,32,3222,1,2780,3,1,,3,,2,41
5,32,3222,1,2780,4,1,,8,,68,16
5,32,3222,1,2780,5,1,,3,,40,42
5,32,3223,2,390,1,1,,1,,67,16
5,32,3223,2,390,2,1,,4,,52,43
5,32,3223,2,390,3,1,,11,,45,42
5,32,3223,2,390,4,2,,2,,42,16
5,32,3223,2,390,5,2,,8,,45,23
5,32,3223,2,578,1,1,,1,,42,16
5,32,3223,2,578,2,1,,3,,13,16
5,32,3223,2,578,3,1,,3,,30,16
5,32,3223,2,578,4,1,,3,,35,0
5,32,3223,2,578,5,2,,2,,16,0
5,32,3223,2,578,6,2,,8,,22,15
5,32,3223,2,578,7,1,,11,,5,16
6,13,1301,1,1206,1,1,,1,,50,11
6,13,1301,1,1206,2,1,,11,,15,42
6,13,1301,1,1206,3,1,,11,,40,33
6,13,1301,1,1206,4,1,,3,,70,16
6,13,1301,1,1206,5,2,,7,,20,42
6,13,1303,1,626,1,1,,1,,82,16
6,13,1303,1,626,2,1,,3,,76,31
6,13,1303,1,626,3,1,,3,,87,12
6,13,1303,1,626,4,1,,3,,66,23
6,13,1303,1,626,5,2,,8,,68,0
6,13,1305,1,1232,1,1,,1,,97,0
6,13,1305,1,1232,2,1,,3,9,75,11
6,13,1305,1,1232,3,1,,9,,65,16
6,13,1305,1,1232,4,2,,2,,80,0
6,13,1305,1,1232,5,1,,11,,40,31
6,13,1307,1,268,1,1,,1,,59,43
6,13,1307,1,268,2,1,,3,,15,43
6,13,1307,1,268,3,1,,3,,40,16
6,13,1307,1,268,4,1,,3,,51,16
6,13,1307,1,268,5,2,,3,8,70,16
6,13,1307,1,268,6,1,,9,,80,16
6,13,1307,1,268,7,1,,3,,80,26
6,13,1309,2,674,1,1,,1,,42,14
6,13,1309,2,674,2,1,,3,,50,16
6,13,1309,2,674,3,1,,11,,18,16
6,13,1309,2,674,4,2,,11,,40,0
6,13,1309,2,674,5,1,,11,,15,26
6,13,1309,2,674,6,1,,11,,22,26
6,13,1310,1,1300,1,1,,1,,70,43
6,13,1310,1,1300,2,1,,3,,78,0
6,13,1310,1,1300,3,1,,3,,70,34
6,13,1310,1,1300,4,1,,11,,70,0
6,13,1310,1,1300,5,1,,11,,72,13
6,13,1310,1,1300,6,1,,11,,81,16
6,13,1310,1,1300,7,2,,8,,70,12
6,13,1310,1,1300,8,1,,11,,50,33
6,13,1310,1,1300,9,1,,10,,60,16
6,13,1314,1,6,1,1,,1,,72,0
6,13,1314,1,6,2,1,,3,,60,0
6,13,1314,1,6,3,1,,11,,20,13
6,13,1314,1,6,4,1,,11,,48,16
6,13,1314,1,6,5,1,,11,,38,16
6,13,1314,1,6,6,2,,8,,60,16
6,13,1314,1,6,7,1,,8,,42,16
6,13,1314,1,6,8,1,,11,,38,33
6,24,2401,1,766,1,1,,1,,40,42
6,24,2401,1,766,2,1,,11,,17,33
6,24,2401,1,766,3,1,,11,,20,26
6,24,2401,1,766,4,1,,11,,22,26
6,24,2401,1,766,5,1,,11,,15,26
6,24,2403,1,674,1,1,,1,,8,14
6,24,2403,1,674,2,1,,11,,6,16
6,24,2403,1,674,3,1,,8,,7,16
6,24,2403,1,674,4,2,,8,,8,26
6,24,2403,1,1588,1,1,,1,,40,26
6,24,2403,1,1588,2,1,,11,,35,32
6,24,2403,1,1588,3,1,,11,,30,26
6,24,2403,1,1588,4,1,,10,,5,26
6,24,2403,1,3592,1,1,,1,,30,26
6,24,2403,1,3592,2,1,,11,,43,42
6,24,2403,1,3592,3,1,,3,,12,16
6,24,2403,1,3592,4,2,,8,,10,41
6,24,2403,1,3592,5,1,,11,,15,26
6,24,2403,1,3592,6,1,,11,,26,26
6,24,2403,1,7586,1,1,,1,,55,26
6,24,2403,1,7586,2,1,,11,,40,26
6,24,2403,1,7586,3,1,,11,,76,0
6,24,2403,1,7586,4,1,,11,,70,42
6,24,2403,1,7586,5,1,,10,,5,42
6,24,2403,1,7586,6,2,,8,,15,34
6,24,2405,1,134,1,1,,,,,
6,24,2405,1,134,2,2,,8,,30,0
6,24,2405,1,134,3,1,,9,,12,16
6,24,2405,1,134,4,1,,11,,35,0
6,24,2405,1,134,5,1,,3,,15,42
6,24,2405,1,134,6,2,,8,,10,16
6,24,2407,2,396,1,1,,1,,40,16
6,24,2407,2,396,2,1,,11,,30,34
6,24,2407,2,396,3,1,,3,,40,16
6,24,2407,2,396,4,1,,10,,30,41
6,24,2407,2,396,5,1,,11,,15,26
6,24,2407,2,396,6,1,,9,,2,26
6,24,2407,2,396,7,1,,8,,20,16
6,24,2407,2,396,8,1,,11,,40,16
6,24,2407,2,396,9,1,,,,,
6,24,2408,1,2074,1,1,,1,,5,42
6,24,2408,1,2074,2,2,,11,,9,32
6,24,2408,1,2074,3,1,,10,,4,26
6,24,2408,1,2074,4,2,,8,,3,26
6,24,2408,1,2074,5,1,,11,,10,26
6,24,2411,1,788,1,1,,11,,33,41
6,24,2411,1,788,2,1,,11,,25,42
6,24,2411,1,788,3,2,,11,,37,26
6,24,2411,1,788,4,2,,11,,40,42
6,24,2411,1,788,5,1,,11,,37,42
6,24,2412,1,2798,1,1,,10,,7,25
6,24,2412,1,2798,2,1,,3,,9,26
6,24,2412,1,2798,3,1,,1,,85,0
6,24,2412,1,2798,4,1,,9,,30,16
6,24,2412,1,2798,5,2,,8,,7,26
6,24,2413,1,306,1,2,,8,,30,26
6,24,2413,1,306,2,2,,11,,25,42
6,24,2413,1,306,3,1,,11,,10,42
6,24,2413,1,306,4,1,,8,,38,41
6,24,2413,1,306,5,2,,2,,25,26
6,24,2415,1,696,1,2,,8,,21,26
6,24,2415,1,696,2,1,,1,,20,16
6,24,2415,1,696,3,1,,9,,10,26
6,24,2415,1,696,4,1,,11,,40,16
6,24,2415,1,696,5,1,,3,,22,14
6,24,2417,1,112,1,1,,1,,67,0
6,24,2417,1,112,2,1,,11,,40,16
6,24,2417,1,112,3,1,,11,,20,42
6,24,2417,1,112,4,1,,7,,9,42
6,24,2417,1,924,1,1,,1,,31,16
6,24,2417,1,924,2,1,,3,,20,26
6,24,2417,1,924,3,1,,11,,15,26
6,24,2418,1,1770,1,1,,3,,18,41
6,24,2418,1,1770,2,1,,1,,28,43
6,24,2418,1,1770,3,2,,9,,30,12
6,24,2419,1,330,1,1,,3,,20,42
6,24,2419,1,330,2,1,,1,,50,0
6,24,2419,1,330,3,1,,1,,73,26
6,24,2419,1,330,4,1,,11,,48,26
6,24,2419,1,330,5,1,,11,,78,26
6,24,2419,1,330,6,2,,8,,25,42
6,27,2701,1,506,1,1,,1,,29,42
6,27,2701,1,506,2,2,,11,,25,26
6,27,2701,1,506,3,1,,11,,30,26
6,27,2701,1,506,4,2,,11,,48,16
6,27,2701,1,506,5,1,,11,,32,16
6,27,2703,1,1076,1,1,,1,,27,27
6,27,2703,1,1076,2,1,,11,,28,26
6,27,2703,1,1076,3,1,,11,,25,26
6,27,2703,1,1076,4,2,,11,,18,16
6,27,2703,1,1076,5,1,,11,,20,32
6,27,2703,1,1076,6,1,,11,,27,41
6,27,2703,1,1612,1,1,,1,,15,42
6,27,2703,1,1612,2,1,,11,,14,43
6,27,2703,1,1612,3,1,,11,,22,33
6,27,2703,1,1612,4,1,,9,,12,42
6,27,2703,1,1612,5,1,,11,,10,42
6,27,2703,1,1612,6,2,,8,,22,24
6,27,2704,2,204,1,1,,11,,50,16
6,27,2704,2,204,2,1,,11,,52,16
6,27,2704,2,204,3,1,,11,,60,27
6,27,2704,2,204,4,1,,1,,53,28
6,27,2707,1,1410,1,1,,1,,21,41
6,27,2707,1,1410,2,1,,11,,12,16
6,27,2707,1,1410,3,1,,11,,19,27
6,27,2707,1,1410,4,2,,11,,21,16
6,27,2707,1,1410,5,1,,9,,10,32
6,27,2707,1,1410,6,1,,11,,15,0
6,27,2707,1,2136,1,1,,1,,27,27
6,27,2707,1,2136,2,1,,11,,19,33
6,27,2707,1,2136,3,1,,11,,19,33
6,27,2707,1,2136,4,1,,11,,20,26
6,27,2707,1,2136,5,1,,11,,28,34
6,27,2707,1,2136,6,2,,8,,19,26
6,27,2709,1,1646,1,1,,1,,28,41
6,27,2709,1,1646,2,1,,11,,20,16
6,27,2709,1,1646,3,2,,8,,15,0
6,27,2709,1,1646,4,1,,11,,10,0
6,27,2709,1,1646,5,1,,11,,3,41
6,27,2711,1,710,1,1,,1,,17,27
6,27,2711,1,710,2,1,,11,,2,28
6,27,2711,1,710,3,1,,8,,10,16
6,27,2711,1,710,4,1,,11,,21,26
6,27,2711,1,710,5,2,,8,,17,22
6,27,2712,2,110,1,1,,11,,50,28
6,27,2712,2,110,2,1,,11,,57,26
6,27,2712,2,110,3,2,,11,,90,0
6,27,2712,2,110,4,1,,1,,10,0
6,27,2712,2,110,5,1,,1,,100,0
6,27,2715,2,752,1,1,,11,,45,41
6,27,2715,2,752,2,1,,1,,40,26
6,27,2715,2,752,3,1,,11,,50,14
6,27,2715,2,752,4,1,,11,,77,0
6,27,2715,2,752,5,1,,11,,27,28
6,27,2715,2,752,6,1,,11,,30,28
6,27,2719,2,100,1,1,,1,,40,0
6,27,2719,2,100,2,1,,11,,82,0
6,27,2719,2,100,3,2,,11,,12,16
6,27,2719,2,100,4,2,,9,,8,16
6,27,2719,2,100,5,1,,10,,22,16
6,28,2802,2,566,1,1,,1,,54,34
6,28,2802,2,566,2,1,,5,,70,42
6,28,2802,2,566,3,1,,9,,66,34
6,28,2802,2,566,4,2,,8,,55,16
6,28,2802,2,566,5,2,,8,,52,16
6,28,2802,2,566,6,1,,9,,39,28
6,28,2802,2,566,7,1,,11,,68,34
6,28,2802,2,566,8,1,,7,,40,23
6,28,2802,2,566,9,1,,1,,75,0
6,28,2804,1,340,1,1,,1,,70,0
6,28,2804,1,340,2,1,,1,,67,43
6,28,2804,1,340,3,2,,8,,60,16
6,28,2804,1,340,4,1,,11,,60,16
6,28,2804,1,340,5,1,,11,,70,27
6,28,2804,1,340,6,1,,9,,52,42
6,28,2804,1,340,7,1,,1,,70,16
6,28,2804,1,340,8,1,,6,,50,16
6,28,2804,1,340,9,2,,11,,60,16
6,28,2806,1,164,1,1,,11,,11,34
6,28,2806,1,164,2,1,,8,,8,43
6,28,2806,1,164,3,2,,8,,3,41
6,28,2806,1,164,4,1,,8,,7,16
6,28,2806,1,164,5,2,,11,,3,42
6,28,2806,1,164,6,1,,11,,5,43
6,28,2806,1,164,7,1,,5,,6,42
6,28,2806,1,164,8,1,,1,,8,42
6,28,2806,1,164,9,2,,8,,8,23
6,28,2806,1,802,1,1,,1,,72,43
6,28,2806,1,802,2,1,,1,,70,28
6,28,2806,1,802,3,1,,1,,70,16
6,28,2806,1,802,4,1,,1,,70,16
6,28,2806,1,802,5,1,,11,,68,0
6,28,2806,1,802,6,1,,9,,54,23
6,28,2806,1,802,7,2,,8,,34,22
6,28,2806,1,802,8,2,,8,,15,0
6,28,2806,1,802,9,1,,11,,32,16
6,28,2807,2,1266,1,1,,5,,55,43
6,28,2807,2,1266,2,2,,8,,28,0
6,28,2807,2,1266,3,2,,8,,26,22
6,28,2807,2,1266,4,1,,11,,68,16
6,28,2807,2,1266,5,1,,3,,45,16
6,28,2807,2,1266,6,1,,9,,57,16
6,28,2807,2,1266,7,1,,1,,80,0
6,28,2807,2,1266,8,1,,8,,35,23
6,28,2807,2,1266,9,1,,5,,40,16
6,28,2810,2,2394,1,1,,1,,56,16
6,28,2810,2,2394,2,1,,11,,40,16
6,28,2810,2,2394,3,1,,3,,25,23
6,28,2810,2,2394,4,2,,8,,10,12
6,28,2810,2,2394,5,2,,8,,60,0
6,28,2810,2,2394,6,1,,8,,25,16
6,28,2810,2,2394,7,1,,9,,52,28
6,28,2810,2,2394,8,2,,8,,35,16
6,28,2810,2,2394,9,1,,5,,30,34
6,28,2810,1,3722,1,1,,1,,72,43
6,28,2810,1,3722,2,1,,11,,35,23
6,28,2810,1,3722,3,1,,9,,42,23
6,28,2810,1,3722,4,1,,8,,45,34
6,28,2810,1,3722,5,1,,8,,38,34
6,28,2810,1,3722,6,1,,3,,37,42
6,28,2810,1,3722,7,2,,8,,60,23
6,28,2810,1,3722,8,2,,8,,40,16
6,28,2810,1,3722,9,1,,5,,42,42
6,28,2811,2,588,1,1,,1,,25,23
6,28,2811,2,588,2,1,,11,,50,0
6,28,2811,2,588,3,2,,8,,10,23
6,28,2811,2,588,4,1,,11,,17,34
6,28,2811,2,588,5,1,,11,,13,0
6,28,2811,2,588,6,1,,11,,10,15
6,28,2811,2,588,7,2,,8,,10,21
6,28,2811,2,588,8,2,,8,,25,16
6,28,2811,2,588,9,2,,8,,15,16
6,28,2813,2,612,1,1,,1,,50,28
6,28,2813,2,612,2,1,,9,,45,28
6,28,2813,2,612,3,1,,9,,14,34
6,28,2813,2,612,4,1,,11,,50,0
6,28,2813,2,612,5,1,,11,,50,0
6,28,2813,2,612,6,2,,8,,15,23
6,28,2813,2,612,7,2,,8,,10,23
6,28,2813,2,612,8,2,,8,,15,0
6,28,2813,2,612,9,1,,11,,50,0
6,28,2814,1,1876,1,1,,1,,40,0
6,28,2814,1,1876,2,1,,11,,5,16
6,28,2814,1,1876,3,1,,11,,20,16
6,28,2814,1,1876,4,1,,9,,3,41
6,28,2814,1,1876,5,2,,11,,3,34
6,28,2814,1,1876,6,1,,11,,11,16
6,28,2814,1,1876,7,2,,11,,11,22
6,28,2814,1,1876,8,1,,9,,3,16
6,28,2814,1,1876,9,1,,11,,12,0
6,28,2815,2,1164,1,1,,1,,60,32
6,28,2815,2,1164,2,1,,1,,70,0
6,28,2815,2,1164,3,1,,1,,75,0
6,28,2815,2,1164,4,1,,9,,42,34
6,28,2815,2,1164,5,2,,8,,40,16
6,28,2815,2,1164,6,2,,8,,35,0
6,28,2815,2,1164,7,1,,4,,1,34
6,28,2815,2,1164,8,1,,8,,70,13
6,28,2815,2,1164,9,1,,1,,60,28
6,28,2816,1,2302,1,1,,1,,40,14
6,28,2816,1,2302,2,1,,11,,50,14
6,28,2816,1,2302,3,2,,7,,1,26
6,28,2816,1,2302,4,1,,9,,25,23
6,28,2816,1,2302,5,2,,8,,30,16
6,28,2816,1,2302,6,1,,5,,18,32
6,28,2816,1,2302,7,1,,11,,18,26
6,28,2816,1,2302,8,1,,11,,30,23
6,28,2816,1,2302,9,1,,11,,12,26
6,28,2816,2,3944,1,1,,1,,57,43
6,28,2816,2,3944,2,1,,1,,57,16
6,28,2816,2,3944,3,1,,9,,45,0
6,28,2816,2,3944,4,1,,11,,45,43
6,28,2816,2,3944,5,1,,9,,10,43
6,28,2816,2,3944,6,1,,11,,25,0
6,28,2816,2,3944,7,2,,8,,19,23
6,28,2816,2,3944,8,2,,8,,5,23
6,28,2816,2,3944,9,2,,8,,20,23
6,29,2902,1,1028,1,1,,3,,49,34
6,29,2902,1,1028,2,1,,11,,45,16
6,29,2902,1,1028,3,2,,11,,65,0
6,29,2902,1,1028,4,2,,8,,39,31
6,29,2902,1,1028,5,2,,2,,40,0
6,29,2905,1,1096,1,1,,9,,76,0
6,29,2905,1,1096,2,1,,11,,70,31
6,29,2905,1,1096,3,1,,1,,78,33
6,29,2905,1,1096,4,1,,11,,42,34
6,29,2905,1,1096,5,2,,8,,7,26
6,29,2909,2,220,1,1,,11,,30,16
6,29,2909,2,220,2,1,,11,,7,23
6,29,2909,2,220,3,1,,11,,20,26
6,29,2909,2,220,4,1,,9,,80,16
6,29,2909,2,220,5,2,,11,,40,11
6,29,2910,1,350,1,1,,1,,10,0
6,29,2910,1,350,2,1,,8,,25,16
6,29,2910,1,350,3,1,,11,,35,34
6,29,2910,1,350,4,2,,8,,7,13
6,29,2911,1,746,1,1,,1,,20,16
6,29,2911,1,746,2,1,,4,,16,42
6,29,2911,1,746,3,1,,5,,3,34
6,29,2911,1,746,4,1,,11,,10,42
6,29,2911,1,746,5,2,,8,,20,23
6,29,2911,1,746,6,1,,11,,15,34
6,29,2911,2,1870,1,1,,11,,70,14
6,29,2911,2,1870,2,1,,11,,10,0
6,29,2911,2,1870,3,1,,11,,30,26
6,29,2911,2,1870,4,1,,11,,35,26
6,29,2911,2,1870,5,1,,11,,2,26
6,29,2911,2,1870,6,1,,11,,16,31
6,29,2911,2,1870,7,2,,8,,8,25
6,29,2914,1,214,1,1,,11,,25,32
6,29,2914,1,214,2,1,,11,,35,16
6,29,2914,1,214,3,1,,11,,13,13
6,29,2914,1,214,4,1,,11,,11,26
6,29,2914,1,214,5,2,,8,,10,26
6,29,2914,1,214,6,1,,11,,12,15
6,29,2918,1,952,1,1,,1,,28,16
6,29,2918,1,952,2,2,,5,,2,34
6,29,2918,1,952,3,2,,8,,15,13
6,29,2918,1,952,4,2,,9,,5,16
6,29,2918,1,952,5,1,,11,,5,26
6,29,2920,1,1210,1,1,,1,,40,34
6,29,2920,1,1210,2,1,,11,,15,16
6,29,2920,1,1210,3,2,,8,,22,0
6,29,2920,1,1210,4,2,,8,,5,16
6,29,2920,1,1210,5,2,,8,,22,16
6,29,2920,1,1210,6,1,,8,,1,16
6,29,2920,1,1210,7,1,,9,,11,26
6,29,2920,2,1628,1,1,,1,,85,0
6,29,2920,2,1628,2,1,,11,,71,16
6,29,2920,2,1628,3,1,,11,,46,26
6,29,2920,2,1628,4,2,,11,,35,0
6,29,2920,2,1628,5,2,,11,,18,25
6,29,2920,2,1628,6,2,,11,,20,0
6,29,2920,2,1628,7,1,,11,,45,15
6,29,2923,1,396,1,1,,3,,10,41
6,29,2923,1,396,2,1,,11,,22,31
6,29,2923,1,396,3,1,,11,,15,42
6,29,2923,1,396,4,2,,8,,10,26
6,29,2923,1,396,5,2,,8,,15,0
6,29,2923,2,1126,1,1,,11,,65,26
6,29,2923,2,1126,2,1,,11,,23,16
6,29,2923,2,1126,3,1,,8,,33,26
6,29,2923,2,1126,4,1,,8,,14,26
6,29,2923,2,1126,5,2,,8,,67,0
6,29,2923,2,1126,6,1,,8,,34,26
6,29,2923,2,1126,7,1,,8,,15,43
6,29,2930,1,1418,1,1,,9,,,
6,29,2930,1,1418,2,1,,11,,70,31
6,29,2930,1,1418,3,1,,1,,78,33
6,29,2930,1,1418,4,1,,11,,42,34
6,29,2930,1,1418,5,2,,8,7,,
6,30,3002,1,1264,1,1,,9,3,34,16
6,30,3002,1,1264,2,1,,1,9,18,16
6,30,3002,1,1264,3,2,,2,8,18,0
6,30,3002,1,1264,4,1,,8,3,3,23
6,30,3002,1,1264,5,1,,1,9,14,43
6,30,3002,1,1264,6,1,,1,9,13,16
6,30,3002,1,1310,1,1,,1,8,57,0
6,30,3002,1,1310,2,1,,9,3,60,16
6,30,3002,1,1310,3,1,,3,8,47,16
6,30,3002,1,1310,4,2,,3,8,30,26
6,30,3002,1,1310,5,1,,8,3,33,26
6,30,3004,2,216,1,1,,1,9,26,0
6,30,3004,2,216,2,1,,1,9,10,0
6,30,3004,2,216,3,1,,1,8,12,0
6,30,3004,2,216,4,1,,1,9,10,16
6,30,3004,2,216,5,1,,3,9,6,16
6,30,3004,2,216,6,2,,3,1,20,0
6,30,3004,2,216,7,1,,1,8,9,0
6,30,3005,1,2870,1,1,,1,,12,42
6,30,3005,1,2870,2,1,,3,,10,42
6,30,3005,1,2870,3,2,,8,,14,0
6,30,3005,1,2942,1,1,,1,,11,42
6,30,3005,1,2942,2,1,,8,,9,41
6,30,3005,1,2942,3,1,,3,,11,41
6,30,3005,1,2942,4,2,,5,,6,42
6,30,3005,1,2942,5,1,,9,,20,41
6,30,3005,1,2942,6,1,,9,,24,51
6,30,3007,1,1624,1,1,,1,,20,26
6,30,3007,1,1624,2,1,,11,,8,26
6,30,3007,1,1624,3,2,,8,,0,23
6,30,3007,1,1624,4,1,,9,,40,0
6,30,3009,1,764,1,2,,1,,35,0
6,30,3009,1,764,2,1,,9,,3,14
6,30,3009,1,764,3,1,,1,,25,31
6,30,3009,1,1642,1,1,,9,,20,16
6,30,3009,1,1642,2,2,,8,,20,26
6,30,3009,1,1642,3,1,,8,,19,26
6,30,3009,1,1642,4,2,,8,,10,16
6,30,3009,1,1642,5,1,,11,,14,26
6,30,3010,1,1762,1,1,,1,,80,0
6,30,3010,1,1762,2,2,,2,,60,0
6,30,3010,1,1762,3,2,,11,,10,16
6,30,3010,1,1762,4,2,,8,,2,16
6,30,3012,2,334,1,1,,1,,46,26
6,30,3012,2,334,2,1,,3,,38,0
6,30,3012,2,334,3,1,,11,,20,22
6,30,3012,2,334,4,2,,8,,21,33
6,30,3012,2,334,5,1,,3,,30,0
6,30,3012,2,334,6,2,,2,,10,26
6,30,3014,2,120,1,1,,1,,30,0
6,30,3014,2,120,2,2,,1,,30,0
6,30,3014,2,120,3,1,,3,,11,0
6,30,3014,2,120,4,1,,3,,16,26
6,30,3014,2,120,5,1,,3,,17,16
6,30,3014,2,120,6,1,,3,,13,33
6,30,3014,2,120,7,1,,3,,14,23
6,30,3014,2,120,8,1,,3,,16,26
6,30,3014,2,120,9,2,,7,,0,
6,30,3015,2,1688,1,1,,1,9,20,0
6,30,3015,2,1688,2,2,,2,8,20,0
6,30,3015,2,1688,3,1,,1,9,10,0
6,30,3015,2,1688,4,1,,1,9,12,16
6,30,3015,2,1688,5,1,,3,9,3,16
6,30,3016,1,390,1,1,,1,8,64,0
6,30,3016,1,390,2,1,,6,1,65,0
6,30,3016,1,390,3,1,,3,9,43,0
6,30,3016,1,390,4,2,,8,9,72,0
6,30,3016,1,390,5,1,,1,3,61,16
6,30,3016,1,390,6,1,,1,9,80,0
6,30,3018,2,914,1,1,,1,,10,0
6,30,3018,2,914,2,1,,1,,25,0
6,30,3018,2,914,3,1,,1,,60,28
6,30,3018,2,914,4,1,,1,,20,0
6,30,3018,2,914,5,1,,1,,5,0
6,30,3018,2,914,6,1,,1,,22,0
6,30,3020,1,322,1,1,,1,,19,42
6,30,3020,1,322,2,1,,11,,20,
6,30,3020,1,322,3,2,,8,,12,
6,30,3020,1,322,4,2,,5,,17,41
6,30,3020,1,322,5,2,,8,,23,41
6,30,3023,2,622,1,1,,1,9,55,0
6,30,3023,2,622,2,1,,1,9,54,16
6,30,3023,2,622,3,1,,1,9,70,15
6,30,3023,2,622,4,1,,1,3,60,0
6,30,3023,2,622,5,2,,3,8,70,16
6,30,3023,2,622,6,1,,9,3,45,26
6,30,3023,2,622,7,1,,3,8,40,26
6,30,3024,1,1406,1,1,,1,,15,41
6,30,3024,1,1406,2,2,,3,,9,26
6,30,3024,1,1406,3,1,,3,,6,34
6,30,3024,1,1406,4,1,,3,,12,42
6,30,3024,1,1406,5,1,999,3,,9,42
6,30,3024,1,1924,1,1,,1,,7,43
6,30,3024,1,1924,2,1,,1,,25,41
6,30,3024,1,1924,3,1,,3,,23,26
6,30,3024,1,1924,4,1,,5,,15,42
6,30,3024,1,1924,5,1,,3,,16,41
6,30,3025,1,2052,1,1,,1,1,53,32
6,30,3025,1,2052,2,1,,3,,42,34
6,30,3025,1,2052,3,2,,8,,25,0
6,30,3025,1,2052,4,1,,3,,60,28
6,30,3025,1,2052,5,2,,2,,20,16
6,30,3025,1,2052,6,2,,2,,15,16
6,30,3030,1,946,1,1,,1,9,66,16
6,30,3030,1,946,2,1,,9,1,55,16
6,30,3030,1,946,3,1,,1,9,67,26
6,30,3030,1,946,4,1,,2,9,70,0
6,30,3030,1,946,5,1,,9,3,41,31
6,30,3030,1,946,6,1,,3,9,59,26
6,30,3032,2,520,1,1,,1,9,9,16
6,30,3032,2,520,2,1,,3,9,4,16
6,30,3032,2,520,3,1,,3,8,4,0
6,30,3032,2,520,4,1,,9,1,7,0
6,30,3032,2,520,5,1,,2,8,4,16
6,30,3032,2,520,6,1,,3,9,6,0
6,30,3032,2,520,7,1,,3,9,6,0
6,30,3032,1,1088,1,1,,1,8,9,0
6,30,3032,1,1088,2,1,,1,9,4,0
6,30,3032,1,1088,3,1,,3,9,1,41
6,30,3032,1,1088,4,1,,3,8,9,13
6,30,3032,1,1088,5,2,,2,8,9,0
6,30,3032,1,1088,6,2,,2,8,4,0
6,30,3033,2,554,1,1,,1,9,75,15
6,30,3033,2,554,2,1,,3,9,60,16
6,30,3033,2,554,3,1,,8,1,75,0
6,30,3033,2,554,4,1,,3,6,46,16
6,30,3033,2,554,5,1,,1,9,42,0
