"zone","state","lga","sector","ea","hhid","plotid","doc_id","s11b1q10a","s11b1q10b_1","s11b1q10b_2","s11b1q10b_3","s11b1q10b_4","s11b1q10b_5","s11b1q10b_6"
4,1,115,1,670,10001,1,2,1,1,2,,,,
4,1,115,1,670,10001,1,5,1,1,2,,,,
4,1,115,1,670,10003,1,2,1,1,2,,,,
4,1,115,1,670,10008,1,2,1,1,2,,,,
4,1,102,1,1690,10053,1,2,1,1,,,,,
4,1,102,1,1690,10053,1,3,1,1,,,,,
4,1,102,1,1690,10053,1,6,1,1,,,,,
4,1,107,2,1044,10064,1,3,2,,,,,,
4,1,104,2,412,19048,1,1,1,1,,,,,
4,1,109,2,1214,19094,2,4,1,1,2,,,,
4,1,113,2,284,19197,1,2,1,1,,,,,
4,1,113,2,284,19197,1,5,1,1,,,,,
4,1,113,2,284,19197,1,6,1,1,,,,,
4,1,102,1,806,19284,1,2,1,1,,,,,
4,1,102,1,806,19284,1,3,1,1,,,,,
4,1,102,1,806,19284,1,4,1,1,,,,,
4,1,102,1,806,19284,1,6,1,1,,,,,
2,2,210,2,1300,20061,3,3,1,1,,,,,
2,2,210,2,1300,20063,7,2,2,,,,,,
2,2,210,2,1300,20064,1,3,1,1,,,,,
2,2,210,2,1300,20064,3,3,1,1,,,,,
2,2,210,2,1300,20064,4,3,2,,,,,,
2,2,210,2,1300,20064,5,3,2,,,,,,
2,2,210,2,1300,20064,6,3,1,1,,,,,
2,2,207,2,1302,20091,3,3,1,1,,,,,
2,2,204,2,144,29006,4,1,1,1,,,,,
2,2,209,2,10,29058,1,2,1,1,2,,,,
2,2,210,2,924,29063,4,3,1,1,,,,,
2,2,210,2,924,29064,4,3,2,,,,,,
2,2,210,2,924,29065,3,2,2,,,,,,
2,2,211,2,668,29101,3,2,1,1,,,,,
2,2,211,2,668,29103,3,1,1,1,,,,,
2,2,211,2,668,29105,3,2,1,1,,,,,
2,2,212,2,100,29109,1,4,1,1,2,,,,
2,2,215,2,814,29169,3,2,2,,,,,,
2,2,218,2,1624,29181,4,6,1,1,2,,,,
2,2,218,2,1624,29183,1,3,1,1,,,,,
2,2,218,2,1624,29183,2,3,1,1,,,,,
2,2,219,2,124,29198,1,3,1,1,,,,,
2,2,219,2,124,29198,2,3,1,1,,,,,
2,2,219,2,124,29198,3,3,1,1,,,,,
2,2,219,2,124,29199,1,2,1,1,,,,,
2,2,219,2,124,29199,2,1,1,1,,,,,
2,2,220,2,112,29206,1,2,1,5,,,,,
2,2,220,2,112,29211,1,3,1,1,,,,,
2,2,220,2,112,29211,2,5,1,1,2,,,,
2,2,220,2,112,29213,1,2,1,1,,,,,
2,2,221,1,750,29218,2,1,1,1,5,,,,
2,2,221,1,750,29218,3,1,1,1,5,,,,
2,2,221,1,750,29219,3,2,1,1,,,,,
2,2,221,1,750,29220,1,2,1,1,,,,,
2,2,221,1,750,29220,2,2,1,1,,,,,
2,2,221,1,750,29220,3,3,1,1,,,,,
2,2,221,1,750,29226,2,3,1,1,,,,,
2,2,221,1,750,29226,3,2,2,,,,,,
5,3,316,2,874,30022,1,2,1,1,,,,,
5,3,316,2,874,30023,2,5,1,1,,,,,
5,3,316,2,874,30024,2,5,1,1,4,10,,,
5,3,316,2,874,30024,2,6,1,1,4,10,,,
5,3,316,2,874,30025,1,5,1,1,,,,,
5,3,316,2,874,30025,1,6,1,1,,,,,
5,3,316,2,874,30026,1,2,1,1,2,,,,
5,3,316,2,0,30029,1,2,1,1,2,,,,
5,3,316,2,0,30029,1,6,1,1,2,,,,
5,3,307,1,634,30044,1,2,1,1,2,,,,
5,3,307,1,634,30044,1,5,1,1,2,,,,
5,3,307,1,634,30044,1,6,2,,,,,,
5,3,307,1,634,30045,1,5,1,1,,,,,
5,3,307,1,634,30045,1,6,1,1,,,,,
5,3,307,1,634,30046,1,2,1,1,,,,,
5,3,307,1,634,30046,1,5,1,1,,,,,
5,3,307,1,634,30046,1,6,1,1,,,,,
5,3,307,1,634,30046,2,2,2,,,,,,
5,3,307,1,634,30046,3,2,1,1,,,,,
5,3,307,1,634,30049,3,2,1,1,,,,,
5,3,318,2,1136,30084,1,2,1,3,4,,,,
5,3,318,2,1136,30086,3,1,1,1,2,,,,
5,3,331,1,0,30092,1,2,1,1,,,,,
5,3,331,1,0,30092,1,5,1,1,,,,,
5,3,313,2,70,30093,1,2,1,1,,,,,
5,3,301,1,1198,30103,1,3,2,,,,,,
5,3,301,1,1198,30103,3,2,1,1,2,,,,
5,3,301,1,1198,30104,1,2,2,,,,,,
5,3,301,1,1198,30104,1,5,2,,,,,,
5,3,301,1,1198,30106,2,3,1,1,2,,,,
5,3,301,1,1198,30107,2,6,1,1,3,4,5,7,
5,3,301,1,1198,30108,1,3,1,3,,,,,
5,3,301,1,1198,30108,2,3,1,3,,,,,
5,3,301,1,1198,30108,2,6,2,,,,,,
5,3,301,1,1198,30109,1,2,1,1,,,,,
5,3,301,1,1198,30109,1,5,1,1,,,,,
5,3,301,1,1198,30110,1,2,1,1,,,,,
5,3,301,1,1198,30110,1,5,1,1,,,,,
5,3,301,1,1198,30110,1,6,1,1,,,,,
5,3,301,1,1198,30110,2,2,1,1,,,,,
5,3,301,1,1198,30110,2,5,1,1,,,,,
5,3,301,1,1198,30110,3,1,1,1,,,,,
5,3,301,1,1198,30110,3,4,1,1,,,,,
5,3,305,2,1542,30121,3,3,1,1,,,,,
5,3,305,2,1542,30122,3,3,1,1,2,,,,
5,3,305,2,1542,30124,2,3,1,1,,,,,
5,3,305,2,1542,30124,3,3,1,1,,,,,
5,3,305,2,1542,30124,3,6,2,,,,,,
5,3,305,2,1542,30125,1,3,1,1,,,,,
5,3,305,2,1542,30125,2,3,1,1,,,,,
5,3,305,2,1542,30126,1,3,1,2,,,,,
5,3,305,2,1542,30128,3,1,1,1,2,3,,,
5,3,305,2,1542,30128,4,1,1,1,2,3,,,
5,3,312,2,20,30134,2,3,1,1,,,,,
5,3,312,2,20,30135,1,3,1,1,,,,,
5,3,312,2,20,30139,1,1,1,1,4,,,,
5,3,312,2,20,30139,4,2,1,1,,,,,
5,3,312,2,20,30139,4,5,1,1,,,,,
5,3,305,2,1164,39012,1,2,1,1,2,,,,
5,3,305,2,1164,39017,3,2,1,1,3,,,,
5,3,308,2,102,39023,2,2,1,1,,,,,
5,3,308,2,102,39029,1,5,1,1,,,,,
5,3,308,2,102,39029,1,6,1,1,,,,,
5,3,308,2,102,39031,1,3,1,1,,,,,
5,3,309,2,698,39036,2,1,1,1,2,,,,
5,3,309,2,698,39036,2,3,1,1,2,,,,
5,3,309,2,698,39036,2,5,1,1,,,,,
5,3,309,2,698,39037,4,3,1,1,,,,,
5,3,309,2,698,39043,1,3,1,1,,,,,
5,3,316,2,910,39048,1,1,1,1,,,,,
5,3,316,2,910,39048,2,2,1,1,,,,,
5,3,316,2,910,39048,2,7,1,1,,,,,
5,3,316,2,910,39048,3,2,1,1,,,,,
5,3,316,2,910,39048,3,4,1,1,,,,,
5,3,316,2,910,39048,3,6,1,1,,,,,
5,3,316,2,910,39053,1,2,1,2,,,,,
5,3,316,2,910,39053,1,5,1,2,,,,,
5,3,316,2,910,39053,1,6,1,2,,,,,
5,3,317,2,586,39061,2,1,1,1,,,,,
5,3,317,2,586,39061,3,1,1,1,2,3,,,
5,3,317,2,586,39061,5,1,1,1,2,3,,,
5,3,317,2,586,39064,1,2,1,1,,,,,
5,3,317,2,586,39064,1,5,1,1,,,,,
5,3,317,2,586,39064,1,6,1,1,,,,,
5,3,317,2,586,39064,4,2,1,1,,,,,
5,3,317,2,586,39064,4,5,1,1,,,,,
5,3,317,2,586,39064,5,3,1,1,,,,,
5,3,317,2,586,39064,5,5,1,1,,,,,
5,3,317,2,586,39066,1,2,1,10,,,,,
5,3,317,2,586,39066,3,2,1,9,,,,,
5,3,318,2,56,39071,1,2,1,1,,,,,
5,3,318,2,56,39071,2,2,1,1,,,,,
5,3,318,2,56,39071,8,2,1,1,,,,,
5,3,318,2,56,39074,4,2,1,1,,,,,
5,3,318,2,56,39077,3,2,1,1,,,,,
5,3,318,2,56,39078,1,1,1,1,,,,,
5,3,304,2,10,39083,1,5,1,1,,,,,
5,3,304,2,10,39083,2,5,1,1,,,,,
5,3,304,2,184,39096,2,2,1,1,,,,,
5,3,320,2,266,39114,1,3,2,,,,,,
5,3,320,2,266,39114,1,5,2,,,,,,
5,3,320,2,266,39114,2,3,1,1,,,,,
5,3,320,2,266,39114,2,5,1,1,,,,,
5,3,320,2,266,39114,3,3,2,,,,,,
5,3,320,2,266,39114,3,5,2,,,,,,
5,3,320,2,266,39114,4,5,2,,,,,,
5,3,320,2,266,39114,4,6,2,,,,,,
5,3,320,2,266,39114,6,3,2,,,,,,
5,3,320,2,266,39115,1,1,1,1,,,,,
5,3,320,2,266,39115,1,3,1,1,,,,,
5,3,320,2,266,39116,2,2,1,1,,,,,
5,3,326,2,502,39140,3,1,1,1,2,3,,,
5,3,326,2,502,39140,6,1,1,1,2,,,,
5,3,326,2,502,39142,3,1,1,1,2,,,,
5,3,327,2,196,39151,5,1,1,1,,,,,
5,3,327,2,246,39159,1,2,1,1,,,,,
5,3,327,2,246,39159,3,2,1,1,,,,,
5,3,327,2,246,39160,1,1,1,1,,,,,
5,3,327,2,246,39160,3,1,1,1,,,,,
5,3,327,2,246,39160,4,1,1,1,,,,,
5,3,327,2,246,39161,1,1,1,1,2,,,,
5,3,327,2,246,39161,1,3,1,1,2,,,,
5,3,327,2,246,39161,2,1,1,1,2,,,,
5,3,327,2,246,39161,2,3,1,1,2,,,,
5,3,327,2,246,39161,3,1,1,1,2,,,,
5,3,327,2,246,39161,3,3,1,1,2,,,,
5,3,329,2,608,39169,3,2,1,1,,,,,
5,3,329,2,608,39169,3,5,1,1,,,,,
5,3,329,2,608,39169,3,6,1,1,,,,,
5,3,329,2,608,39170,2,2,1,1,,,,,
5,3,329,2,608,39174,1,1,1,1,2,,,,
5,3,316,2,910,39185,1,1,1,1,,,,,
5,3,316,2,910,39185,2,5,1,1,,,,,
5,3,316,2,910,39185,2,6,1,1,,,,,
5,3,316,2,910,39186,1,3,1,1,,,,,
5,3,316,2,910,39186,1,6,1,1,,,,,
5,3,316,2,910,39186,3,3,1,1,,,,,
5,3,316,2,910,39186,4,1,1,1,,,,,
5,3,316,2,910,39186,5,1,1,1,,,,,
5,3,316,2,910,39186,8,1,1,1,,,,,
5,3,317,2,586,39187,1,2,1,1,,,,,
5,3,317,2,586,39187,1,5,1,1,,,,,
5,3,317,2,586,39187,1,6,1,1,,,,,
5,3,304,2,184,39193,1,2,1,1,,,,,
5,3,304,2,184,39193,1,6,1,1,,,,,
5,3,304,2,184,39193,4,2,1,1,,,,,
5,3,304,2,184,39193,4,3,1,1,,,,,
4,4,402,2,1080,40208,2,3,1,1,,,,,
6,24,406,1,0,40210,2,3,1,2,,,,,
4,4,405,2,716,49013,4,1,1,1,,,,,
4,4,405,2,716,49013,4,3,1,1,,,,,
4,4,405,2,716,49015,4,2,1,1,,,,,
4,4,412,1,1562,49037,1,1,1,1,,,,,
4,4,412,1,1562,49038,1,1,1,2,,,,,
4,4,412,1,1562,49038,2,1,1,2,,,,,
4,4,417,1,114,49073,1,2,1,1,,,,,
4,4,417,1,114,49073,1,3,1,1,,,,,
4,4,417,1,114,49073,1,5,1,1,,,,,
4,4,417,1,114,49073,1,6,1,1,,,,,
4,4,420,1,1296,49104,4,1,1,1,,,,,
4,4,407,1,680,49129,1,2,1,1,,,,,
4,4,407,1,680,49129,1,3,1,1,,,,,
4,4,407,1,680,49129,1,5,1,1,,,,,
2,5,513,2,348,50054,3,2,2,,,,,,
2,5,520,2,1756,50163,3,3,1,1,,,,,
2,5,520,2,1756,50166,3,3,1,1,,,,,
2,5,502,1,562,59005,6,2,1,1,,,,,
2,5,502,1,562,59011,1,2,1,1,,,,,
2,5,502,1,562,59011,1,6,1,1,,,,,
2,5,504,2,406,59025,1,3,1,1,,,,,
2,5,504,2,406,59025,2,3,1,1,,,,,
2,5,504,2,406,59025,3,3,2,,,,,,
2,5,504,2,406,59034,1,3,1,1,,,,,
2,5,504,2,406,59034,2,3,1,1,,,,,
2,5,504,2,406,59034,3,3,1,1,,,,,
2,5,504,2,406,59034,4,3,1,1,,,,,
2,5,504,2,406,59035,1,3,1,1,,,,,
2,5,504,2,406,59035,2,3,1,1,,,,,
2,5,504,2,406,59035,3,3,1,1,,,,,
2,5,504,2,1162,59037,1,3,1,1,,,,,
2,5,504,2,1162,59037,2,3,1,1,,,,,
2,5,504,2,1162,59037,3,3,1,1,,,,,
2,5,504,2,1162,59037,4,3,1,1,,,,,
2,5,504,2,1162,59037,5,3,1,1,,,,,
2,5,504,2,1162,59037,6,3,1,1,,,,,
2,5,504,2,1162,59039,1,3,1,1,,,,,
2,5,504,2,1162,59039,2,3,1,1,,,,,
2,5,504,2,1162,59039,3,3,1,1,,,,,
2,5,504,2,1162,59040,1,3,1,1,,,,,
2,5,504,2,1162,59040,2,3,1,1,,,,,
2,5,504,2,1162,59040,3,3,1,1,,,,,
2,5,505,2,1292,59049,1,3,1,1,,,,,
2,5,505,2,1292,59049,2,3,1,1,,,,,
2,5,505,2,1292,59050,1,3,1,1,,,,,
2,5,505,2,1292,59050,2,3,1,1,,,,,
2,5,505,2,1292,59050,3,3,1,1,,,,,
2,5,505,2,1292,59050,4,3,1,1,,,,,
2,5,505,2,1292,59052,1,3,1,1,,,,,
2,5,505,2,1292,59052,3,3,1,1,,,,,
2,5,505,2,1716,59062,1,3,1,1,,,,,
2,5,505,2,1716,59062,2,3,1,1,,,,,
2,5,505,2,1716,59063,1,3,1,1,,,,,
2,5,505,2,1716,59063,2,3,1,1,,,,,
2,5,505,2,1716,59063,3,3,1,1,,,,,
2,5,505,2,1716,59064,1,3,1,1,,,,,
2,5,505,2,1716,59064,2,1,1,1,,,,,
2,5,505,2,1716,59064,3,3,1,1,,,,,
2,5,507,2,230,59092,1,3,1,1,,,,,
2,5,507,2,230,59092,2,8,1,1,,,,,
2,5,507,2,230,59092,3,8,1,1,,,,,
2,5,507,2,230,59092,4,3,1,1,,,,,
2,5,507,2,230,59093,1,3,1,1,,,,,
2,5,507,2,230,59093,2,3,1,1,,,,,
2,5,507,2,230,59093,3,1,1,1,,,,,
2,5,507,2,230,59093,4,3,1,1,,,,,
2,5,507,2,230,59095,3,1,1,1,,,,,
2,5,507,2,230,59095,4,3,1,1,,,,,
2,5,507,2,230,59095,5,3,1,1,,,,,
2,5,509,2,1064,59097,1,3,1,1,,,,,
2,5,509,2,1064,59097,3,3,1,1,,,,,
2,5,509,2,1064,59098,1,1,1,1,,,,,
2,5,509,2,1064,59098,2,1,1,1,,,,,
2,5,509,2,1064,59098,3,3,1,1,,,,,
2,5,509,2,1064,59098,4,3,1,1,,,,,
2,5,509,2,1064,59098,5,3,1,1,,,,,
2,5,509,2,1064,59098,6,3,1,1,,,,,
2,5,509,2,1064,59098,7,3,1,1,,,,,
2,5,509,2,1064,59099,1,3,1,1,,,,,
2,5,509,2,1064,59099,2,3,1,1,,,,,
2,5,509,2,1064,59099,3,3,1,1,,,,,
2,5,508,2,2196,59110,1,3,1,1,,,,,
2,5,508,2,2196,59110,2,3,1,1,,,,,
2,5,508,2,2196,59110,3,3,1,1,,,,,
2,5,508,2,2196,59110,4,3,1,1,,,,,
2,5,508,2,2196,59111,1,3,1,1,,,,,
2,5,508,2,2196,59111,3,3,1,1,,,,,
2,5,508,2,2196,59111,4,3,1,1,,,,,
2,5,508,2,2196,59111,5,3,1,1,,,,,
2,5,508,2,2196,59112,1,3,1,1,,,,,
2,5,508,2,2196,59112,2,3,1,1,,,,,
2,5,508,2,2196,59112,3,3,1,1,,,,,
2,5,508,2,2196,59112,4,3,1,1,,,,,
2,5,511,2,796,59121,1,3,1,1,,,,,
2,5,511,2,796,59121,2,3,1,1,,,,,
2,5,511,2,796,59121,3,3,1,1,,,,,
2,5,511,2,796,59122,1,3,1,1,,,,,
2,5,511,2,796,59122,2,1,1,1,,,,,
2,5,511,2,796,59122,3,1,1,1,,,,,
2,5,511,2,796,59122,4,3,1,1,,,,,
2,5,511,2,796,59122,5,3,1,1,,,,,
2,5,511,2,796,59124,1,3,1,1,,,,,
2,5,511,2,796,59124,2,3,1,1,,,,,
2,5,511,2,796,59124,3,3,1,1,,,,,
2,5,511,2,796,59124,4,3,1,1,,,,,
2,5,511,2,796,59125,1,1,1,1,,,,,
2,5,511,2,796,59125,2,3,1,1,,,,,
2,5,511,2,796,59125,3,1,1,1,,,,,
2,5,511,2,796,59125,4,3,1,1,,,,,
2,5,516,2,134,59145,1,3,1,1,,,,,
2,5,516,2,134,59145,2,3,1,1,,,,,
2,5,516,2,134,59145,3,3,1,1,,,,,
2,5,516,2,134,59145,4,3,1,1,,,,,
2,5,516,2,134,59147,1,3,1,1,,,,,
2,5,516,2,134,59147,2,3,1,1,,,,,
2,5,516,2,134,59147,3,3,1,1,,,,,
2,5,516,2,134,59147,4,3,1,1,,,,,
2,5,516,2,134,59148,1,3,1,1,,,,,
2,5,516,2,134,59148,2,3,1,1,,,,,
2,5,516,2,134,59148,3,3,1,1,,,,,
2,5,517,2,1424,59158,1,1,1,1,,,,,
2,5,518,2,2802,59182,3,2,1,1,,,,,
2,5,518,2,2802,59182,4,2,1,1,,,,,
2,5,518,2,2802,59182,5,2,1,1,,,,,
2,5,518,2,2802,59184,1,2,1,1,,,,,
2,5,518,2,2802,59184,2,2,1,1,,,,,
2,5,518,2,2802,59184,3,2,1,1,,,,,
5,6,608,1,0,60032,1,1,1,1,,,,,
5,6,608,1,0,60032,1,3,1,1,,,,,
5,6,608,1,0,60032,1,5,1,1,,,,,
5,6,607,2,1892,60034,2,4,1,1,,,,,
5,6,607,2,1892,60037,1,3,1,3,4,,,,
5,6,607,2,1892,60037,1,5,2,,,,,,
5,6,607,2,1892,60037,1,6,2,,,,,,
5,6,607,2,1892,60037,3,1,1,1,3,4,,,
5,6,607,2,1892,60037,3,3,1,1,3,4,,,
5,6,607,2,1892,60037,3,5,1,1,,,,,
5,6,607,2,1892,60037,3,6,1,1,,,,,
5,6,607,2,1892,60038,3,1,2,,,,,,
5,6,607,2,1892,60038,3,3,2,,,,,,
5,6,607,2,1892,60038,3,5,2,,,,,,
5,6,605,2,162,60051,3,2,2,,,,,,
5,6,605,2,162,60055,1,3,2,,,,,,
5,6,605,2,162,60055,1,5,2,,,,,,
5,6,605,2,162,60055,2,3,1,2,,,,,
5,6,605,2,162,60055,2,5,1,2,,,,,
5,6,608,2,1288,69037,9,3,2,,,,,,
5,6,608,2,1288,69038,8,6,1,1,,,,,
5,6,608,2,1288,69042,4,3,1,2,,,,,
1,7,708,2,754,70011,1,3,2,,,,,,
1,7,708,2,754,70011,2,3,2,,,,,,
1,7,708,2,754,70012,1,3,1,1,,,,,
1,7,708,2,754,70012,3,3,2,,,,,,
1,7,708,2,754,70013,2,3,1,1,,,,,
1,7,713,2,304,70155,1,7,1,1,,,,,
1,7,713,2,304,70156,1,2,1,1,,,,,
1,7,713,2,304,70156,2,2,1,1,,,,,
1,7,701,2,104,79005,5,7,1,1,,,,,
1,7,702,2,954,79021,4,1,1,1,,,,,
1,7,705,1,3834,79038,4,3,2,,,,,,
1,7,718,2,504,79088,1,2,1,1,,,,,
1,7,718,2,504,79095,1,1,1,1,,,,,
1,7,718,2,504,79095,3,1,1,1,,,,,
2,8,821,1,1448,80013,1,2,1,1,,,,,
2,8,821,1,1448,80013,2,1,1,1,,,,,
2,8,821,1,1448,80013,3,1,1,1,,,,,
2,8,821,1,1448,80017,1,2,1,1,,,,,
2,8,821,1,1448,80017,2,2,1,1,,,,,
2,8,821,1,1448,80018,3,2,1,1,,,,,
2,8,821,1,1448,80019,1,1,1,1,3,,,,
2,8,821,1,1448,80020,1,1,1,1,,,,,
2,8,805,2,46,80099,1,3,1,1,,,,,
2,8,805,2,46,80100,1,3,1,1,,,,,
2,8,805,2,46,80100,3,3,1,1,,,,,
2,8,821,1,12,89003,1,3,1,1,,,,,
2,8,821,1,12,89003,2,3,1,1,,,,,
2,8,821,1,12,89006,1,1,1,1,,,,,
2,8,821,1,1628,89016,7,2,2,,,,,,
2,8,821,1,1628,89022,1,3,2,,,,,,
2,8,821,1,1628,89022,2,3,1,1,,,,,
2,8,821,1,1628,89022,3,3,1,1,,,,,
5,9,908,1,0,90006,1,2,1,2,,,,,
5,9,908,1,0,90006,1,5,1,2,,,,,
5,9,908,1,0,90006,1,6,1,2,,,,,
5,9,910,2,370,99043,4,2,1,1,,,,,
5,9,910,2,730,99053,2,8,1,1,,,,,
5,9,913,2,1510,99062,3,8,1,1,,,,,
5,9,917,2,2282,99080,3,3,1,1,,,,,
5,9,910,2,730,99094,2,3,1,1,,,,,
5,10,1018,1,634,100117,1,3,1,1,,,,,
5,10,1018,1,634,100117,1,5,2,,,,,,
5,10,1018,1,634,100117,2,2,1,1,,,,,
5,10,1018,1,634,100117,2,5,1,1,,,,,
5,10,1025,2,1774,100131,1,2,1,1,,,,,
5,10,1025,2,1774,100131,1,5,1,1,,,,,
5,10,1025,2,1774,100131,1,6,1,1,,,,,
5,10,1006,2,474,109023,2,3,1,1,,,,,
5,10,1006,2,474,109023,2,5,1,1,,,,,
5,10,1006,2,474,109023,2,7,1,1,,,,,
5,10,1012,2,428,109049,2,2,1,2,3,,,,
5,10,1013,2,1054,109108,1,2,1,1,,,,,
5,10,1013,2,1054,109108,1,3,1,1,,,,,
5,10,1013,2,1054,109110,1,2,2,,,,,,
5,10,1013,2,1054,109110,1,3,2,,,,,,
5,10,1013,2,1054,109110,2,3,1,1,,,,,
5,10,1013,2,410,109169,1,3,1,2,,,,,
5,10,1013,2,410,109169,2,3,1,2,,,,,
4,11,1104,2,434,110088,1,3,1,1,2,,,,
5,12,1211,1,2856,120001,1,2,1,1,,,,,
5,12,1211,1,2856,120001,3,1,1,1,2,,,,
5,12,1211,1,2856,120005,1,3,1,1,,,,,
5,12,1211,1,2856,120005,2,3,1,1,,,,,
5,12,1208,2,526,120042,1,5,1,1,,,,,
5,12,1201,2,320,129006,1,3,1,2,3,,,,
5,12,1203,1,334,129021,2,2,1,1,,,,,
5,12,1208,2,76,129038,3,3,1,1,,,,,
5,12,1208,2,630,129054,5,2,1,7,,,,,
5,12,1211,1,446,129088,1,6,1,1,,,,,
5,12,1211,1,1250,129098,1,2,1,1,,,,,
5,12,1212,1,2598,129110,1,2,2,,,,,,
5,12,1212,1,2598,129110,1,3,2,,,,,,
5,12,1212,1,2598,129112,1,2,1,1,,,,,
5,12,1218,1,196,129146,2,3,1,1,,,,,
5,12,1218,1,196,129146,3,3,1,1,,,,,
5,12,1218,1,196,129147,4,2,1,1,,,,,
6,13,1307,1,268,130021,1,3,1,1,,,,,
6,13,1307,1,268,130021,1,5,1,1,,,,,
6,13,1307,1,0,130023,1,5,1,1,,,,,
6,13,1307,1,0,130023,1,6,1,1,,,,,
6,13,1307,1,268,130025,3,5,1,1,,,,,
6,13,1307,1,268,130025,3,6,1,1,,,,,
6,13,1303,1,626,130033,1,3,1,1,2,,,,
6,13,1303,1,626,130033,1,5,1,1,2,,,,
6,13,1303,1,626,130033,1,6,1,1,2,,,,
6,13,1303,1,626,130034,3,6,1,1,2,,,,
6,13,1303,1,626,130038,2,3,1,1,,,,,
6,13,1303,1,626,130038,2,6,1,1,,,,,
6,13,1309,2,0,130053,1,1,1,1,,,,,
6,13,1309,2,0,130053,1,3,1,1,,,,,
6,13,1309,2,674,130055,1,3,1,1,,,,,
6,13,1309,2,674,130055,2,3,1,1,,,,,
6,13,1309,2,674,130055,2,6,1,1,,,,,
6,13,1309,1,0,130059,1,1,1,1,,,,,
6,13,1309,1,0,130059,1,3,1,1,,,,,
6,13,1309,1,0,130059,2,3,1,1,,,,,
6,13,1309,1,0,130059,2,6,1,1,,,,,
6,13,1301,1,688,139010,1,2,1,1,,,,,
6,13,1301,1,688,139010,1,3,1,1,,,,,
6,13,1301,1,688,139010,1,5,1,1,,,,,
6,13,1301,1,688,139010,1,6,1,1,,,,,
6,13,1301,1,688,139011,1,2,1,1,,,,,
6,13,1301,1,688,139011,1,3,1,1,,,,,
6,13,1301,1,688,139011,1,5,1,1,,,,,
6,13,1301,1,688,139012,1,2,1,1,,,,,
6,13,1301,1,688,139012,1,3,1,1,,,,,
6,13,1301,1,688,139012,1,5,1,1,,,,,
6,13,1303,1,80,139015,1,3,1,1,,,,,
6,13,1303,1,80,139015,1,5,1,1,,,,,
6,13,1303,1,80,139015,1,6,1,1,,,,,
6,13,1303,1,80,139021,3,3,1,1,,,,,
6,13,1303,1,80,139021,3,5,1,1,,,,,
6,13,1303,1,80,139022,4,5,1,1,2,,,,
6,13,1303,1,80,139022,4,6,1,1,2,,,,
6,13,1306,1,342,139043,1,2,1,2,,,,,
6,13,1306,1,342,139043,1,3,1,3,,,,,
6,13,1306,1,342,139046,1,1,1,1,,,,,
6,13,1306,1,342,139046,1,3,1,1,,,,,
6,13,1306,1,342,139046,2,1,1,1,,,,,
6,13,1306,1,342,139046,2,3,1,1,,,,,
6,13,1307,1,1002,139053,1,3,1,1,,,,,
6,13,1307,1,1002,139053,1,6,1,1,,,,,
6,13,1307,1,1002,139053,1,7,1,1,,,,,
6,13,1308,1,842,139078,2,6,1,1,,,,,
6,13,1308,1,842,139083,1,6,1,1,,,,,
6,13,1311,1,1134,139086,4,6,1,1,,,,,
6,13,1311,1,1134,139089,2,3,1,1,,,,,
6,13,1311,1,1134,139089,2,5,1,1,,,,,
6,13,1311,1,1134,139093,1,6,1,1,,,,,
6,13,1312,1,24,139096,3,6,1,1,,,,,
6,13,1312,1,24,139103,3,3,1,1,2,3,,,
6,13,1312,1,24,139103,3,6,1,1,2,3,,,
6,13,1316,1,1236,139119,1,3,1,1,,,,,
6,13,1316,1,1236,139121,7,6,1,1,,,,,
6,13,1310,1,762,139148,1,5,1,1,,,,,
6,13,1310,1,762,139150,1,5,1,1,,,,,
6,13,1310,1,762,139150,1,6,1,1,,,,,
6,13,1310,1,762,139152,1,3,1,1,2,,,,
6,13,1310,1,762,139152,1,5,1,1,,,,,
6,13,1310,1,762,139153,3,3,1,1,2,,,,
6,13,1310,1,762,139153,3,5,1,1,2,,,,
6,13,1310,1,762,139153,3,6,1,1,2,,,,
6,13,1310,1,762,139155,1,6,1,1,,,,,
6,13,1310,1,762,139156,1,6,1,1,2,,,,
4,14,1403,1,1418,149061,1,2,1,1,,,,,
4,14,1403,1,1418,149061,1,3,1,1,,,,,
4,14,1403,1,1418,149061,1,5,2,,,,,,
2,15,1506,1,398,150002,2,1,1,1,,,,,
2,15,1506,1,398,150002,3,1,1,1,,,,,
2,15,1506,1,398,150010,1,2,1,1,,,,,
2,15,1508,2,1682,150012,3,1,2,,,,,,
2,15,1508,2,1682,150013,2,1,1,1,,,,,
2,15,1508,2,1682,150017,2,1,1,1,,,,,
2,15,1511,2,1938,150029,1,3,2,,,,,,
1,25,2504,1,0,150071,1,2,1,7,,,,,
1,25,2504,1,0,150071,3,2,1,7,,,,,
2,15,1506,1,148,150077,1,2,1,1,3,,,,
2,15,1506,1,148,150078,1,2,1,1,,,,,
2,15,1508,2,0,150079,1,2,1,1,,,,,
2,15,1506,1,148,150080,1,2,1,1,,,,,
2,15,1503,2,1076,159027,1,4,1,1,,,,,
2,15,1506,1,244,159036,1,1,1,1,,,,,
2,15,1506,1,458,159057,3,2,1,1,,,,,
2,15,1506,1,458,159059,1,3,1,1,,,,,
2,15,1506,1,458,159059,2,3,1,1,,,,,
2,15,1506,1,1328,159065,1,2,2,,,,,,
2,15,1506,1,244,159112,2,2,2,,,,,,
4,16,1626,2,1546,160006,2,3,1,1,,,,,
4,16,1626,2,1546,160008,1,5,2,,,,,,
4,16,1626,2,1546,160008,1,6,2,,,,,,
4,16,1626,2,1546,160008,2,5,1,1,,,,,
4,16,1620,2,0,160010,4,5,1,1,2,,,,
4,16,1620,2,0,160010,4,6,1,1,2,,,,
4,16,1620,2,0,160010,5,5,1,1,2,,,,
4,16,1601,2,2484,169012,1,3,2,,,,,,
4,16,1602,2,234,169022,1,3,1,1,,,,,
4,16,1602,2,234,169022,2,3,1,1,,,,,
4,16,1602,2,234,169022,3,3,1,1,,,,,
4,16,1602,2,234,169022,4,3,1,1,,,,,
4,16,1602,2,234,169022,5,3,1,1,,,,,
4,16,1602,2,234,169022,6,3,1,1,,,,,
4,16,1607,2,574,169026,1,3,1,3,,,,,
4,16,1607,2,574,169026,2,3,1,3,,,,,
4,16,1607,2,574,169036,4,3,1,1,,,,,
4,16,1608,2,1480,169041,2,3,1,1,,,,,
4,16,1608,2,1480,169044,3,3,1,2,,,,,
4,16,1615,2,220,169099,2,3,1,1,,,,,
4,16,1615,2,220,169104,1,3,1,1,,,,,
4,16,1627,2,126,169121,5,3,2,,,,,,
4,16,1625,2,210,169149,1,2,1,1,,,,,
4,16,1625,2,210,169153,1,3,1,1,,,,,
4,16,1625,2,210,169153,2,3,1,1,,,,,
4,16,1625,2,210,169156,1,3,1,1,,,,,
4,16,1610,2,776,169170,3,1,1,2,,,,,
4,16,1622,2,692,169179,1,3,1,1,,,,,
4,16,1625,2,210,169181,1,3,1,1,,,,,
3,17,1701,2,10,179011,4,2,1,1,,,,,
3,17,1701,2,10,179012,5,3,1,1,,,,,
3,17,1712,2,126,179033,1,3,1,1,,,,,
3,17,1716,2,1344,179058,2,3,1,1,,,,,
3,17,1716,2,1344,179060,2,3,1,1,,,,,
3,18,1803,2,840,180039,2,3,1,1,2,,,,
3,18,1816,1,378,180047,1,1,1,1,,,,,
3,18,1816,1,378,180047,1,7,1,1,,,,,
3,18,1816,1,378,180047,2,2,1,1,,,,,
3,18,1816,1,378,180050,2,3,1,1,,,,,
3,18,1802,2,1040,189011,1,2,1,1,,,,,
3,18,1802,2,1040,189011,2,2,1,1,,,,,
3,18,1802,2,1040,189012,1,1,1,1,,,,,
3,18,1802,2,1554,189019,1,1,1,1,,,,,
3,18,1802,2,1554,189020,1,2,1,1,,,,,
3,18,1802,1,3204,189029,1,2,2,,,,,,
3,18,1805,2,674,189039,1,1,1,1,,,,,
3,18,1809,1,1756,189085,2,3,2,,,,,,
3,18,1812,2,42,189110,2,1,2,,,,,,
3,18,1813,2,522,189126,1,1,1,1,,,,,
3,18,1817,2,572,189144,5,1,1,1,,,,,
3,18,1817,2,726,189150,1,6,1,1,,,,,
3,18,1817,2,880,189157,2,7,1,1,,,,,
3,18,1817,2,880,189158,2,2,2,,,,,,
3,18,1817,2,880,189159,1,2,1,1,,,,,
3,18,1817,2,880,189162,1,3,1,1,,,,,
3,18,1818,2,76,189169,4,1,1,1,,,,,
3,18,1818,2,76,189169,4,7,1,1,,,,,
3,18,1818,2,76,189171,1,3,1,1,,,,,
3,18,1818,2,76,189171,3,3,1,1,,,,,
3,18,1821,2,24,189199,3,1,1,1,,,,,
3,18,1821,2,24,189204,2,1,1,1,,,,,
3,19,1914,2,934,190081,5,1,1,1,,,,,
3,19,1910,2,808,190135,2,3,1,1,,,,,
3,19,1910,2,808,190139,4,1,2,,,,,,
3,19,1919,2,366,190170,2,1,1,1,,,,,
3,19,1923,2,284,190195,1,1,1,1,,,,,
3,19,1923,2,284,190200,1,1,1,1,,,,,
3,19,1924,2,356,199036,1,1,1,1,,,,,
3,19,1924,2,356,199036,2,1,1,1,,,,,
3,19,1924,2,356,199036,3,1,1,1,,,,,
3,19,1927,2,622,199044,2,1,1,1,,,,,
3,19,1927,2,622,199048,1,1,1,1,,,,,
3,19,1927,2,622,199048,3,1,1,1,,,,,
3,19,1929,2,108,199060,4,1,1,1,,,,,
3,19,1929,2,108,199060,9,1,1,1,,,,,
3,19,1933,2,330,199064,1,1,1,1,,,,,
3,19,1933,2,330,199064,7,1,1,1,,,,,
3,19,1940,2,648,199082,2,1,1,1,,,,,
3,19,1940,2,648,199082,4,1,1,1,,,,,
3,19,1940,2,648,199082,5,1,1,1,,,,,
3,19,1940,2,648,199083,2,1,1,1,,,,,
3,19,1909,2,1684,199097,3,1,1,1,,,,,
3,19,1909,2,1684,199097,4,1,1,1,,,,,
3,20,2018,2,1134,200013,1,3,2,,,,,,
3,20,2018,2,0,200017,1,3,1,6,,,,,
3,20,2018,2,0,200017,2,3,1,6,,,,,
3,20,2018,2,1134,200020,2,2,2,,,,,,
3,20,2015,2,1746,200072,1,3,2,,,,,,
3,20,2025,2,760,200103,1,3,1,1,,,,,
3,20,2025,2,760,200110,1,1,1,1,,,,,
3,20,2025,2,760,200110,2,1,1,1,,,,,
3,20,2025,2,760,200110,3,1,1,1,,,,,
3,20,2025,2,760,200110,4,1,1,1,,,,,
3,20,2028,2,498,200161,2,3,1,1,,,,,
3,20,2028,2,498,200161,3,3,1,1,,,,,
3,20,2028,2,498,200162,4,3,1,1,,,,,
1,26,2606,1,0,200164,1,3,1,1,,,,,
3,20,2028,2,498,200165,1,3,1,1,,,,,
3,20,2028,2,498,200168,2,1,1,1,,,,,
3,20,2021,1,0,200169,1,7,1,1,,,,,
3,20,2021,1,0,200169,2,3,1,1,,,,,
3,20,2021,1,0,200169,3,3,1,1,,,,,
3,20,2003,2,1390,209002,1,3,1,1,,,,,
3,20,2003,2,1390,209002,3,3,1,1,,,,,
3,20,2003,2,1390,209002,4,3,1,1,,,,,
3,20,2003,2,1390,209005,1,3,1,1,,,,,
3,20,2003,2,1390,209005,2,3,1,1,,,,,
3,20,2003,2,1390,209005,3,3,1,1,,,,,
3,20,2003,2,1390,209005,4,3,1,1,,,,,
3,20,2003,2,1390,209006,1,3,1,1,,,,,
3,20,2003,2,1390,209006,2,3,1,1,,,,,
3,20,2003,2,1390,209006,3,3,1,1,,,,,
3,20,2003,2,1390,209009,3,1,1,1,,,,,
3,20,2003,2,1390,209009,4,1,1,1,,,,,
3,20,2009,2,144,209015,3,3,1,1,,,,,
3,20,2009,2,144,209021,2,1,1,1,,,,,
3,20,2010,2,946,209027,1,3,2,,,,,,
3,20,2010,2,946,209031,1,1,1,1,,,,,
3,20,2010,2,946,209036,2,1,1,1,,,,,
3,20,2010,2,946,209036,3,1,1,1,,,,,
3,20,2016,1,408,209037,1,3,1,1,,,,,
3,20,2016,1,408,209038,1,3,1,1,,,,,
3,20,2016,1,408,209038,2,3,1,1,,,,,
3,20,2016,1,408,209042,1,3,1,1,,,,,
3,20,2016,1,408,209045,1,1,2,,,,,,
3,20,2016,1,408,209045,2,1,2,,,,,,
3,20,2016,1,408,209045,3,1,2,,,,,,
3,20,2016,2,2102,209049,1,3,1,1,,,,,
3,20,2016,2,2102,209049,2,3,1,1,,,,,
3,20,2016,2,2102,209049,3,3,1,1,,,,,
3,20,2016,2,2102,209049,4,3,1,1,,,,,
3,20,2016,2,2102,209050,1,3,1,1,,,,,
3,20,2016,2,2102,209050,2,3,1,1,,,,,
3,20,2016,2,2102,209050,3,3,1,1,,,,,
3,20,2016,2,2102,209051,1,3,1,1,,,,,
3,20,2016,2,2102,209051,2,3,1,1,,,,,
3,20,2016,2,2102,209051,3,3,1,1,,,,,
3,20,2021,1,2086,209062,2,2,1,1,,,,,
3,20,2021,1,2086,209069,2,3,1,1,,,,,
3,20,2021,1,2086,209071,3,3,1,1,,,,,
3,20,2025,2,2222,209087,1,3,1,1,,,,,
3,20,2025,2,2222,209087,2,3,1,1,,,,,
3,20,2025,2,2222,209087,3,3,1,1,,,,,
3,20,2025,2,2222,209088,1,3,1,1,,,,,
3,20,2025,2,2222,209088,3,3,1,1,,,,,
3,20,2025,2,2222,209088,4,3,1,1,,,,,
3,20,2025,2,2222,209088,8,1,2,,,,,,
3,20,2025,2,2222,209089,3,3,1,1,,,,,
3,20,2025,2,2222,209096,1,3,1,1,,,,,
3,20,2025,2,2222,209096,3,3,1,1,,,,,
3,20,2026,2,1216,209100,2,2,2,,,,,,
3,20,2026,2,1216,209103,1,3,1,1,,,,,
3,20,2026,2,1216,209103,2,3,1,1,,,,,
3,20,2032,2,50,209115,2,1,1,1,,,,,
3,20,2034,2,908,209125,2,2,1,1,,,,,
3,20,2034,2,908,209126,1,1,1,1,,,,,
3,20,2034,2,908,209126,2,1,1,1,,,,,
3,20,2034,2,908,209131,1,3,2,,,,,,
3,21,2106,2,2822,210006,1,1,1,1,,,,,
3,21,2106,2,2822,210006,2,1,1,1,,,,,
3,21,2105,2,1606,219021,1,3,1,1,,,,,
3,21,2111,2,260,219026,2,3,2,,,,,,
3,21,2111,2,260,219027,1,2,1,1,,,,,
3,21,2111,2,260,219027,2,2,1,1,2,,,,
3,21,2111,2,260,219027,2,3,2,,,,,,
3,21,2111,2,260,219032,2,2,1,1,,,,,
3,21,2112,2,442,219044,1,2,1,1,,,,,
3,21,2112,2,442,219045,1,1,1,1,,,,,
3,21,2112,2,442,219045,1,3,2,,,,,,
1,22,2211,2,594,220019,1,3,1,13,16,19,,,
1,22,2211,2,594,220020,1,3,1,1,2,4,,,
1,22,2211,2,594,220020,2,3,1,1,2,4,,,
1,22,2216,1,428,220026,1,6,2,,,,,,
1,22,2220,1,1296,220057,1,3,1,1,2,,,,
1,22,2220,1,1296,220057,2,3,1,1,2,3,,,
1,22,2203,2,2578,229007,1,3,2,,,,,,
1,22,2203,2,2578,229011,1,3,2,,,,,,
1,22,2208,2,194,229015,1,3,2,,,,,,
1,22,2213,1,100,229046,1,3,1,1,2,3,,,
1,22,2213,1,100,229046,2,3,1,1,2,3,,,
1,23,2307,1,2316,230018,1,3,1,1,,,,,
1,23,2307,1,2316,230018,1,6,1,1,,,,,
1,23,2304,2,322,230073,1,2,1,2,,,,,
1,23,2304,2,322,230073,1,5,2,,,,,,
1,23,2304,2,322,230073,1,6,2,,,,,,
1,23,2919,1,0,230074,1,3,1,1,,,,,
1,23,2919,1,0,230075,1,3,1,3,,,,,
1,23,2919,1,0,230075,1,6,1,3,,,,,
1,23,2304,2,432,239029,1,6,1,1,,,,,
1,23,2305,2,174,239043,2,2,1,1,,,,,
1,23,2305,2,174,239043,2,3,2,,,,,,
1,23,2305,2,174,239043,2,5,1,1,,,,,
1,23,2305,2,174,239043,2,6,1,1,,,,,
1,23,2306,1,78,239054,2,3,1,1,,,,,
1,23,2306,1,78,239054,2,6,1,1,,,,,
1,23,2308,1,5126,239077,1,1,1,1,2,,,,
1,23,2308,1,5126,239081,1,3,1,1,,,,,
1,23,2308,1,5126,239081,1,6,1,1,,,,,
1,23,2309,1,1224,239104,5,2,1,1,2,,,,
1,23,2310,2,30,239125,4,5,1,1,,,,,
1,23,2310,2,496,239140,1,3,1,1,,,,,
1,23,2313,1,382,239147,1,5,1,1,,,,,
1,23,2313,1,382,239147,1,7,1,1,,,,,
1,23,2313,1,382,239148,1,5,1,1,,,,,
1,23,2313,1,382,239150,1,3,2,,,,,,
1,23,2313,1,382,239152,1,3,1,1,,,,,
1,23,2313,1,382,239152,1,6,1,1,,,,,
1,23,2314,2,354,239161,3,2,1,1,2,,,,
1,23,2305,2,174,239199,2,5,1,1,,,,,
1,23,2305,2,174,239199,2,6,1,1,,,,,
6,24,2403,1,0,240056,1,2,1,1,2,,,,
6,24,2403,1,0,240056,1,3,1,1,2,,,,
6,24,2418,1,1770,240072,1,2,1,1,,,,,
6,24,2418,1,1770,240072,1,3,1,1,,,,,
6,24,2418,1,1770,240073,1,2,1,1,,,,,
6,24,2418,1,1770,240073,1,3,1,1,,,,,
6,24,2413,1,306,240122,1,2,1,1,,,,,
6,24,2413,1,306,240122,1,3,1,1,,,,,
6,24,2413,1,306,240122,1,5,1,1,,,,,
6,24,2413,1,306,240124,1,3,2,,,,,,
6,24,2413,1,306,240124,1,5,2,,,,,,
6,24,2413,1,306,240124,1,6,2,,,,,,
6,24,2401,1,396,249006,1,3,1,1,,,,,
6,24,2401,1,396,249010,1,7,1,1,,,,,
6,24,2401,1,1664,249026,1,3,1,1,,,,,
6,24,2401,1,1664,249029,1,2,1,1,2,,,,
6,24,2401,1,1664,249029,1,3,1,1,2,,,,
6,24,2401,1,1664,249035,1,2,1,1,,,,,
6,24,2403,1,1444,249038,1,2,2,,,,,,
6,24,2403,1,1444,249042,1,3,1,1,,,,,
6,24,2418,1,920,249147,1,2,1,1,,,,,
6,24,2418,1,920,249147,1,3,1,1,,,,,
6,24,2418,1,920,249147,2,3,1,1,,,,,
6,24,2418,1,1090,249157,1,3,1,1,,,,,
6,24,2418,1,1090,249157,2,3,1,1,,,,,
6,24,2418,1,1090,249157,3,3,1,1,,,,,
6,24,2418,1,1090,249159,1,2,1,1,,,,,
6,24,2418,1,1090,249159,1,3,1,1,,,,,
6,24,2418,1,1090,249161,1,2,1,1,,,,,
6,24,2418,1,1090,249161,1,3,1,1,,,,,
6,24,2418,1,1090,249161,1,5,1,1,,,,,
6,24,2418,1,1090,249161,1,6,1,1,,,,,
6,24,2418,1,1090,249163,1,3,1,1,,,,,
6,24,2418,1,1090,249166,1,2,1,1,,,,,
6,24,2418,1,1090,249166,1,3,1,1,,,,,
6,24,2418,1,1090,249166,1,5,1,1,,,,,
6,24,2418,1,1090,249167,1,5,1,1,,,,,
6,24,2418,1,1090,249167,1,6,1,1,,,,,
6,24,2418,1,1090,249167,2,5,1,1,,,,,
6,24,2418,1,1090,249167,2,6,1,1,,,,,
6,24,2401,1,396,249241,1,3,1,1,,,,,
6,24,2403,1,1444,249248,1,2,1,1,2,,,,
6,24,2403,1,1444,249248,1,3,1,1,2,,,,
6,24,2418,1,1090,249267,1,3,1,1,,,,,
1,25,2504,2,222,250017,5,2,1,1,,,,,
1,25,2504,2,222,250018,1,1,1,1,,,,,
1,25,2504,2,222,250018,6,2,1,1,,,,,
1,25,2504,2,222,250018,13,2,1,1,,,,,
1,25,2503,2,1350,259002,1,1,1,1,,,,,
1,25,2503,2,1350,259002,3,1,1,1,,,,,
1,26,2613,2,1462,260156,1,3,1,1,,,,,
1,26,2613,2,1462,260157,1,3,1,1,,,,,
1,26,2604,2,1652,269013,1,3,1,1,,,,,
1,26,2604,2,1652,269013,2,3,2,,,,,,
1,26,2604,2,1652,269014,2,3,1,1,2,,,,
1,26,2604,2,1652,269018,1,1,1,3,,,,,
1,26,2604,2,1652,269019,1,3,1,1,,,,,
1,26,2604,2,1652,269019,2,3,1,1,,,,,
1,26,2615,2,556,269059,1,3,1,1,,,,,
1,26,2624,2,118,269079,1,6,1,1,,,,,
6,27,2701,1,0,270010,1,5,1,1,,,,,
6,27,2701,1,0,270010,2,5,1,1,,,,,
6,27,2715,1,0,270029,1,3,2,,,,,,
6,27,2715,1,0,270029,1,5,2,,,,,,
6,27,2715,1,0,270029,2,3,2,,,,,,
6,27,2715,1,0,270029,2,6,2,,,,,,
6,27,2712,2,110,270045,1,3,1,1,,,,,
5,10,1010,1,0,270049,1,3,2,,,,,,
6,27,2711,1,710,270052,1,2,1,1,,,,,
6,27,2711,1,710,270052,1,3,1,1,,,,,
6,27,2711,1,710,270052,1,5,1,1,,,,,
6,27,2711,1,710,270053,1,3,1,1,,,,,
6,27,2703,2,0,270064,1,3,1,1,,,,,
6,27,2703,1,1076,270094,1,5,2,,,,,,
6,27,2703,1,1076,270095,1,2,1,2,,,,,
6,27,2703,1,1076,270095,1,3,1,2,,,,,
6,27,2703,1,1076,270095,1,5,1,2,,,,,
6,27,2703,1,1076,270095,1,6,1,2,,,,,
6,27,2705,2,568,279006,2,3,2,,,,,,
6,27,2705,2,568,279010,1,2,1,1,,,,,
6,27,2705,2,568,279010,3,2,1,1,,,,,
6,27,2706,2,362,279015,1,2,1,1,,,,,
6,27,2706,2,362,279015,1,3,2,,,,,,
6,27,2706,2,362,279015,2,2,1,1,2,,,,
6,27,2706,2,362,279015,2,3,1,1,2,,,,
6,27,2712,2,356,279054,1,2,1,1,,,,,
6,27,2712,2,356,279054,1,3,1,1,,,,,
6,27,2715,2,864,279072,2,3,2,,,,,,
6,27,2715,2,864,279072,3,3,2,,,,,,
6,27,2716,2,44,279082,1,3,2,,,,,,
6,27,2720,1,1048,279087,1,3,1,1,,,,,
6,27,2720,1,1836,279097,1,2,1,1,,,,,
6,27,2720,1,1836,279097,1,3,2,,,,,,
6,27,2720,1,1836,279098,1,2,1,1,,,,,
6,27,2720,1,1836,279098,1,3,1,1,,,,,
6,27,2720,1,1836,279098,1,5,1,1,,,,,
6,27,2720,1,1836,279100,1,2,1,1,,,,,
6,27,2703,1,0,280031,1,2,1,1,2,,,,
6,28,2806,1,0,280037,1,3,2,,,,,,
6,28,2806,1,0,280037,2,3,2,,,,,,
6,28,2806,1,0,280037,3,3,2,,,,,,
6,28,2814,1,1876,280084,1,1,1,4,7,,,,
6,28,2813,2,612,280112,1,1,1,1,,,,,
6,28,2813,2,612,280112,3,5,1,1,,,,,
6,28,2813,2,612,280113,1,3,1,1,,,,,
6,28,2813,2,612,280113,2,1,1,1,,,,,
6,28,2813,2,612,280113,3,1,1,1,,,,,
6,28,2813,2,612,280113,4,3,1,1,,,,,
6,28,2813,2,0,280114,1,2,2,,,,,,
6,28,2813,2,0,280114,4,3,2,,,,,,
6,28,2813,2,612,280117,2,3,1,1,,,,,
6,28,2813,2,612,280117,3,3,1,1,,,,,
6,28,2813,2,612,280117,4,1,1,1,,,,,
6,28,2805,2,498,289019,1,3,2,,,,,,
6,28,2808,2,1494,289025,3,3,1,1,,,,,
6,28,2808,2,1494,289028,1,1,1,1,,,,,
6,28,2808,2,1494,289032,1,3,1,1,,,,,
6,28,2808,2,1494,289032,2,3,1,1,,,,,
6,28,2808,2,1494,289032,3,3,1,1,,,,,
6,28,2811,2,390,289037,3,1,1,1,,,,,
6,28,2811,2,390,289042,6,3,2,,,,,,
6,28,2811,2,390,289043,4,1,1,1,,,,,
6,29,2930,1,530,290006,1,3,1,1,,,,,
6,29,2930,1,0,290009,2,3,1,1,,,,,
6,29,2930,1,0,290009,2,5,1,1,,,,,
6,29,2930,1,0,290035,1,3,1,1,,,,,
6,29,2930,1,1300,290038,1,3,1,3,,,,,
6,29,2909,2,220,290043,1,3,2,,,,,,
6,29,2909,2,220,290043,1,5,2,,,,,,
6,29,2905,1,1096,290073,1,2,1,3,,,,,
6,29,2905,1,1096,290073,1,3,1,3,,,,,
6,29,2905,1,1096,290073,1,5,1,3,,,,,
6,29,2905,1,1096,290073,1,6,1,3,,,,,
6,29,2905,1,1096,290078,1,3,1,1,,,,,
6,29,2910,1,350,290083,3,1,1,1,,,,,
6,29,2910,1,350,290083,3,3,1,1,,,,,
6,29,2910,1,350,290083,3,5,1,1,,,,,
6,29,2910,1,350,290084,1,3,1,1,,,,,
6,29,2910,1,350,290084,1,5,1,1,,,,,
6,29,2910,1,0,290086,1,1,1,1,,,,,
6,29,2910,1,0,290086,1,3,1,1,,,,,
6,29,2910,1,350,290087,1,2,1,1,,,,,
6,29,2910,1,350,290087,1,5,1,1,,,,,
6,29,2910,1,350,290088,1,3,1,1,,,,,
6,29,2910,1,350,290088,1,5,1,1,,,,,
6,29,2910,1,350,290088,2,3,1,1,,,,,
6,29,2910,1,350,290088,2,5,1,1,,,,,
6,29,2910,1,350,290090,3,3,1,3,,,,,
6,29,2910,1,350,290090,5,3,1,3,,,,,
6,29,2920,2,1628,290173,1,3,1,1,,,,,
6,29,2920,2,1628,290173,2,3,1,1,,,,,
6,29,2920,2,1628,290173,3,3,2,,,,,,
6,29,2920,2,1628,290173,4,3,1,1,,,,,
6,29,2920,2,1628,290179,6,2,1,1,,,,,
6,29,2920,2,1628,290179,6,3,1,1,,,,,
6,29,2920,2,1628,290179,6,6,1,1,,,,,
6,29,2915,1,622,299001,4,3,2,,,,,,
6,29,2915,1,622,299004,1,7,1,1,2,,,,
6,29,2915,1,622,299005,1,2,2,,,,,,
6,29,2915,1,622,299005,1,3,2,,,,,,
6,29,2915,1,622,299005,1,5,2,,,,,,
6,29,2915,1,622,299005,2,2,1,1,,,,,
6,29,2915,1,622,299005,2,3,1,1,,,,,
6,29,2915,1,622,299005,3,2,1,1,,,,,
6,29,2915,1,622,299005,3,3,1,1,,,,,
6,29,2915,1,622,299005,3,5,1,1,,,,,
6,29,2915,1,622,299005,4,2,1,1,,,,,
6,29,2915,1,622,299005,4,3,1,1,,,,,
6,29,2915,1,622,299005,4,5,1,1,,,,,
6,29,2915,1,622,299007,1,2,1,1,,,,,
6,29,2915,1,622,299007,1,3,1,1,,,,,
6,29,2915,1,622,299007,1,5,1,1,,,,,
6,29,2915,1,622,299007,1,6,1,1,,,,,
6,29,2915,1,622,299008,5,3,1,1,,,,,
6,29,2915,1,622,299008,5,6,1,1,,,,,
6,29,2915,1,622,299009,1,2,1,1,,,,,
6,29,2915,1,622,299009,1,3,1,1,,,,,
6,29,2915,1,622,299011,1,3,1,1,,,,,
6,29,2915,1,622,299011,1,6,1,1,,,,,
6,29,2915,1,622,299012,2,1,1,1,,,,,
6,29,2918,1,454,299014,5,3,1,1,,,,,
6,29,2918,1,454,299018,1,3,2,,,,,,
6,29,2918,1,454,299018,1,4,1,1,2,,,,
6,29,2918,1,454,299018,3,3,1,1,2,,,,
6,29,2918,1,454,299022,5,3,1,1,,,,,
6,29,2918,1,454,299022,5,5,1,1,,,,,
6,29,2928,1,322,299025,1,3,1,1,,,,,
6,29,2928,1,322,299028,2,3,1,1,,,,,
6,29,2928,1,322,299030,2,5,1,1,,,,,
6,29,2928,1,322,299030,2,6,1,1,,,,,
6,29,2928,1,322,299035,2,3,1,1,,,,,
6,29,2928,1,322,299035,3,3,2,,,,,,
6,29,2928,1,322,299036,2,3,1,1,,,,,
6,30,3007,1,1624,300011,1,3,2,,,,,,
6,30,3007,1,1624,300013,1,3,1,1,4,5,,,
6,30,3007,1,1624,300013,1,5,1,1,,,,,
6,30,3007,1,1624,300013,2,5,1,1,,,,,
6,30,3005,1,2942,300092,1,5,1,1,,,,,
6,30,3005,1,2942,300092,1,6,1,1,,,,,
6,30,3002,2,0,300136,1,3,1,1,,,,,
6,30,3002,2,0,300136,1,4,1,1,,,,,
6,30,3002,1,1264,300141,1,2,1,1,2,,,,
6,30,3002,1,0,300142,1,2,1,1,,,,,
6,30,3002,1,0,300142,1,3,1,1,,,,,
6,30,3002,1,0,300142,2,3,1,1,,,,,
6,30,3002,1,0,300142,2,5,1,1,,,,,
6,30,3002,1,0,300142,2,6,1,1,,,,,
6,30,3002,1,1264,300143,1,3,2,,,,,,
6,30,3002,1,0,300145,1,2,1,1,,,,,
6,30,3002,1,0,300145,1,3,1,1,,,,,
6,30,3002,1,1264,300146,2,5,1,1,,,,,
6,30,3002,1,0,300147,1,5,2,,,,,,
6,30,3023,2,622,300178,2,3,1,1,,,,,
6,30,3005,1,3648,309002,1,5,1,1,,,,,
6,30,3005,1,3648,309002,1,6,1,1,,,,,
6,30,3005,1,3648,309006,1,2,1,1,,,,,
6,30,3005,1,3648,309006,1,5,1,1,,,,,
6,30,3005,1,3648,309006,1,6,1,1,,,,,
6,30,3005,1,3648,309008,1,2,1,1,,,,,
6,30,3005,1,3648,309008,1,3,1,1,,,,,
6,30,3005,1,3648,309008,1,5,1,1,,,,,
6,30,3005,1,3648,309008,1,6,1,1,,,,,
6,30,3005,1,3648,309010,1,2,1,1,,,,,
6,30,3005,1,3648,309010,1,3,1,1,,,,,
6,30,3005,1,3648,309010,1,5,1,1,,,,,
6,30,3006,1,520,309022,2,5,1,1,,,,,
6,30,3020,2,1092,309083,1,3,1,1,,,,,
6,30,3020,2,1092,309083,1,5,1,1,,,,,
6,30,3020,2,1092,309083,1,6,1,1,,,,,
6,30,3021,2,628,309096,1,3,1,1,2,,,,
6,30,3026,1,72,309097,2,3,1,1,,,,,
6,30,3026,1,72,309097,2,5,1,1,,,,,
6,30,3026,1,72,309097,2,6,1,1,,,,,
6,30,3026,1,72,309108,1,3,1,1,,,,,
5,6,608,1,0,320009,1,2,1,1,,,,,
5,32,3213,2,282,329062,10,6,2,,,,,,
5,32,3213,2,1358,329076,1,3,1,1,,,,,
5,32,3213,2,1358,329076,1,5,1,1,,,,,
5,32,3213,2,1358,329076,1,6,1,1,,,,,
5,32,3213,2,1358,329076,2,2,1,1,,,,,
5,32,3213,2,1358,329076,2,3,1,1,,,,,
5,32,3213,2,1358,329076,2,5,1,1,,,,,
5,32,3213,2,1358,329076,3,2,1,1,,,,,
5,32,3213,2,1358,329076,3,3,1,1,,,,,
5,32,3213,2,1358,329076,3,5,1,1,,,,,
5,32,3213,2,1358,329076,4,2,1,1,,,,,
5,32,3213,2,1358,329076,4,3,1,1,,,,,
5,32,3213,2,1358,329076,4,5,1,1,,,,,
5,32,3213,2,1358,329078,1,1,1,1,2,,,,
5,32,3213,2,1358,329078,2,1,1,1,2,,,,
5,32,3213,2,1358,329078,2,3,1,1,2,,,,
5,32,3213,2,1358,329078,2,5,1,1,2,,,,
5,32,3213,2,1358,329078,5,1,1,1,2,,,,
5,32,3213,2,1358,329078,5,3,1,1,2,,,,
5,32,3213,2,1358,329078,5,5,1,1,2,,,,
5,32,3223,2,668,329093,2,3,1,1,2,,,,
3,33,3323,2,92,330032,1,2,2,,,,,,
3,33,3323,2,92,330034,1,1,1,1,,,,,
3,33,3323,2,92,330034,2,1,1,1,,,,,
3,33,3323,2,92,330037,1,2,1,1,2,5,,,
3,33,3323,2,92,330040,1,1,1,1,,,,,
3,33,3313,2,930,330052,1,2,1,18,,,,,
3,33,3313,2,930,330052,2,2,1,1,,,,,
3,33,3302,2,816,339010,2,1,1,1,,,,,
2,34,3405,2,456,340033,1,1,2,,,,,,
2,34,3405,2,456,340033,2,2,1,1,,,,,
2,34,3401,2,370,349008,1,3,2,,,,,,
2,34,3401,2,370,349009,1,3,2,,,,,,
2,34,3406,2,728,349046,1,2,2,,,,,,
2,34,3409,2,500,349068,1,3,1,1,,,,,
2,34,3409,2,500,349068,2,3,2,,,,,,
2,34,3409,2,500,349068,3,3,1,1,,,,,
2,34,3411,2,1034,349077,1,2,1,1,,,,,
2,34,3411,2,1034,349078,1,3,1,1,,,,,
2,35,3513,2,576,350061,1,3,2,,,,,,
2,35,3513,2,576,350064,1,3,1,1,4,5,6,7,8
2,35,3513,2,576,350064,2,3,1,3,4,5,,,
2,35,3513,2,576,350064,3,3,1,4,,,,,
2,35,3513,2,576,350065,1,3,1,1,8,,,,
2,35,3513,2,576,350065,2,3,1,1,8,,,,
2,35,3513,2,576,350065,3,3,1,1,8,,,,
2,35,3513,2,576,350068,3,3,1,1,3,,,,
2,35,3513,2,576,350070,1,3,2,,,,,,
2,35,3505,2,1726,359004,1,1,1,4,5,,,,
2,35,3505,2,1726,359004,2,1,1,1,4,5,,,
2,35,3505,2,1726,359004,3,1,1,1,4,5,,,
2,35,3505,2,1726,359011,2,1,1,1,,,,,
2,35,3507,2,596,359025,1,2,1,1,5,8,9,,
2,35,3507,2,596,359029,1,2,1,1,,,,,
2,35,3510,2,550,359037,1,3,1,1,6,,,,
2,35,3510,2,550,359037,2,3,1,1,,,,,
2,35,3510,2,550,359037,3,1,1,1,,,,,
2,35,3510,2,550,359037,3,3,1,1,,,,,
2,35,3512,2,478,359049,1,1,1,1,,,,,
2,35,3512,2,478,359049,1,3,1,1,,,,,
2,35,3512,2,478,359049,2,1,1,1,,,,,
2,35,3512,2,478,359049,2,3,1,1,3,,,,
2,35,3512,2,478,359051,2,1,1,1,4,,,,
2,35,3512,2,478,359051,2,8,1,1,4,5,,,
2,35,3512,2,478,359053,2,3,2,,,,,,
2,35,3512,2,478,359055,2,3,1,1,,,,,
2,35,3514,1,1050,359066,1,3,2,,,,,,
3,36,3608,2,2078,360032,1,3,1,1,,,,,
3,36,3608,2,2078,360037,1,3,2,,,,,,
3,36,3608,2,2078,360038,1,3,1,1,,,,,
3,36,3608,2,2078,360038,2,2,1,1,,,,,
3,36,3613,2,1066,360044,3,3,1,1,,,,,
3,36,3613,2,1066,360045,2,3,1,1,,,,,
3,36,3613,2,1066,360045,4,3,1,1,,,,,
3,36,3610,2,1826,360056,1,2,1,1,,,,,
3,36,3606,2,1956,360088,2,3,1,1,,,,,
3,36,3606,2,1956,360089,1,3,1,1,,,,,
3,36,3608,2,1300,369001,2,3,1,1,,,,,
3,36,3608,2,1300,369001,4,3,1,1,,,,,
3,36,3608,2,1300,369003,1,3,2,,,,,,
3,36,3608,2,1300,369004,4,2,1,1,,,,,
3,36,3608,2,1300,369005,2,3,1,1,,,,,
3,36,3608,2,1300,369006,2,3,1,1,,,,,
3,36,3610,2,1140,369015,3,2,1,1,,,,,
3,36,3610,2,1140,369019,1,2,1,1,,,,,
3,36,3610,2,1140,369020,1,2,1,1,,,,,
3,36,3610,2,1140,369020,3,2,1,1,,,,,
3,36,3611,1,10,369027,1,3,1,1,,,,,
3,36,3611,1,10,369027,2,3,1,1,,,,,
3,36,3611,1,10,369028,1,2,1,1,,,,,
3,36,3611,1,10,369028,3,2,1,1,,,,,
3,36,3611,1,10,369031,2,3,1,1,,,,,
3,36,3611,1,10,369032,1,2,1,1,,,,,
3,36,3611,1,10,369033,3,2,1,2,3,5,,,
3,36,3611,1,10,369036,2,2,1,1,2,3,9,,
3,36,3611,1,10,369036,3,2,1,1,2,3,9,,
3,36,3613,2,1808,369042,3,3,1,1,,,,,
1,25,2504,1,0,370010,1,2,1,1,,,,,
6,24,2403,1,0,370024,1,3,1,1,2,,,,
6,24,2403,1,0,370024,1,4,1,1,2,,,,
1,37,3702,1,158,379016,1,2,1,1,,,,,
1,37,3703,1,236,379054,1,3,1,1,,,,,
