"zone","state","lga","sector","ea","hhid","lid","s4cq2b","s4cq2b_os","s4cq18_1","s4cq18_2","s4cq18_3","s4cq4","s4cq4_os","s4cq19","s4cq20","s4cq21a","s4cq21b","s4cq22","s4cq23_1","s4cq23_2","s4cq23_3","s4cq23_os","s4cq24","s4cq25a","s4cq25b","s4cq26","s4cq7","s4cq8","s4cq8b","s4cq9","s4cq27a","s4cq27b","s4cq10","s4cq10b","s4cq11"
4,1,111,1,1146,10036,1,3,,1,,,10,,3000000,3,,,2,,,,,2,,,,,,,,,,,,
4,14,1412,2,0,10052,1,6,,1,,,8,,50000,1,1,3,2,,,,,1,2,3,50000,1,,9999,1,,9999,,,55000
4,1,107,2,1044,10064,1,1,,2,,,3,,90000,3,,,2,,,,,2,,,,,,,,,,,,
4,1,107,2,1044,10068,1,2,,2,,,2,,70000,1,2,2,2,,,,,1,1,2,70000,1,3,2018,2,,,3,2019,77000
4,1,102,1,806,19020,1,2,,2,,,5,,50000,1,1,2,2,,,,,1,2,2,50000,2,3,2018,2,,,9,2018,55000
4,1,102,1,2486,19029,1,5,,1,,,5,,20000,1,0,,2,,,,,1,2,2,20000,1,11,2017,2,,,12,2018,22000
4,1,104,2,412,19047,1,1,,1,,,3,,200000,4,3,3,1,3,,,,,,,,,,,,,,,,
4,1,104,2,1020,19058,1,3,,1,,,5,,100000,1,1,3,2,,,,,1,8,3,100000,1,3,2018,2,,,10,2018,110000
4,1,107,2,10,19069,1,5,,2,,,8,,40000,1,0,,2,,,,,1,1,2,40000,2,2,2018,2,,,2,2019,44000
4,1,107,2,10,19071,1,5,,1,,,7,,50000,1,0,,2,,,,,1,1,2,50000,2,12,2017,2,,,12,2018,55000
4,1,107,2,1322,19073,1,5,,2,,,2,,60000,1,0,,2,,,,,1,1,2,60000,2,2,2018,2,,,2,2019,66000
4,1,107,2,1322,19075,1,5,,1,,,8,,60000,1,1,3,2,,,,,1,2,2,60000,1,8,2017,2,,,8,2018,60000
4,1,107,2,1322,19077,1,5,,1,,,2,,90000,1,4,1,2,,,,,1,2,2,90000,2,7,2017,1,12,2017,,,94500
4,1,107,2,1322,19080,1,5,,1,,,3,,200000,4,48,3,1,6,,,,,,,,,,,,,,,,
4,1,109,2,1214,19091,1,6,,1,,,2,,300000,1,0,,2,,,,,1,0,,300000,1,12,2017,2,,,1,2019,300000
4,1,109,2,1214,19095,1,5,,2,,,13,"RENTING OF A FARMING PLOT",30000,1,2,1,2,,,,,1,1,3,30000,1,2,2018,2,,,12,2018,30000
4,1,109,2,1214,19096,1,5,,1,,,13,"RENTING OF FARM PLOT",20000,1,1,2,2,,,,,1,3,2,20000,1,1,2018,2,,,12,2018,20000
4,1,109,2,1792,19098,1,6,,1,,,3,,10000,1,1,1,2,,,,,1,1,2,10000,1,3,2018,1,6,2018,,,10000
4,1,109,2,1792,19100,1,5,,1,,,4,,100000,1,1,2,2,,,,,1,2,2,100000,2,12,2017,2,,,12,2018,100000
4,1,109,2,1792,19101,1,5,,2,,,12,,50000,1,1,2,2,,,,,1,1,2,50000,2,2,2018,2,,,2,2019,55000
4,1,109,2,1792,19106,1,3,,7,,,3,,60000,1,1,2,2,,,,,1,1,3,60000,2,1,2018,1,5,2018,,,69000
4,1,109,2,1996,19119,1,5,,1,,,13,"RENTING FARM LAND",50000,1,2,2,2,,,,,1,0,,50000,2,2,2018,2,,,12,2018,55000
4,1,109,2,1996,19120,1,5,,1,,,12,,30000,1,2,2,2,,,,,1,1,2,30000,1,2,2018,2,,,2,2019,33000
4,1,110,2,338,19121,1,7,,1,,,5,,50000,1,1,2,2,,,,,1,1,2,50000,1,12,2017,1,7,2018,,,84000
4,1,111,2,118,19133,1,5,,1,,,13,"FARM WORK",100000,1,0,,2,,,,,1,0,,100000,2,11,2017,1,8,2018,,,110000
4,1,112,2,556,19163,1,5,,2,,,13,"RENTING OF FARM PLOT",10000,1,0,,2,,,,,1,1,2,10000,2,2,2018,2,,,9,2018,10500
4,1,112,2,556,19164,1,5,,1,,,13,"RENTING OF FARM PLOT",10000,1,0,,2,,,,,1,2,2,10000,2,4,2018,2,,,12,2018,10000
4,1,113,2,6,19174,1,5,,1,,,12,,20000,1,1,2,2,,,,,1,2,2,20000,2,7,2018,2,,,8,2018,20000
4,1,113,2,6,19178,1,9,"ANNUAL MEETING CONTRIBUTION",1,,,2,,500000,1,7,1,2,,,,,1,2,2,300000,2,1,2018,2,,,1,2019,330000
4,1,115,1,176,19206,1,7,,2,,,2,,60000,1,0,,2,,,,,1,0,,60000,1,2,2018,1,8,2018,,,70000
4,1,117,2,800,19231,1,1,,1,,,10,,100000,1,0,,2,,,,,1,0,,100000,2,8,2017,2,,,8,2018,120000
4,1,104,2,1020,19250,1,3,,1,,,3,,100000,1,1,3,2,,,,,1,1,3,100000,1,5,2018,2,,,12,2018,110000
2,2,204,2,144,29001,1,6,,1,,,2,,30000,1,4,1,2,,,,,1,4,1,30000,1,6,2018,2,,,12,2018,32000
2,2,204,2,144,29006,1,3,,1,,,2,,100000,1,3,1,2,,,,,1,3,2,100000,2,10,2017,1,2,2018,,,140000
2,2,211,2,344,29080,1,4,,1,,,4,,250000,4,2,2,1,6,,,,,,,,,,,,,,,,
2,2,211,2,532,29091,1,4,,2,15,,5,,100000,4,6,3,1,6,,,,,,,,,,,,,,,,
2,2,211,2,532,29092,1,4,,1,,,5,,100000,1,2,3,2,,,,,1,0,,80000,2,7,2017,1,4,2018,,,100000
2,2,212,2,100,29118,1,4,,3,,,10,,300000,1,2,2,2,,,,,1,3,2,300000,1,1,2018,2,,,12,2020,423000
2,2,213,2,1406,29160,1,4,,1,,,3,,150000,1,0,,2,,,,,1,7,1,122000,2,5,2018,2,,,5,2020,129612
2,2,218,2,1624,29182,1,6,,1,,,11,,3500,1,1,1,2,,,,,1,1,1,3500,1,6,2018,2,,,7,2018,3600
2,2,218,2,1624,29187,1,6,,1,,,11,,10000,4,0,,1,6,,,,,,,,,,,,,,,,
2,2,218,2,1624,29188,1,4,,1,,,7,,700000,1,0,,2,,,,,1,1,3,457600,1,9,2017,2,,,9,2019,757000
2,2,220,2,112,29212,1,4,,1,,,3,,200000,4,2,3,1,6,,,,,,,,,,,,,,,,
2,2,220,2,112,29212,2,4,,1,,,3,,150000,4,12,3,1,6,,,,,,,,,,,,,,,,
2,2,220,2,112,29215,1,1,,1,,,6,,40000,1,2,2,2,,,,,1,1,2,20000,2,5,2018,2,,,8,2018,22000
2,2,220,2,112,29215,2,4,,1,,,5,,40000,4,3,1,1,2,,,,,,,,,,,,,,,,
5,3,316,2,874,30021,1,3,,1,,,6,,100000,3,,,2,,,,,2,,,,,,,,,,,,
5,3,316,2,874,30026,1,5,,1,,,5,,50000,1,1,2,2,,,,,1,1,2,50000,2,5,2018,2,,,9,2018,60000
5,3,313,2,70,30097,1,1,,4,,,5,,40000,1,1,2,2,,,,,1,1,2,40000,2,3,2018,2,,,9,2018,59850
5,3,301,1,0,30102,1,6,,2,,,5,,20000,1,2,3,2,,,,,1,0,,20000,2,2,2018,2,,,10,2018,20000
5,3,301,1,1198,30103,1,6,,1,,,8,,40000,1,1,1,2,,,,,1,1,1,40000,2,1,2018,2,,,9,2018,40000
5,3,301,1,1198,30103,2,6,,1,,,8,,40000,1,3,3,2,,,,,1,3,3,40000,2,5,2018,2,,,12,2018,40000
5,3,301,1,1198,30105,1,2,,1,,,2,,50000,1,3,1,2,,,,,1,4,1,50000,1,1,2018,2,,,7,2018,55000
5,3,301,1,1198,30107,1,7,,5,,,5,,50000,1,2,2,2,,,,,1,3,2,50000,2,1,2018,2,,,8,2018,55000
5,3,301,1,1198,30109,1,4,,1,,,10,,200000,4,3,3,1,6,,,,,,,,,,,,,,,,
5,3,305,2,1542,30121,1,2,,2,,,5,,300000,1,2,2,2,,,,,1,3,2,300000,1,5,2018,2,,,12,2018,330000
5,3,305,2,1542,30128,1,2,,1,,,8,,100000,1,1,2,2,,,,,1,0,,100000,1,10,2017,1,3,2018,,,125000
5,3,305,2,1542,30129,1,1,,2,,,7,,50000,4,2,1,1,6,,,,,,,,,,,,,,,,
5,3,302,2,302,39004,1,4,,1,,,8,,156000,1,2,2,2,,,,,1,2,2,156000,1,4,2018,2,,,7,2019,195000
5,3,309,2,698,39037,1,2,,1,,,13,"PURCHASE PALM PLOT",30000,1,1,2,2,,,,,1,2,2,30000,1,3,2018,2,,,10,2018,32000
5,3,309,2,698,39044,1,3,,1,,,2,,500000,4,2,3,1,6,,,,,,,,,,,,,,,,
5,3,318,2,56,39079,1,2,,1,,,5,,5000,1,2,1,2,,,,,1,0,,5000,2,1,2018,2,,,11,2018,5500
5,3,304,2,10,39092,1,3,,1,,,5,,70000,1,3,3,2,,,,,1,0,,50000,1,8,2017,1,5,2018,,,62200
5,3,320,2,266,39116,1,2,,1,,,4,,10000,1,1,2,2,,,,,1,0,,10000,1,2,2018,1,5,2018,,,10500
5,3,320,2,266,39117,1,1,,1,,,13,"MPTOCYCLE REPAIR",26000,1,1,3,2,,,,,1,0,,26000,1,1,2018,2,,,11,2018,34580
5,3,323,2,488,39127,1,3,,2,,,5,,100000,1,5,1,2,,,,,1,2,2,100000,1,1,2018,1,7,2018,,,124200
5,3,327,2,196,39146,1,3,,1,,,3,,500000,4,6,3,1,2,3,1,,,,,,,,,,,,,,
5,3,327,2,196,39152,1,6,,2,,,10,,30000,1,2,1,2,,,,,1,0,,30000,1,9,2017,2,,,12,2018,30000
5,3,327,2,196,39154,1,6,,2,,,6,,40000,3,,,2,,,,,2,,,,,,,,,,,,
5,3,327,2,246,39162,1,6,,2,,,5,,15000,1,1,2,2,,,,,1,0,,15000,2,6,2018,2,,,12,2018,27000
5,3,327,2,246,39166,1,2,,1,,,5,,50000,3,,,2,,,,,2,,,,,,,,,,,,
5,3,329,2,608,39168,1,6,,2,,,5,,30000,1,0,,2,,,,,1,2,1,30000,2,1,2018,1,4,2018,,,31000
5,3,329,2,608,39169,1,3,,1,,,5,,50000,1,3,2,2,,,,,1,3,2,50000,2,11,2017,1,6,2018,,,75000
5,3,329,2,608,39170,1,3,,1,,,2,,2000000,3,,,2,,,,,2,,,,,,,,,,,,
4,4,421,1,800,40171,1,6,,2,,,5,,100000,1,4,1,2,,,,,1,0,,100000,2,6,2018,2,,,8,2018,125000
4,4,421,1,800,40175,1,7,,3,,,5,,80000,4,3,2,1,1,,,,,,,,,,,,,,,,
4,4,402,2,1080,40203,1,5,,1,,,5,,100000,1,0,,2,,,,,1,0,,100000,1,7,2017,2,,,7,2019,150000
4,4,402,2,874,49004,1,4,,1,,,2,,30000,4,1,3,1,4,,,,,,,,,,,,,,,,
4,4,402,2,874,49007,1,7,,1,,,13,"FOR AGRICULTURE",15000,1,2,1,2,,,,,1,2,1,15000,1,7,2017,1,10,2017,,,25000
4,4,405,2,716,49018,1,5,,2,,,13,"INPUT FOR FARM LABOURERS",40000,1,0,,2,,,,,1,1,3,40000,1,5,2018,2,,,10,2018,50000
4,4,412,1,1562,49038,1,6,,1,,,2,,10000,1,0,,2,,,,,1,0,,10000,1,7,2017,1,9,2017,,,13000
4,4,412,1,1562,49039,1,6,,1,,,2,,2000,1,0,,2,,,,,1,0,,2000,1,6,2018,2,,,9,2018,2300
4,4,412,1,1562,49043,1,6,,1,,,3,,150000,1,1,3,2,,,,,1,1,3,150000,1,1,2018,1,5,2018,,,152000
4,4,417,1,114,49077,1,1,,1,,,8,,1000000,1,3,3,2,,,,,1,3,3,1000000,1,9,2017,2,,,5,2019,1100000
4,4,419,1,1006,49088,1,3,,1,,,12,,400000,1,2,2,2,,,,,1,2,2,400000,1,7,2017,1,7,2018,,,550000
4,4,419,1,1006,49094,1,3,,1,,,4,,400000,1,5,1,2,,,,,1,5,1,400000,2,7,2018,2,,,5,2019,436000
4,4,405,2,716,49111,1,5,,5,,,13,"TO REPAY DEBT OWED BY SON",84000,1,0,,2,,,,,1,0,,84000,1,5,2018,2,,,9,2018,100800
4,4,417,1,114,49122,1,9,"IS A CHURCH, SHE WENT TO SEEK FINACIAL HELP",2,,,12,,30000,4,0,,1,6,,,,,,,,,,,,,,,,
4,4,407,1,680,49132,1,6,,3,,,2,,30000,1,0,,2,,,,,1,0,,30000,2,3,2018,2,,,9,2018,45000
4,4,407,1,680,49132,2,1,,1,,,2,,15000,4,0,,1,7,,,"THE TIME HE WENT FOR LOAN WAS LATE",,,,,,,,,,,,,
4,4,407,1,680,49134,1,6,,2,,,3,,50000,1,0,,2,,,,,1,0,,50000,1,2,2018,2,,,12,2018,100000
4,4,407,1,680,49135,1,6,,2,,,11,,3000,1,0,,2,,,,,1,0,,3000,2,8,2018,2,,,9,2018,3000
4,4,407,1,680,49137,1,2,,2,,,2,,10000,1,1,1,2,,,,,1,0,,10000,1,10,2017,2,,,10,2018,15000
2,5,502,2,3878,50032,1,6,,1,,,12,,10000,1,0,,2,,,,,1,0,,10000,1,7,2017,1,8,2017,,,10000
2,5,502,2,0,50037,1,9,"STATE GOVERNMENT",2,10,,2,,200000,3,,,2,,,,,2,,,,,,,,,,,,
2,5,513,2,348,50053,1,6,,1,,,2,,20000,1,0,,2,,,,,1,0,,20000,1,5,2018,2,,,2,2019,20000
2,5,513,2,348,50057,1,6,,1,,,1,,65000,1,0,,2,,,,,1,0,,65000,2,2,2018,1,7,2018,,,65000
2,5,513,2,348,50058,1,6,,1,,,7,,40000,1,0,,2,,,,,1,2,2,40000,1,4,2018,1,5,2018,,,40000
2,5,513,2,348,50058,2,6,,1,,,11,,30000,1,0,,2,,,,,1,0,,30000,1,6,2018,2,,,1,2019,30000
2,5,513,2,348,50058,3,6,,1,,,2,,20000,1,0,,2,,,,,1,3,1,20000,2,7,2018,2,,,8,2018,20000
2,5,513,2,348,50060,1,6,,3,,,12,,10000,1,0,,2,,,,,1,0,,10000,1,7,2018,2,,,8,2018,10000
2,5,513,2,348,50060,2,6,,3,,,12,,10000,1,0,,2,,,,,1,0,,10000,1,7,2018,2,,,8,2018,10000
2,5,508,2,984,50094,1,6,,1,,,2,,10000,1,0,,2,,,,,1,0,,10000,1,6,2018,2,,,12,2018,10000
2,5,508,2,984,50099,1,6,,1,,,2,,20000,4,0,,1,7,,,"HE DOES NOT HAVE MONEY TOO",,,,,,,,,,,,,
2,5,520,2,1756,50161,1,7,,1,,,3,,20000,1,5,3,2,,,,,1,5,3,20000,1,6,2018,2,,,10,2018,20000
2,5,520,2,1756,50166,1,7,,1,,,2,,32000,1,0,,2,,,,,1,0,,32000,1,6,2018,2,,,10,2018,32000
2,5,520,2,1756,50167,1,6,,1,,,2,,50000,1,0,,2,,,,,1,0,,50000,1,7,2017,2,,,9,2018,50000
2,5,520,2,1756,50168,1,6,,1,,,2,,40000,1,7,1,2,,,,,1,10,1,40000,2,4,2018,2,,,11,2018,44000
2,5,520,2,1756,50170,1,6,,1,,,2,,20000,1,0,,2,,,,,1,0,,20000,1,5,2018,1,6,2018,,,20000
2,5,502,1,562,59009,1,4,,1,,,5,,1500000,1,20,1,2,,,,,1,0,,1500000,1,1,2018,2,,,12,2018,1750000
2,5,503,2,246,59022,1,1,,1,,,4,,10000,1,0,,2,,,,,1,0,,10000,2,3,2018,2,,,12,2018,10000
2,5,504,2,1162,59048,1,6,,1,,,12,,10000,1,0,,2,,,,,1,0,,10000,2,1,2018,1,5,2018,,,10000
2,5,505,2,1716,59066,1,6,,1,,,2,,60000,1,0,,2,,,,,1,0,,60000,1,6,2018,2,,,11,2018,60000
2,5,505,2,1716,59068,1,6,,1,,,2,,15000,1,0,,2,,,,,1,0,,15000,1,6,2018,2,,,11,2018,15000
2,5,505,2,1716,59068,2,6,,1,,,12,,55000,1,0,,2,,,,,1,0,,55000,1,5,2018,2,,,11,2018,55000
2,5,505,2,1716,59070,1,7,,1,,,2,,6000,1,0,,2,,,,,1,0,,6000,2,6,2018,2,,,10,2018,6000
2,5,507,2,230,59085,1,7,,1,,,12,,5000,1,0,,2,,,,,1,0,,5000,1,11,2017,1,1,2018,,,5000
2,5,507,2,230,59086,1,6,,1,,,2,,14000,1,0,,2,,,,,1,0,,14000,1,5,2018,1,7,2018,,,14000
2,5,509,2,1064,59101,1,7,,1,,,12,,10000,1,0,,2,,,,,1,0,,10000,1,7,2018,2,,,12,2018,10000
2,5,509,2,1064,59102,1,8,,1,,,12,,20000,1,0,,2,,,,,1,0,,20000,1,2,2018,1,4,2018,,,20000
2,5,509,2,1064,59103,1,7,,1,,,7,,40000,1,0,,2,,,,,1,0,,20000,1,2,2018,1,3,2018,,,40000
2,5,509,2,1064,59105,1,7,,1,,,11,,10000,1,0,,2,,,,,1,0,,10000,1,3,2018,2,,,11,2018,10000
2,5,508,2,2196,59118,1,7,,1,,,5,,6000,1,0,,2,,,,,1,0,,6000,1,2,2018,1,5,2018,,,6000
2,5,511,2,796,59129,1,7,,1,,,2,,5000,1,0,,2,,,,,1,0,,5000,1,5,2018,2,,,9,2018,5000
2,5,514,2,1964,59136,1,4,,1,,,1,,120000,1,1,3,2,,,,,1,0,,120000,1,2,2018,2,,,2,2020,150000
2,5,516,2,134,59154,1,6,,1,,,2,,10000,1,0,,2,,,,,1,0,,10000,1,8,2017,1,12,2017,,,10000
2,5,517,2,1424,59159,1,6,,1,,,2,,27000,1,0,,2,,,,,1,0,,27000,1,9,2017,1,7,2018,,,27000
2,5,511,2,796,59212,1,4,,1,,,11,,5000,1,0,,2,,,,,1,0,,5000,1,6,2018,1,7,2018,,,5000
5,6,602,2,1356,60002,1,7,,1,,,7,,10000,1,0,,2,,,,,1,0,,10000,1,2,2018,1,4,2018,,,15000
5,6,602,2,0,60004,1,7,,1,,,13,"DONATION TO CHURCH",12000,1,0,,2,,,,,1,0,,12000,1,1,2018,2,,,12,2019,12000
5,6,602,2,0,60006,1,7,,6,,,5,,20000,1,1,1,2,,,,,1,1,1,20000,2,3,2018,2,,,8,2018,40000
5,6,602,2,1356,60009,1,6,,1,,,12,,40000,1,0,,2,,,,,1,0,,40000,1,3,2018,2,,,9,2018,60000
5,6,607,2,1892,60034,1,4,,1,,,6,,1000000,1,3,2,2,,,,,1,1,3,1000000,1,2,2018,1,7,2018,,,1120000
5,6,601,2,640,60044,1,6,,2,,,11,,5000,1,0,,2,,,,,1,0,,5000,1,7,2018,1,8,2018,,,5000
5,6,605,2,162,60055,1,1,,2,,,5,,50000,1,3,2,2,,,,,1,3,2,50000,2,6,2018,2,,,10,2018,79000
5,6,605,2,0,60057,1,2,,2,,,8,,145000,1,0,,2,,,,,1,0,,145000,1,6,2018,2,,,10,2018,188500
5,6,604,1,858,69014,1,6,,1,,,5,,1000000,1,2,1,2,,,,,1,0,,1000000,1,3,2018,2,,,10,2018,1000000
5,6,606,2,790,69027,1,6,,1,,,12,,10000,1,0,,2,,,,,1,0,,10000,1,4,2018,2,,,12,2018,10000
5,6,606,2,790,69028,1,6,,1,,,13,"USED IT TO SOLVE A NEIGHBOUR,S PROBLEM",20000,1,0,,2,,,,,1,0,,20000,1,2,2018,1,6,2018,,,20000
5,6,606,2,790,69030,1,7,,1,,,8,,50000,1,3,2,2,,,,,1,3,2,50000,2,3,2018,2,,,8,2018,75000
5,6,606,2,790,69031,1,6,,1,,,3,,50000,1,2,1,2,,,,,1,0,,50000,2,2,2018,1,4,2018,,,75000
5,6,608,2,1288,69037,1,6,,1,,,6,,5000,1,0,,2,,,,,1,0,,5000,1,7,2018,2,,,8,2018,6500
5,6,608,2,1288,69038,1,7,,2,,,2,,5000,1,2,1,2,,,,,1,0,,5000,2,6,2018,2,,,8,2018,6500
5,6,608,2,1288,69040,1,6,,1,,,7,,15000,1,0,,2,,,,,1,0,,15000,1,3,2018,1,3,2018,,,15000
5,6,608,2,1288,69041,1,4,,1,,,5,,50000,4,6,3,1,6,,,,,,,,,,,,,,,,
5,6,608,2,1288,69046,1,6,,1,,,8,,50000,1,2,1,2,,,,,1,3,2,50000,1,3,2018,2,,,12,2018,95000
5,6,601,2,16,69049,1,6,,1,,,13,"TO REPAIR IS ENGINE BOAT",150000,1,0,,2,,,,,1,0,,150000,1,7,2018,2,,,2,2019,150000
1,7,708,2,754,70011,1,5,,1,,,3,,50000,1,1,2,2,,,,,1,1,2,50000,1,4,2018,2,,,12,2018,55000
1,7,708,2,754,70012,1,5,,1,,,3,,15000,4,2,2,1,6,,,,,,,,,,,,,,,,
1,7,708,2,754,70013,1,5,,1,,,2,,50000,1,0,,2,,,,,1,0,,50000,1,4,2018,2,,,11,2018,55000
1,7,711,2,2532,70062,1,5,,2,,,6,,5000,1,0,,2,,,,,1,0,,5000,1,4,2018,2,,,12,2018,5500
1,7,711,2,2532,70063,1,5,,2,,,5,,50000,1,2,3,2,,,,,1,2,3,30000,2,7,2017,2,,,10,2018,33000
1,7,711,2,2532,70066,1,5,,1,,,2,,100000,1,0,,2,,,,,1,0,,100000,1,7,2017,2,,,11,2018,100000
1,7,709,2,1226,70074,1,5,,3,,,7,,11000,1,0,,2,,,,,1,0,,10000,1,10,2017,2,,,8,2018,11000
1,7,713,2,304,70153,1,3,,1,,,3,,200000,4,0,,1,6,,,,,,,,,,,,,,,,
1,7,713,2,304,70155,1,5,,2,,,5,,50000,1,0,,2,,,,,1,0,,50000,1,6,2018,2,,,11,2018,55000
1,7,701,2,104,79002,1,3,,1,,,11,,60000,1,2,2,2,,,,,1,4,1,60000,1,12,2017,2,,,7,2018,70000
1,7,701,2,104,79007,1,4,,1,,,5,,400000,4,0,,1,6,,,,,,,,,,,,,,,,
1,7,704,2,10,79028,1,5,,1,,,3,,50000,1,2,3,2,,,,,1,0,,40000,1,5,2018,2,,,11,2018,48000
1,7,704,2,10,79030,1,5,,1,9,,2,,5000,1,0,,2,,,,,1,0,,5000,1,1,2018,1,7,2018,,,5000
1,7,705,1,3834,79039,1,5,,1,,,2,,120000,1,0,,2,,,,,1,0,,120000,2,4,2018,2,,,10,2018,121200
1,7,705,1,3834,79041,1,5,,1,,,8,,30000,1,0,,2,,,,,1,0,,25000,1,12,2017,2,,,10,2018,27500
1,7,705,1,3834,79042,1,5,,1,,,3,,30000,1,0,,2,,,,,1,0,,20000,2,6,2018,2,,,11,2018,22000
1,7,705,1,3834,79045,1,5,,1,,,9,,135000,1,0,,2,,,,,1,0,,135000,1,7,2017,1,12,2017,,,135000
1,7,705,1,3834,79046,1,9,"THE BOSS AT BARBING SHOP WERE HE WORKS",1,,,10,,10000,1,0,,2,,,,,1,0,,10000,2,2,2018,2,,,12,2018,10000
1,7,713,1,694,79053,1,4,,1,,,4,,750000,2,1,3,2,,,,,2,,,,,,,,,,,,
1,7,716,2,458,79069,1,6,,1,,,5,,500000,1,3,1,2,,,,,1,0,,250000,2,7,2017,1,12,2017,,,250000
1,7,717,2,478,79074,1,1,,1,,,2,,200000,4,10,3,1,6,,,,,,,,,,,,,,,,
1,7,717,2,478,79074,2,9,"GOVERNMENT",1,,,2,,1000000,4,10,3,1,6,,,,,,,,,,,,,,,,
1,7,717,2,478,79075,1,9,"COMMUNITY MEETING GROUP",1,,,8,,30000,1,0,,2,,,,,1,0,,30000,1,3,2018,2,,,8,2018,38000
1,7,718,2,504,79088,1,6,,1,,,6,,500000,1,1,3,2,,,,,1,2,3,500000,1,1,2018,1,2,2018,,,550000
1,7,721,2,2400,79122,1,5,,1,,,3,,50000,1,3,2,2,,,,,1,3,2,40000,1,3,2018,2,,,12,2018,44000
1,7,723,2,1088,79133,1,4,,1,,,2,,500000,4,6,3,1,2,,,,,,,,,,,,,,,,
1,7,723,2,1088,79137,1,5,,1,,,2,,7000,1,0,,2,,,,,1,0,,7000,1,8,2017,1,1,2018,,,7000
1,7,723,2,1088,79140,1,5,,1,,,12,,6000,1,0,,2,,,,,1,0,,4000,1,4,2018,2,,,8,2018,4400
1,7,723,2,1088,79143,1,5,,2,,,6,,40000,1,0,,2,,,,,1,0,,40000,1,2,2018,2,,,2,2019,44100
2,8,805,2,46,80091,1,4,,1,,,4,,250000,4,6,3,1,6,,,,,,,,,,,,,,,,
2,8,827,2,804,80102,1,4,,1,,,2,,300000,2,5,3,2,,,,,2,,,,,,,,,,,,
2,8,827,2,804,80104,1,4,,1,,,2,,260000,4,5,3,1,6,,,,,,,,,,,,,,,,
2,8,827,2,804,80105,1,4,,1,,,2,,500000,2,6,3,2,,,,,2,,,,,,,,,,,,
2,8,827,2,804,80109,1,4,,1,,,2,,200000,4,5,3,1,6,,,,,,,,,,,,,,,,
5,9,908,1,278,90004,1,6,,2,,,8,,10000,1,0,,2,,,,,1,1,2,10000,2,3,2018,2,,,12,2018,15000
5,9,908,1,278,90010,1,1,,1,,,10,,2000000,3,,,2,,,,,2,,,,,,,,,,,,
5,9,915,1,1390,90027,1,6,,1,,,12,,30000,1,0,,2,,,,,1,0,,30000,2,5,2018,2,,,8,2018,30000
5,9,901,2,0,90043,1,7,,1,,,13,"VEHICLE REPAIRS",100000,1,0,,2,,,,,1,0,,100000,2,2,2018,2,,,12,2018,120000
5,9,918,2,834,90097,1,5,,1,,,2,,40000,1,1,3,2,,,,,1,1,3,30000,1,2,2018,2,,,3,2019,40000
5,9,918,2,834,90100,1,2,,1,,,5,,300000,1,2,1,2,,,,,1,3,2,300000,2,7,2017,2,,,7,2018,330000
5,9,905,2,2128,99006,1,5,,2,,,11,,5000,1,0,,2,,,,,1,0,,5000,1,6,2018,2,,,8,2018,6000
5,9,905,2,2128,99008,1,5,,1,,,12,,50000,1,0,,2,,,,,1,1,2,50000,2,6,2018,2,,,8,2018,58000
5,9,909,1,506,99027,1,3,,1,,,13,"BUSINESS EXPANSION",2500000,2,3,3,2,,,,,2,,,,,,,,,,,,
5,9,909,1,506,99027,2,2,,1,,,8,,50000,1,0,,2,,,,,1,0,,50000,2,6,2018,2,,,8,2018,50000
5,9,909,1,506,99027,3,6,,1,,,8,,10000,1,0,,2,,,,,1,0,,10000,2,6,2018,1,7,2018,,,10000
5,9,910,2,370,99037,1,2,,1,,,2,,20000,1,1,2,2,,,,,1,6,3,20000,2,2,2018,2,,,8,2018,30000
5,9,910,2,370,99038,1,2,,1,,,8,,30000,1,3,3,2,,,,,1,3,3,30000,1,4,2018,2,,,8,2018,40000
5,9,910,2,370,99039,1,2,,1,,,12,,100000,1,2,3,2,,,,,1,2,3,100000,1,4,2018,2,,,9,2018,150000
5,9,910,2,370,99040,1,5,,1,,,3,,60000,1,0,,2,,,,,1,0,,60000,1,3,2018,1,3,2018,,,90000
5,9,910,2,370,99041,1,5,,1,,,8,,50000,1,0,,2,,,,,1,1,3,50000,1,1,2018,2,,,8,2018,75000
5,9,910,2,370,99044,1,5,,2,,,2,,8000,1,0,,2,,,,,1,0,,8000,1,8,2017,1,10,2017,,,12000
5,9,910,2,730,99056,1,5,,1,,,6,,50000,1,1,2,2,,,,,1,1,2,50000,1,1,2018,1,7,2018,,,60000
5,9,910,2,730,99057,1,5,,1,,,8,,20000,1,7,1,2,,,,,1,1,2,20000,2,8,2017,1,12,2017,,,24000
5,9,913,2,1510,99062,1,6,,1,,,13,"FOR TRAVELLING",40000,1,2,3,2,,,,,1,2,3,40000,1,3,2018,2,,,12,2018,60000
5,9,913,2,1510,99066,1,5,,1,,,3,,17000,1,7,1,2,,,,,1,7,1,17000,1,8,2017,1,12,2017,,,20000
5,9,917,2,2282,99076,1,6,,1,,,3,,50000,1,1,2,2,,,,,1,1,2,50000,1,1,2018,1,1,2018,,,55000
5,9,917,2,2282,99080,1,2,,1,,,5,,5000,1,0,,2,,,,,1,0,,5000,1,10,2017,1,4,2018,,,6000
5,9,917,2,2282,99082,1,9,"NGO",1,,,3,,500000,4,12,3,1,6,,,,,,,,,,,,,,,,
5,9,917,2,2282,99082,2,1,,1,,,3,,500000,4,12,3,1,6,,,,,,,,,,,,,,,,
5,9,910,2,730,99094,1,2,,1,,,10,,200000,1,7,3,2,,,,,1,7,3,200000,2,8,2017,2,,,12,2018,250000
5,10,1008,2,1314,100035,1,6,,1,2,,8,,150000,1,0,,2,,,,,1,1,1,150000,1,12,2017,2,,,12,2018,150000
5,10,1018,1,634,100111,1,6,,2,,,7,,30000,1,0,,2,,,,,1,0,,30000,2,5,2018,2,,,12,2018,30000
5,10,1018,1,634,100117,1,4,,1,,,5,,5000000,4,1,3,1,1,,,,,,,,,,,,,,,,
5,10,1018,1,634,100118,1,6,,3,,,8,,30000,4,1,3,1,6,,,,,,,,,,,,,,,,
5,10,1018,1,634,100120,1,1,,2,,,6,,2000000,4,2,2,1,7,,,"THE SPACE OF TIME GIVEN TO ME TO PAY BACK WAS",,,,,,,,,,,,,
5,10,1002,1,114,109005,1,1,,2,,,5,,70000,1,3,2,2,,,,,1,4,2,70000,1,2,2018,2,,,8,2018,85000
5,10,1002,1,114,109007,1,7,,1,,,13,"FOR FATHER INLAW'S BURIAL",20000,1,1,1,2,,,,,1,0,,20000,2,2,2018,1,7,2018,,,46000
5,10,1007,1,1026,109047,1,5,,1,,,8,,20000,1,1,2,2,,,,,1,1,2,20000,1,5,2018,2,,,8,2018,25000
5,10,1012,2,1106,109062,1,1,,2,,,5,,80000,1,3,2,2,,,,,1,4,2,80000,1,5,2018,2,,,11,2018,92500
5,10,1013,2,88,109081,1,1,,1,,,2,,125000,1,0,,2,,,,,1,0,,125000,2,12,2017,2,,,11,2018,155000
5,10,1013,2,88,109082,1,3,,1,,,2,,100000,1,0,,2,,,,,1,1,3,100000,2,7,2018,2,,,2,2019,140000
5,10,1013,2,410,109087,1,3,,1,,,6,,90000,1,3,2,2,,,,,1,3,2,90000,2,1,2018,2,,,8,2018,112000
5,10,1013,2,410,109088,1,1,,1,,,13,"HIRING OF LABOUR TO CLEAR THE FARM FOR PLANTING AND BUYING OF CAR ENGINE",150000,1,2,3,2,,,,,1,2,3,150000,1,5,2018,2,,,11,2018,180000
5,10,1013,2,410,109089,1,2,,1,,,6,,60000,1,1,2,2,,,,,1,1,2,60000,1,11,2017,1,3,2018,,,66000
5,10,1013,2,410,109092,1,5,,1,,,2,,80000,1,2,2,2,,,,,1,1,3,70000,2,1,2018,2,,,8,2018,82000
5,10,1013,2,410,109095,1,6,,1,,,6,,20000,1,0,,2,,,,,1,0,,20000,1,7,2018,1,7,2018,,,20000
5,10,1013,2,948,109099,1,3,,1,,,6,,500000,1,0,,2,,,,,1,2,2,200000,2,12,2017,1,7,2018,,,250000
5,10,1013,2,948,109100,1,9,"IN LAW",1,,,5,,1500000,3,,,2,,,,,2,,,,,,,,,,,,
5,10,1013,2,948,109104,1,3,,1,,,11,,50000,4,2,3,1,6,,,,,,,,,,,,,,,,
5,10,1013,2,948,109107,1,6,,1,,,5,,50000,3,,,2,,,,,2,,,,,,,,,,,,
5,10,1013,2,1054,109115,1,1,,1,2,,6,,1000000,3,,,2,,,,,2,,,,,,,,,,,,
5,10,1013,2,1054,109118,1,3,,2,,,12,,80000,1,1,2,2,,,,,1,3,2,80000,2,2,2018,2,,,8,2018,94000
5,10,1022,1,30,109124,1,1,,1,,,6,,200000,1,2,3,2,,,,,1,2,3,200000,2,8,2017,1,8,2018,,,250000
5,10,1022,1,30,109131,1,1,,1,,,6,,100000,1,0,,2,,,,,1,0,,100000,1,6,2018,2,,,12,2018,115000
5,10,1022,1,386,109134,1,2,,3,,,5,,50000,4,0,,1,3,,,,,,,,,,,,,,,,
5,10,1022,1,386,109134,2,5,,2,,,5,,30000,4,2,2,1,5,,,,,,,,,,,,,,,,
5,10,1022,1,386,109141,1,2,,3,,,5,,100000,1,0,,2,,,,,1,1,2,100000,2,6,2018,2,,,10,2018,115000
5,10,1023,2,346,109151,1,6,,1,,,6,,5000,1,0,,2,,,,,1,0,,5000,2,2,2018,2,,,12,2018,5000
5,10,1023,2,346,109152,1,4,,1,,,5,,2000000,4,0,,1,1,5,,,,,,,,,,,,,,,
5,10,1023,2,346,109153,1,7,,1,,,5,,100000,4,2,2,1,1,5,,,,,,,,,,,,,,,
5,10,1023,2,346,109154,1,2,,1,,,5,,100000,4,1,3,1,5,,,,,,,,,,,,,,,,
5,10,1013,2,410,109169,1,2,,2,,,2,,100000,4,2,3,1,6,,,,,,,,,,,,,,,,
5,10,1013,2,948,109170,1,1,,1,,,10,,500000,2,2,2,2,,,,,2,,,,,,,,,,,,
5,10,1013,2,1054,109173,1,1,,2,,,6,,150000,1,2,2,2,,,,,1,2,2,150000,1,5,2018,2,,,12,2018,178000
5,10,1022,1,386,109176,1,6,,2,,,6,,150000,1,1,2,2,,,,,1,1,2,150000,2,6,2018,2,,,12,2018,180000
4,11,1104,1,2028,110010,1,4,,1,,,11,,600000,1,1,3,2,,,,,1,1,3,500000,1,11,2017,2,,,11,2018,600000
4,11,1112,2,78,110023,1,5,,2,,,12,,20000,1,0,,2,,,,,1,0,,20000,1,1,2018,2,,,12,2018,30000
4,11,1104,2,434,110083,1,5,,10,,,12,,40000,1,4,1,2,,,,,1,0,,40000,2,5,2018,2,,,8,2018,80000
4,11,1104,2,434,110089,1,5,,2,,,2,,12000,1,2,2,2,,,,,1,3,2,12000,1,4,2018,2,,,11,2018,16000
4,11,1113,2,954,110119,1,9,"CHURCH",1,,,6,,50000,1,1,2,2,,,,,1,2,2,50000,1,1,2018,2,,,10,2018,50000
4,11,1102,2,936,110125,1,6,,1,,,2,,60000,1,0,,2,,,,,1,0,,60000,2,1,2018,2,,,12,2018,90000
4,11,1102,2,936,110126,1,9,"OHABIKA MEETING",1,,,2,,5000,1,0,,2,,,,,1,0,,5000,2,5,2018,2,,,12,2018,7000
4,11,1102,2,936,110129,1,2,,1,,,2,,50000,1,7,1,2,,,,,1,2,2,50000,1,5,2018,2,,,12,2018,60000
4,11,1104,2,914,119005,1,5,,2,,,5,,120000,4,2,2,1,2,4,,,,,,,,,,,,,,,
4,11,1105,2,1092,119034,1,5,,1,,,2,,30000,1,1,2,2,,,,,1,2,2,30000,1,1,2018,2,,,12,2018,40000
4,11,1109,2,1556,119049,1,4,,2,,,5,,50000,2,60,3,2,,,,,2,,,,,,,,,,,,
5,12,1211,1,2856,120001,1,7,,1,2,,5,,400000,1,0,,2,,,,,1,1,2,400000,2,6,2018,2,,,10,2018,440000
5,12,1211,1,2856,120005,1,2,,1,,,5,,150000,1,1,2,2,,,,,1,2,2,150000,1,10,2017,2,,,9,2018,165000
5,12,1208,2,526,120045,1,9,"CLUB MEETING",1,,,2,,92200,1,4,1,2,,,,,1,3,1,92200,2,5,2018,2,,,9,2018,120200
5,12,1208,2,526,120046,1,9,"CLUB MEETING",2,,,5,,20000,1,5,1,2,,,,,1,2,1,20000,1,9,2017,1,12,2017,,,24000
5,12,1208,2,526,120047,1,2,,2,,,2,,100000,1,1,2,2,,,,,1,1,2,100000,2,1,2018,2,,,12,2018,110000
5,12,1208,2,526,120048,1,2,,1,,,6,,30000,1,1,2,2,,,,,1,1,2,30000,2,11,2017,2,,,11,2018,33000
5,12,1208,2,526,120049,1,2,,2,,,7,,100000,1,1,2,2,,,,,1,0,,100000,2,12,2017,2,,,12,2018,110000
5,12,1208,2,526,120050,1,2,,1,2,,3,,12000,1,1,2,2,,,,,1,1,2,12000,2,1,2018,2,,,12,2018,13200
5,12,1201,2,320,129011,1,6,,1,,,2,,10000,1,2,1,2,,,,,1,1,1,10000,2,3,2018,2,,,12,2018,11000
5,12,1203,1,334,129014,1,6,,1,,,10,,100000,1,2,2,2,,,,,1,0,,100000,2,2,2018,1,7,2018,,,100000
5,12,1203,1,334,129016,1,7,,1,,,8,,250000,1,3,1,2,,,,,1,3,1,250000,2,1,2018,2,,,12,2019,310000
5,12,1207,1,144,129025,1,7,,2,,,5,,40000,1,1,2,2,,,,,1,1,2,40000,2,3,2018,2,,,9,2018,46000
5,12,1207,1,144,129027,1,2,,1,,,8,,50000,1,1,2,2,,,,,1,2,2,50000,2,4,2018,2,,,3,2019,80000
5,12,1207,1,144,129027,2,2,,1,,,8,,10000,1,0,,2,,,,,1,0,,10000,1,3,2018,2,,,12,2018,10000
5,12,1207,1,144,129028,1,2,,1,,,2,,40000,1,7,1,2,,,,,1,7,1,40000,1,4,2018,2,,,9,2018,46000
5,12,1207,1,144,129029,1,6,,1,,,6,,100000,1,2,2,2,,,,,1,4,1,100000,2,8,2017,2,,,8,2018,115000
5,12,1207,1,144,129030,1,1,,2,,,8,,100000,1,2,2,2,,,,,1,1,3,100000,2,9,2017,2,,,9,2019,110000
5,12,1207,1,144,129031,1,2,,1,,,8,,100000,1,2,2,2,,,,,1,1,2,100000,1,12,2017,2,,,12,2018,115000
5,12,1207,1,144,129033,1,1,,1,,,3,,100000,1,0,,2,,,,,1,0,,120000,1,9,2017,1,5,2018,,,120000
5,12,1208,2,76,129038,1,5,,1,,,2,,25000,1,2,2,2,,,,,1,7,1,25000,1,4,2018,2,,,11,2018,25000
5,12,1208,2,76,129039,1,2,,2,,,2,,30000,1,1,2,2,,,,,1,1,2,30000,2,11,2017,2,,,11,2018,36000
5,12,1208,2,630,129050,1,5,,1,,,2,,30000,1,3,1,2,,,,,1,2,1,30000,1,1,2018,1,6,2018,,,30000
5,12,1208,2,630,129051,1,6,,1,,,8,,52000,1,0,,2,,,,,1,0,,52000,2,6,2018,2,,,11,2018,52000
5,12,1208,2,630,129053,1,6,,1,,,12,,10000,1,3,1,2,,,,,1,0,,10000,2,6,2018,2,,,10,2018,10000
5,12,1208,2,630,129054,1,6,,1,,,5,,150000,1,1,2,2,,,,,1,0,,150000,2,2,2018,2,,,10,2018,150000
5,12,1208,2,630,129054,2,6,,1,,,5,,50000,1,3,1,2,,,,,1,0,,50000,2,7,2018,2,,,9,2018,50000
5,12,1209,1,226,129068,1,1,,1,,,1,,250000,1,1,2,2,,,,,1,1,2,250000,2,8,2017,2,,,12,2018,300000
5,12,1209,1,566,129077,1,7,,1,,,6,,80000,1,1,1,2,,,,,1,1,2,80000,2,2,2018,2,,,11,2018,90000
5,12,1209,1,566,129079,1,3,,1,,,8,,100000,1,3,1,2,,,,,1,3,1,100000,2,8,2017,1,4,2018,,,125000
5,12,1209,1,566,129081,1,6,,1,,,8,,8000,1,0,,2,,,,,1,0,,8000,2,3,2018,2,,,10,2018,8000
5,12,1211,1,446,129090,1,3,,2,,,6,,50000,1,2,2,2,,,,,1,3,2,50000,2,7,2017,1,3,2018,,,65000
5,12,1211,1,1250,129098,1,1,,1,,,5,,500000,2,0,,2,,,,,2,,,,,,,,,,,,
5,12,1211,1,1250,129099,1,3,,1,,,5,,200000,1,0,,2,,,,,1,1,2,200000,2,1,2018,1,7,2018,,,220000
5,12,1211,1,1250,129101,1,6,,2,,,5,,800000,4,0,,1,7,,,"MONEY NOT AVAILABE",,,,,,,,,,,,,
5,12,1212,1,2598,129109,1,3,,2,,,5,,250000,4,2,1,1,1,,,,,,,,,,,,,,,,
5,12,1212,1,2598,129112,1,1,,1,2,,5,,800000,3,,,2,,,,,2,,,,,,,,,,,,
5,12,1212,1,2598,129114,1,3,,1,,,6,,100000,1,2,2,2,,,,,1,3,2,100000,2,5,2018,2,,,1,2019,120500
5,12,1212,1,2598,129116,1,6,,1,,,11,,50000,1,0,,2,,,,,1,0,,50000,1,2,2018,2,,,2,2019,96000
5,12,1212,1,2598,129116,2,6,,1,,,11,,100000,1,0,,2,,,,,1,0,,100000,1,4,2018,2,,,4,2019,160000
5,12,1215,2,810,129123,1,1,,1,,,5,,50000,2,5,1,2,,,,,2,,,,,,,,,,,,
5,12,1215,2,810,129124,1,9,"RELIGIOUS ORGANISATION",1,,,5,,400000,4,0,,1,7,,,"THEY HAVE MANY PROJECTS THEY ARE WORKING ON",,,,,,,,,,,,,
5,12,1215,2,810,129125,1,1,,1,,,5,,40000,2,5,1,2,,,,,2,,,,,,,,,,,,
6,13,1307,1,268,130025,1,1,,1,,,10,,250000,2,2,3,2,,,,,2,,,,,,,,,,,,
6,13,1309,2,674,130052,1,5,,1,2,,3,,600000,1,1,3,2,,,,,1,1,3,600000,1,3,2018,2,,,12,2018,627500
6,13,1301,1,688,139002,1,4,,1,,,5,,300000,4,14,1,1,4,,,,,,,,,,,,,,,,
6,13,1306,1,140,139030,1,5,,1,,,12,,20000,1,0,,2,,,,,1,0,,20000,1,6,2018,1,7,2018,,,20000
6,13,1306,1,140,139033,1,6,,2,,,5,,6000,1,0,,2,,,,,1,0,,6000,1,5,2018,2,,,4,2019,6600
6,13,1306,1,342,139037,1,2,,1,,,7,,85000,1,0,,2,,,,,1,0,,85000,1,7,2017,1,12,2017,,,103000
6,13,1306,1,342,139038,1,4,,1,,,3,,40000,1,15,1,2,,,,,1,15,1,40000,1,4,2018,2,,,10,2018,60000
6,13,1307,1,1002,139048,1,6,,1,,,3,,10000,1,3,1,2,,,,,1,3,1,10000,2,8,2017,2,,,11,2018,10000
6,13,1307,1,1002,139048,2,6,,1,,,3,,10000,1,5,3,2,,,,,1,5,3,10000,2,8,2017,2,,,11,2018,10000
6,13,1307,1,1002,139048,3,6,,1,,,3,,10000,1,1,3,2,,,,,1,1,3,10000,2,8,2017,2,,,6,2019,10000
6,13,1307,1,1002,139048,4,6,,1,,,3,,5000,1,0,,2,,,,,1,0,,5000,2,8,2017,2,,,6,2019,5000
6,13,1308,1,842,139075,1,4,,1,,,2,,100000,3,,,2,,,,,2,,,,,,,,,,,,
6,13,1308,1,842,139079,1,3,,1,,,5,,100000,1,0,,2,,,,,1,3,1,100000,2,4,2018,1,7,2018,,,115000
6,13,1311,1,1134,139086,1,5,,1,,,2,,40000,1,1,3,2,,,,,1,1,3,20000,2,4,2018,2,,,3,2019,21200
6,13,1312,1,24,139096,1,1,,1,,,5,,100000,1,1,3,2,,,,,1,0,,100000,2,9,2017,2,,,9,2018,118000
6,13,1315,1,264,139108,1,2,,1,,,5,,40000,1,8,1,2,,,,,1,8,1,40000,1,4,2018,2,,,3,2019,42400
6,13,1315,1,264,139109,1,6,,1,,,5,,5000,1,8,1,2,,,,,1,8,1,5000,1,1,2018,2,,,9,2018,7250
6,13,1316,1,1236,139121,1,2,,1,,,8,,50000,1,0,,2,,,,,1,0,,50000,2,4,2018,2,,,11,2018,62000
4,14,1401,2,1116,140001,1,5,,2,,,2,,5000,1,2,2,2,,,,,1,2,2,5000,1,3,2018,2,,,12,2018,10000
4,14,1401,2,1116,140010,1,5,,2,,,2,,10000,1,2,1,2,,,,,1,2,1,10000,1,3,2018,2,,,3,2019,11000
4,14,1408,2,1996,140023,1,4,,1,,,4,,2000000,1,2,2,2,,,,,1,2,2,2000000,1,11,2017,1,2,2018,,,2200000
4,14,1408,2,1996,140024,1,2,,2,,,11,,1500,1,0,,2,,,,,1,0,,1500,2,4,2018,2,,,8,2018,2000
4,14,1408,2,1996,140025,1,5,,1,,,7,,10000,1,1,3,2,,,,,1,1,3,10000,2,1,2018,2,,,11,2018,11000
4,14,1406,2,694,140062,1,6,,1,,,12,,15000,1,0,,2,,,,,1,0,,15000,2,8,2018,1,10,2018,,,15500
4,14,1406,2,694,140063,1,7,,1,,,3,,6000,1,2,3,2,,,,,1,0,,6000,1,6,2018,2,,,11,2018,9000
4,14,1413,2,670,140078,1,5,,1,,,12,,10000,1,0,,2,,,,,1,0,,10000,1,2,2018,2,,,2,2019,11000
4,14,1413,2,670,140080,1,6,,1,,,8,,3000,1,0,,2,,,,,1,0,,3000,2,1,2018,2,,,1,2019,3300
4,14,1410,2,236,140084,1,3,,3,,,3,,200000,1,6,1,2,,,,,1,2,2,150000,2,7,2017,1,7,2018,,,246000
4,14,1416,2,2314,140121,1,6,,3,,,2,,6000,1,0,,2,,,,,1,2,1,6000,1,4,2018,1,6,2018,,,6600
4,14,1416,2,2314,140121,2,3,,6,,,5,,200000,1,2,1,2,,,,,1,3,1,200000,1,10,2017,2,,,10,2018,240000
4,14,1401,2,746,149015,1,4,,1,,,6,,1000000,4,2,2,1,5,,,,,,,,,,,,,,,,
4,14,1401,2,746,149016,1,4,,1,,,2,,500000,4,2,2,1,1,,,,,,,,,,,,,,,,
4,14,1401,2,746,149017,1,4,,1,,,12,,50000,1,3,3,2,,,,,1,3,2,50000,2,7,2018,2,,,7,2019,60000
4,14,1401,2,746,149022,1,1,,1,,,3,,500000,3,,,2,,,,,2,,,,,,,,,,,,
4,14,1401,2,746,149023,1,6,,1,,,9,,70000,1,0,,2,,,,,1,0,,70000,2,9,2017,1,6,2018,,,77000
4,14,1402,2,1686,149030,1,7,,2,,,3,,40000,1,1,2,2,,,,,1,0,,40000,2,5,2018,2,,,12,2018,
4,14,1403,1,306,149038,1,3,,1,,,5,,150000,1,3,2,2,,,,,1,0,,150000,2,7,2017,2,,,4,2019,200000
4,14,1403,1,306,149040,1,1,,2,,,3,,50000,1,1,2,2,,,,,1,0,,50000,2,3,2018,2,,,9,2018,58000
4,14,1403,1,306,149041,1,3,,1,,,11,,20000,1,1,2,2,,,,,1,1,2,20000,1,7,2018,2,,,11,2018,23000
4,14,1403,1,306,149045,1,1,,2,,,8,,80000,1,2,2,2,,,,,1,2,2,80000,1,10,2017,2,,,10,2018,88000
4,14,1403,2,944,149053,1,2,,1,,,12,,5000,1,0,,2,,,,,1,0,,5000,1,6,2018,2,,,12,2018,6500
4,14,1403,2,944,149055,1,5,,1,,,2,,40000,1,1,3,2,,,,,1,0,,40000,2,4,2018,2,,,11,2018,47000
4,14,1403,1,1418,149062,1,4,,2,,,4,,10000000,4,1,3,1,6,,,,,,,,,,,,,,,,
4,14,1403,1,1418,149065,1,4,,1,,,4,,450000,2,2,2,2,,,,,2,,,,,,,,,,,,
4,14,1403,1,1418,149068,1,4,,1,,,2,,3000000,1,2,3,2,,,,,1,0,,3000000,2,7,2017,2,,,12,2018,4500000
4,14,1403,1,1418,149069,1,4,,1,,,9,,2000000,1,3,3,2,,,,,1,3,3,2000000,1,7,2017,1,5,2018,,,2400000
4,14,1405,1,846,149074,1,5,,2,,,5,,60000,1,0,,2,,,,,1,0,,60000,1,6,2018,2,,,6,2019,66000
4,14,1405,1,846,149079,1,4,,2,,,5,,50000,1,90,1,2,,,,,1,1,1,45000,2,11,2017,2,,,12,2018,49000
4,14,1411,2,836,149098,1,5,,1,,,12,,3000,1,0,,2,,,,,1,0,,3000,2,3,2018,2,,,11,2018,3500
4,14,1411,2,1414,149110,1,6,,1,,,3,,50000,2,0,,2,,,,,2,,,,,,,,,,,,
4,14,1416,2,1134,149123,1,3,,1,2,,2,,5000000,3,,,2,,,,,2,,,,,,,,,,,,
4,14,1416,2,1134,149130,1,5,,2,,,4,,20000,1,2,1,2,,,,,1,2,1,20000,1,11,2017,1,12,2017,,,21000
4,14,1417,2,36,149136,1,7,,1,,,2,,50000,1,2,2,2,,,,,1,0,,50000,2,5,2018,2,,,12,2018,100000
4,14,1417,2,36,149138,1,5,,1,,,3,,15000,1,0,,2,,,,,1,0,,15000,1,8,2018,2,,,12,2018,22500
4,14,1417,2,36,149143,1,6,,1,,,3,,250000,1,0,,2,,,,,1,0,,250000,1,1,2018,2,,,12,2018,425000
2,15,1508,2,1682,150016,1,4,,1,,,2,,150000,1,1,3,2,,,,,1,1,2,150000,1,8,2017,2,,,4,2019,180000
2,15,1508,2,0,150079,1,1,,1,,,2,,400000,2,6,3,2,,,,,2,,,,,,,,,,,,
2,15,1502,2,1386,159006,1,4,,1,,,5,,50000,1,2,3,2,,,,,1,3,3,50000,2,1,2018,2,,,8,2019,52500
2,15,1506,1,244,159036,1,1,,2,,,8,,70000,3,,,2,,,,,2,,,,,,,,,,,,
2,15,1506,1,458,159051,1,4,,2,,,3,,800000,2,4,3,2,,,,,2,,,,,,,,,,,,
2,15,1506,1,458,159051,2,4,,1,,,9,,270000,1,2,2,2,,,,,1,1,3,270000,2,10,2017,2,,,10,2018,305000
2,15,1506,1,458,159053,1,4,,2,,,5,,50000,3,,,2,,,,,2,,,,,,,,,,,,
2,15,1506,1,458,159053,2,4,,1,,,3,,500000,1,3,3,2,,,,,1,3,3,200000,2,6,2018,2,,,12,2020,220000
4,16,1626,2,1546,160007,1,3,,1,,,4,,500000,4,1,3,1,1,,,,,,,,,,,,,,,,
4,16,1622,1,136,160018,1,9,"VILLAGE TRADITIONAL MEETING",1,,,2,,20000,1,0,,2,,,,,1,0,,20000,2,2,2018,2,,,2,2019,22000
4,16,1622,1,136,160024,1,2,,4,,,2,,10000,1,0,,2,,,,,1,0,,10000,2,3,2018,2,,,12,2018,11500
4,16,1622,1,136,160025,1,6,,1,,,11,,3000,1,0,,2,,,,,1,0,,3000,2,7,2018,2,,,8,2018,3000
4,16,1622,1,136,160035,1,5,,1,,,5,,50000,1,1,3,2,,,,,1,1,2,50000,1,10,2017,2,,,8,2018,65000
4,16,1613,2,440,160051,1,2,,1,,,5,,10000,1,2,1,2,,,,,1,2,2,5000,2,2,2018,2,,,8,2018,6000
4,16,1613,2,440,160054,1,9,"TRADICTIONAL WOMEN MEETING",1,,,8,,20000,1,2,3,2,,,,,1,3,3,20000,2,3,2018,2,,,8,2018,20000
4,16,1613,2,440,160056,1,6,,1,,,7,,10000,1,0,,2,,,,,1,0,,10000,1,7,2018,2,,,1,2019,10000
4,16,1605,2,180,160147,1,2,,2,,,6,,65000,1,7,1,2,,,,,1,7,1,65000,1,1,2018,2,,,11,2018,74750
4,16,1605,2,180,160150,1,3,,1,,,5,,150000,1,7,1,2,,,,,1,7,1,150000,2,9,2017,2,,,9,2018,180000
4,16,1605,2,180,160150,2,2,,1,,,12,,50000,1,7,1,2,,,,,1,7,1,50000,2,4,2018,1,7,2018,,,60000
4,16,1605,2,180,160151,1,9,"VILLAGE WOMEN MEETING",2,,,3,,7000,1,2,2,2,,,,,1,0,,7000,2,1,2018,1,7,2018,,,7700
4,16,1601,2,2484,169002,1,6,,1,,,1,,30000,1,0,,2,,,,,1,0,,30000,1,10,2017,2,,,10,2018,30000
4,16,1601,2,2484,169009,1,2,,1,,,8,,20000,1,0,,2,,,,,1,0,,20000,2,5,2018,2,,,11,2018,20000
4,16,1601,2,2484,169009,2,2,,1,,,10,,20000,1,0,,2,,,,,1,0,,20000,1,7,2018,2,,,11,2018,20000
4,16,1601,2,2484,169011,1,2,,1,,,2,,6000,1,0,,2,,,,,1,0,,6000,1,4,2018,2,,,11,2018,6000
4,16,1601,2,2484,169011,2,6,,2,,,12,,5000,1,0,,2,,,,,1,1,1,5000,1,2,2018,2,,,11,2018,5000
4,16,1601,2,2484,169012,1,2,,1,,,8,,10000,1,0,,2,,,,,1,0,,10000,1,6,2018,2,,,11,2018,10000
4,16,1601,2,2484,169012,2,2,,1,,,2,,5000,1,0,,2,,,,,1,0,,5000,1,7,2018,2,,,11,2018,5000
4,16,1602,2,234,169013,1,6,,1,,,3,,50000,1,2,2,2,,,,,1,4,1,50000,1,2,2018,2,,,5,2019,52500
4,16,1602,2,234,169021,1,6,,2,,,8,,100000,1,0,,2,,,,,1,2,2,50000,2,2,2018,2,,,10,2018,52500
4,16,1602,2,234,169021,2,2,,1,,,8,,80000,1,1,3,2,,,,,1,2,2,30000,2,3,2018,2,,,12,2018,39000
4,16,1602,2,234,169021,3,2,,1,,,6,,150000,2,6,3,2,,,,,2,,,,,,,,,,,,
4,16,1602,2,234,169021,4,2,,1,,,8,,120000,2,1,3,2,,,,,2,,,,,,,,,,,,
4,16,1607,2,574,169026,1,7,,1,,,5,,50000,1,2,2,2,,,,,1,1,2,50000,1,9,2017,1,9,2017,,,57000
4,16,1607,2,574,169027,1,6,,1,,,3,,350000,1,0,,2,,,,,1,0,,350000,2,3,2018,2,,,3,2019,385000
4,16,1607,2,574,169030,1,7,,1,,,5,,50000,1,1,2,2,,,,,1,3,2,50000,2,10,2017,1,3,2018,,,65000
4,16,1607,2,574,169033,1,6,,1,,,12,,75000,1,1,1,2,,,,,1,3,1,70000,2,6,2018,2,,,12,2018,80000
4,16,1607,2,574,169033,2,6,,1,,,11,,10000,1,1,2,2,,,,,1,2,2,10000,1,1,2018,2,,,9,2018,10000
4,16,1607,2,574,169035,1,2,,3,,,8,,6000,1,0,,2,,,,,1,0,,6000,1,11,2017,1,12,2017,,,6000
4,16,1607,2,574,169036,1,7,,1,,,5,,60000,1,2,2,2,,,,,1,1,2,60000,2,9,2017,1,2,2018,,,69000
4,16,1610,2,66,169060,1,9,"VILLAGE MEETING",1,,,12,,25000,1,0,,2,,,,,1,0,,25000,2,5,2018,2,,,5,2019,25000
4,16,1610,2,490,169067,1,2,,2,,,11,,5000,1,2,1,2,,,,,1,0,,5000,2,2,2018,2,,,12,2018,6000
4,16,1610,2,490,169068,1,2,,2,,,7,,8000,1,2,1,2,,,,,1,0,,8000,2,1,2018,2,,,12,2018,12400
4,16,1610,2,490,169069,1,6,,1,,,2,,3000,1,0,,2,,,,,1,0,,3000,2,5,2018,2,,,7,2018,3600
4,16,1610,2,776,169073,1,6,,1,,,3,,10000,1,0,,2,,,,,1,0,,10000,1,5,2018,1,5,2018,,,10000
4,16,1610,2,776,169076,1,6,,1,,,7,,1500000,1,7,2,2,,,,,1,0,,1500000,1,12,2017,2,,,8,2018,1550000
4,16,1615,2,220,169099,1,5,,1,,,7,,100000,1,1,2,2,,,,,1,1,2,100000,1,9,2017,1,4,2018,,,105000
4,16,1616,2,902,169113,1,6,,3,,,5,,16000,1,0,,2,,,,,1,2,1,15000,1,7,2018,2,,,8,2018,15000
4,16,1616,2,902,169115,1,7,,1,,,5,,80000,4,4,3,1,6,,,,,,,,,,,,,,,,
4,16,1616,2,902,169120,1,6,,1,,,3,,10000,1,0,,2,,,,,1,0,,10000,2,3,2018,2,,,5,2019,11000
4,16,1627,2,126,169121,1,2,,1,2,,13,"TO PAY FARM LABOURERS",200000,1,1,2,2,,,,,1,1,2,200000,2,4,2018,2,,,9,2018,240000
4,16,1627,2,126,169122,1,6,,1,,,13,"HOUSE RENT OF BROTHER",26000,1,0,,2,,,,,1,0,,26000,1,3,2018,2,,,9,2018,26000
4,16,1627,2,126,169126,1,6,,1,,,3,,20000,1,1,1,2,,,,,1,2,1,20000,1,4,2018,2,,,12,2018,20000
4,16,1627,2,126,169128,1,9,"VILLAGE WOMEN MEETING",1,,,5,,10000,1,2,1,2,,,,,1,1,1,10000,2,8,2017,1,8,2018,,,11500
4,16,1622,2,692,169133,1,6,,1,,,12,,12000,1,0,,2,,,,,1,0,,12000,1,8,2017,1,6,2018,,,12000
4,16,1622,2,692,169133,2,6,,1,,,3,,10000,1,0,,2,,,,,1,0,,10000,1,7,2018,2,,,8,2018,10000
4,16,1622,2,692,169138,1,2,,1,,,4,,100000,1,7,1,2,,,,,1,7,1,100000,1,2,2018,2,,,12,2018,100000
4,16,1625,2,210,169145,1,1,,2,,,10,,1000000,1,0,,2,,,,,1,0,,1000000,2,12,2017,2,,,12,2018,1100000
4,16,1625,2,210,169148,1,1,,1,,,13,"FOR AGRICULTURAL FARMING",7000000,3,,,2,,,,,2,,,,,,,,,,,,
4,16,1625,2,210,169149,1,3,,2,,,5,,50000,1,2,2,2,,,,,1,2,2,50000,2,7,2018,2,,,12,2018,57500
4,16,1625,2,210,169150,1,4,,2,,,13,"TO OFFSET DEBTS",1000000,3,,,2,,,,,2,,,,,,,,,,,,
4,16,1625,2,210,169150,2,6,,2,,,8,,100000,1,1,2,2,,,,,1,1,3,100000,1,6,2018,2,,,12,2018,100000
4,16,1607,2,574,169202,1,2,,1,,,5,,40000,1,1,2,2,,,,,1,1,2,40000,2,9,2017,2,,,9,2018,42000
3,17,1722,2,96,170043,1,6,,1,,,7,,10000,1,7,1,2,,,,,1,1,2,10000,2,1,2018,1,3,2018,,,10000
3,17,1722,2,96,170044,1,6,,4,,,2,,60000,1,0,,2,,,,,1,0,,60000,1,5,2018,1,6,2018,,,60000
3,17,1722,2,96,170046,1,6,,1,,,10,,15000,1,0,,2,,,,,1,0,,15000,2,5,2018,2,,,11,2018,15000
3,17,1722,2,96,170049,1,6,,1,,,11,,20000,1,3,2,2,,,,,1,3,2,20000,2,5,2018,2,,,10,2018,20000
3,17,1722,2,96,170050,1,7,,3,,,13,"FARMING PURPOSE",18000,2,2,2,2,,,,,2,,,,,,,,,,,,
3,17,1716,2,1452,170081,1,6,,1,,,11,,10000,1,0,,2,,,,,1,0,,10000,1,1,2018,1,4,2018,,,10000
3,17,1716,2,1452,170082,1,6,,3,,,11,,10000,1,0,,2,,,,,1,0,,10000,1,7,2017,1,11,2017,,,10000
3,17,1716,2,1452,170084,1,7,,2,,,7,,5000,1,1,3,2,,,,,1,1,3,5000,1,6,2018,2,,,10,2018,5000
3,17,1716,2,1452,170085,1,7,,1,,,2,,25000,1,1,3,2,,,,,1,1,3,25000,1,5,2018,2,,,10,2018,25000
3,17,1716,2,1452,170088,1,6,,12,,,7,,40000,1,2,1,2,,,,,1,2,1,40000,2,3,2018,1,4,2018,,,40000
3,17,1716,2,1452,170088,2,6,,12,,,11,,10000,1,0,,2,,,,,1,0,,10000,1,7,2018,2,,,9,2018,10000
3,17,1716,2,1452,170089,1,6,,1,,,11,,10000,1,2,1,2,,,,,1,2,1,10000,2,5,2018,2,,,9,2018,10000
3,17,1716,2,1452,170090,1,6,,1,,,11,,20000,1,0,,2,,,,,1,0,,20000,1,11,2017,1,5,2018,,,20000
3,17,1716,2,1452,170090,2,6,,1,,,11,,10000,1,0,,2,,,,,1,0,,10000,1,6,2018,1,7,2018,,,10000
3,17,1701,2,10,179002,1,6,,2,,,11,,1000,1,0,,2,,,,,1,0,,1000,2,8,2017,1,11,2017,,,1000
3,17,1701,2,10,179003,1,6,,1,,,11,,20000,1,0,,2,,,,,1,0,,20000,1,2,2018,2,,,10,2018,20000
3,17,1701,2,10,179005,1,7,,1,,,11,,70000,1,0,,2,,,,,1,0,,70000,1,5,2018,2,,,12,2018,70000
3,17,1701,2,10,179008,1,1,,1,,,2,,120000,1,1,3,2,,,,,1,3,3,120000,1,12,2017,1,7,2018,,,120000
3,17,1701,2,10,179011,1,6,,1,,,6,,50000,1,0,,2,,,,,1,0,,50000,2,5,2018,2,,,11,2018,50000
3,17,1707,2,284,179013,1,6,,1,,,11,,11000,1,0,,2,,,,,1,0,,11000,2,6,2018,2,,,12,2018,11000
3,17,1707,2,284,179015,1,6,,1,,,11,,5000,1,0,,2,,,,,1,0,,5000,1,6,2018,1,7,2018,,,5000
3,17,1707,2,284,179017,1,6,,1,,,11,,45000,1,0,,2,,,,,1,0,,45000,1,7,2018,2,,,10,2018,45000
3,17,1712,2,126,179026,1,6,,1,,,2,,10000,1,0,,2,,,,,1,0,,10000,1,2,2018,2,,,12,2018,10000
3,17,1712,2,126,179026,2,6,,1,,,11,,6000,1,2,1,2,,,,,1,2,1,6000,1,4,2018,1,5,2018,,,6000
3,17,1712,2,126,179026,3,6,,1,,,11,,6000,1,0,,2,,,,,1,2,1,6000,1,4,2018,1,5,2018,,,6000
3,17,1712,2,126,179028,1,6,,1,,,11,,10000,1,0,,2,,,,,1,0,,10000,2,5,2018,1,7,2018,,,10000
3,17,1712,2,126,179031,1,6,,1,,,12,,12000,1,0,,2,,,,,1,0,,12000,2,4,2018,2,,,12,2018,12000
3,17,1715,2,3064,179039,1,6,,1,,,11,,3500,1,0,,2,,,,,1,0,,3500,1,7,2018,2,,,8,2018,3500
3,17,1715,2,3064,179039,2,6,,1,,,2,,6000,1,0,,2,,,,,1,0,,6000,2,6,2018,2,,,8,2018,6000
3,17,1715,2,3064,179041,1,6,,1,,,2,,10000,1,1,3,2,,,,,1,1,3,10000,2,5,2018,2,,,8,2018,10000
3,17,1715,2,3064,179041,2,6,,1,,,2,,5000,1,0,,2,,,,,1,1,2,5000,2,5,2018,2,,,8,2018,5000
3,17,1715,2,3064,179042,1,6,,1,,,10,,10000,1,0,,2,,,,,1,0,,10000,1,2,2018,1,7,2018,,,10000
3,17,1715,2,3064,179044,1,6,,1,,,12,,7000,1,0,,2,,,,,1,0,,7000,2,2,2018,2,,,9,2018,7000
3,17,1716,2,1344,179049,1,6,,1,,,11,,500,1,0,,2,,,,,1,0,,500,2,7,2018,1,7,2018,,,500
3,17,1716,2,1344,179050,1,6,,1,,,11,,20000,1,0,,2,,,,,1,0,,20000,1,4,2018,2,,,9,2018,20000
3,17,1716,2,1344,179052,1,6,,1,,,7,,30000,1,0,,2,,,,,1,0,,30000,1,1,2018,1,4,2018,,,30000
3,17,1716,2,1344,179058,1,7,,1,,,5,,40000,1,0,,2,,,,,1,0,,40000,2,10,2017,2,,,11,2018,40000
3,17,1716,2,1344,179059,1,6,,1,,,11,,40000,1,0,,2,,,,,1,0,,40000,2,7,2018,2,,,10,2018,40000
3,17,1717,2,378,179063,1,6,,1,,,7,,10000,1,0,,2,,,,,1,0,,10000,1,1,2018,1,2,2018,,,10000
3,17,1717,2,378,179064,1,6,,1,,,2,,12000,1,0,,2,,,,,1,0,,12000,2,5,2018,2,,,11,2018,12000
3,17,1717,2,378,179065,1,6,,1,,,12,,15000,1,0,,2,,,,,1,0,,15000,2,1,2018,2,,,11,2018,15000
3,17,1721,1,1272,179074,1,6,,1,,,8,,3000,1,0,,2,,,,,1,0,,3000,1,5,2018,1,5,2018,,,3000
3,17,1721,1,1272,179082,1,6,,1,,,11,,10000,1,1,1,2,,,,,1,1,1,10000,2,5,2018,2,,,9,2018,10000
3,17,1723,1,668,179085,1,6,,5,,,13,"PURCHASE ANIMAL FEED",1000,1,0,,2,,,,,1,0,,1000,1,7,2018,1,7,2018,,,1000
3,17,1723,1,668,179086,1,6,,1,,,11,,40000,1,0,,2,,,,,1,0,,40000,2,7,2018,2,,,8,2018,40000
3,17,1723,1,668,179089,1,3,,1,,,13,"FARMING AVTIVITY",100000,4,3,3,1,6,,,,,,,,,,,,,,,,
3,17,1723,1,668,179091,1,3,,1,,,5,,100000,1,3,2,2,,,,,1,2,3,100000,1,8,2017,1,7,2018,,,105000
3,17,1723,1,668,179095,1,4,,1,,,10,,200000,1,1,3,2,,,,,1,1,3,200000,1,8,2017,2,,,9,2019,220000
3,17,1725,2,200,179097,1,6,,1,,,6,,2000,1,0,,2,,,,,1,0,,2000,2,3,2018,1,4,2018,,,2000
3,17,1725,2,200,179098,1,6,,1,,,4,,15000,1,0,,2,,,,,1,0,,15000,1,11,2017,1,12,2017,,,15000
3,17,1725,2,200,179102,1,6,,1,,,11,,10000,1,0,,2,,,,,1,0,,10000,1,7,2018,2,,,11,2018,10000
3,17,1725,2,200,179103,1,6,,1,,,13,"WEDDING CEREMONY",14000,1,0,,2,,,,,1,0,,14000,1,3,2018,1,3,2018,,,14000
3,17,1725,2,200,179104,1,6,,1,,,7,,5000,4,0,,1,6,,,,,,,,,,,,,,,,
3,17,1723,1,668,179124,1,6,,1,,,13,"OTHER HOUSEHOLD RESPONSIBILITIES",10000,1,0,,2,,,,,1,0,,10000,2,6,2018,2,,,10,2018,10000
3,18,1803,2,840,180031,1,6,,1,,,3,,20000,4,2,1,1,6,,,,,,,,,,,,,,,,
3,18,1803,2,840,180035,1,4,,1,,,5,,500000,2,0,,2,,,,,2,,,,,,,,,,,,
3,18,1816,1,378,180049,1,4,,1,,,3,,500000,1,1,3,2,,,,,1,1,3,487000,1,12,2017,1,12,2017,,,650000
3,18,1816,1,378,180050,1,4,,1,,,5,,500000,3,,,2,,,,,2,,,,,,,,,,,,
3,18,1802,1,3204,189032,1,3,,1,,,8,,100000,1,2,2,2,,,,,1,2,2,100000,1,1,2018,2,,,11,2018,123000
3,18,1805,2,674,189037,1,6,,2,,,10,,2000,1,0,,2,,,,,1,0,,2000,2,2,2018,2,,,10,2018,2000
3,18,1805,2,674,189037,2,6,,2,5,,12,,2500,1,0,,2,,,,,1,0,,2000,1,3,2018,2,,,11,2018,2000
3,18,1805,2,792,189052,1,6,,1,,,2,,5000,1,0,,2,,,,,1,0,,5000,1,5,2018,2,,,10,2018,5000
3,18,1805,2,792,189058,1,6,,1,,,2,,10000,1,0,,2,,,,,1,0,,10000,1,3,2018,2,,,10,2018,10000
3,18,1809,1,1098,189073,1,6,,1,,,8,,7500,2,1,3,2,,,,,2,,,,,,,,,,,,
3,18,1809,1,1098,189074,1,6,,1,,,12,,4000,1,0,,2,,,,,1,0,,4000,1,9,2017,1,10,2017,,,4000
3,18,1809,1,1098,189076,1,4,,1,,,9,,1500000,1,2,2,2,,,,,1,1,3,1450000,1,1,2018,2,,,1,2020,2000000
3,18,1809,1,1098,189081,1,4,,3,,,5,,2000000,3,,,2,,,,,2,,,,,,,,,,,,
3,18,1809,1,1756,189085,1,1,,1,,,13,"RENOVATION OF DWELLING",400000,1,3,3,2,,,,,1,3,3,400000,1,7,2017,2,,,7,2018,440000
3,18,1809,1,1756,189091,1,3,,3,,,9,,150000,3,,,2,,,,,2,,,,,,,,,,,,
3,18,1813,2,522,189121,1,6,,1,,,2,,10000,1,0,,2,,,,,1,0,,10000,2,4,2018,2,,,11,2018,10000
3,18,1813,2,522,189122,1,4,,1,,,5,,500000,4,11,3,1,6,,,,,,,,,,,,,,,,
3,18,1817,2,572,189139,1,4,,1,,,3,,100000,4,2,3,1,6,,,,,,,,,,,,,,,,
3,18,1817,2,572,189142,1,6,,2,,,12,,1000,1,0,,2,,,,,1,0,,1000,1,8,2018,1,8,2018,,,1000
3,18,1817,2,726,189147,1,7,,1,,,5,,100000,2,5,3,2,,,,,2,,,,,,,,,,,,
3,18,1817,2,726,189148,1,1,,1,,,2,,40000,1,2,3,2,,,,,1,2,3,40000,1,7,2018,2,,,12,2018,44000
3,18,1817,2,726,189148,2,6,,1,,,8,,100000,1,0,,2,,,,,1,0,,100000,2,8,2018,2,,,11,2018,100000
3,18,1817,2,726,189148,3,6,,1,,,3,,28000,1,2,1,2,,,,,1,2,1,28000,1,4,2018,2,,,11,2018,28000
3,18,1817,2,726,189149,1,6,,2,,,11,,1000,1,0,,2,,,,,1,0,,1000,1,8,2018,1,8,2018,,,1000
3,18,1817,2,726,189150,1,1,,1,,,2,,100000,4,3,2,1,7,,,"UNLES HE COMES WITH NATIONAL ID",,,,,,,,,,,,,
3,18,1817,2,726,189150,2,6,,13,,,5,,100000,1,1,2,2,,,,,1,1,2,80000,2,8,2018,2,,,12,2018,84000
3,18,1817,2,726,189156,1,1,,1,,,2,,450000,4,3,3,1,6,,,,,,,,,,,,,,,,
3,18,1817,2,880,189157,1,1,,2,,,3,,200000,4,1,3,1,6,,,,,,,,,,,,,,,,
3,18,1817,2,880,189158,1,2,,1,,,2,,10000,1,5,3,2,,,,,1,5,3,10000,1,12,2017,2,,,8,2018,12500
3,18,1817,2,880,189160,1,6,,1,,,3,,50000,1,0,,2,,,,,1,0,,50000,1,7,2017,1,12,2017,,,50000
3,18,1817,2,880,189160,2,6,,2,,,7,,20000,1,0,,2,,,,,1,0,,20000,1,12,2017,1,4,2018,,,20000
3,18,1818,2,76,189171,1,4,,1,,,1,,2000,4,6,3,1,6,,,,,,,,,,,,,,,,
3,18,1818,2,76,189174,1,6,,1,,,2,,6000,1,0,,2,,,,,1,0,,6000,2,3,2018,2,,,9,2018,6000
3,18,1819,1,818,189188,1,3,,1,,,5,,500000,3,,,2,,,,,2,,,,,,,,,,,,
3,18,1819,1,818,189191,1,1,,1,,,5,,50000,4,1,3,1,1,,,,,,,,,,,,,,,,
3,18,1819,1,818,189192,1,4,,1,,,2,,1000000,4,3,3,1,6,,,,,,,,,,,,,,,,
3,18,1821,2,24,189195,1,6,,2,,,11,,3000,1,0,,2,,,,,1,0,,3000,2,3,2018,2,,,11,2018,3000
3,18,1822,2,1898,189214,1,3,,1,,,5,,80000,1,3,2,2,,,,,1,3,2,60000,2,9,2017,1,2,2018,,,80000
3,19,1914,2,934,190083,1,6,,1,,,10,,30000,1,0,,2,,,,,1,0,,30000,1,7,2018,2,,,2,2019,30000
3,19,1910,2,808,190138,1,6,,1,,,11,,1500,4,0,,1,6,,,,,,,,,,,,,,,,
3,19,1919,2,366,190164,1,6,,2,,,6,,15000,4,0,,1,6,,,,,,,,,,,,,,,,
3,19,1919,2,366,190169,1,6,,1,,,2,,15000,1,0,,2,,,,,1,0,,15000,1,4,2018,1,5,2018,,,15000
3,19,1928,2,526,190173,1,6,,1,,,6,,20000,1,0,,2,,,,,1,0,,20000,2,4,2018,2,,,9,2018,20000
3,19,1923,2,284,190192,1,3,,1,,,10,,250000,1,3,3,2,,,,,1,4,3,250000,1,7,2018,2,,,1,2019,300000
3,19,1923,2,284,190193,1,6,,1,,,10,,4000,1,0,,2,,,,,1,0,,4000,1,6,2018,2,,,7,2019,4000
3,19,1919,2,596,199013,1,6,,1,,,12,,10000,1,0,,2,,,,,1,0,,10000,2,5,2018,1,6,2018,,,10000
3,19,1919,2,596,199014,1,6,,1,,,11,,20000,4,0,,1,6,,,,,,,,,,,,,,,,
3,19,1919,2,596,199024,1,6,,1,,,11,,10000,1,0,,2,,,,,1,0,,10000,1,5,2018,2,,,1,2019,10000
3,19,1924,2,356,199027,1,6,,1,,,12,,10000,1,0,,2,,,,,1,0,,10000,1,4,2018,1,6,2018,,,10000
3,19,1927,2,622,199048,1,4,,1,,,3,,250000,1,0,,2,,,,,1,6,3,150000,2,8,2017,1,10,2017,,,182000
3,19,1929,2,108,199053,1,6,,1,,,2,,30000,1,2,1,2,,,,,1,1,2,30000,1,4,2018,1,7,2018,,,30000
3,19,1929,2,108,199058,1,7,,1,,,2,,55000,1,0,,2,,,,,1,0,,55000,1,5,2018,2,,,2,2019,55000
3,19,1929,2,108,199060,1,6,,1,,,2,,20000,1,0,,2,,,,,1,0,,20000,1,5,2018,2,,,1,2019,20000
3,19,1929,2,108,199060,2,6,,1,,,2,,25000,1,0,,2,,,,,1,0,,25000,1,5,2018,2,,,1,2019,25000
3,19,1933,2,330,199061,1,6,,1,,,6,,30000,1,0,,2,,,,,1,0,,30000,1,8,2018,1,8,2018,,,30000
3,19,1933,2,330,199062,1,6,,1,,,4,,15000,1,0,,2,,,,,1,0,,15000,1,7,2018,2,,,2,2019,15000
3,19,1940,2,648,199073,1,6,,1,,,11,,20000,4,0,,1,1,,,,,,,,,,,,,,,,
3,19,1940,2,648,199077,1,4,,1,,,2,,150000,1,0,,2,,,,,1,4,2,116000,2,6,2018,2,,,7,2020,166000
3,19,1940,2,648,199080,1,6,,1,,,3,,5000,1,0,,2,,,,,1,2,1,5000,2,7,2018,2,,,8,2018,5000
3,19,1941,2,1112,199085,1,9,"NEIGHBOUR",1,,,10,,50000,1,0,,2,,,,,1,0,,50000,1,5,2018,2,,,4,2019,50000
3,19,1941,2,1112,199087,1,6,,1,,,2,,12000,1,0,,2,,,,,1,0,,12000,2,4,2018,2,,,4,2019,12000
3,20,2012,1,844,200182,1,4,,1,,,10,,1000000,1,36,3,2,,,,,1,2,2,750000,2,2,2018,2,,,2,2021,812000
3,20,2012,1,844,200182,2,1,,1,,,2,,40000,1,1,3,2,,,,,1,1,1,40000,1,8,2018,2,,,8,2018,42500
3,20,2010,2,946,209026,1,3,,1,,,4,,300000,3,,,2,,,,,2,,,,,,,,,,,,
3,20,2010,2,946,209028,1,4,,1,,,6,,100000,1,3,3,2,,,,,1,6,3,100000,1,7,2017,1,2,2018,,,110000
3,20,2010,2,946,209033,1,4,,1,,,3,,200000,1,4,3,2,,,,,1,4,3,200000,1,6,2018,2,,,7,2021,250000
3,20,2021,1,2086,209062,1,3,,1,,,2,,35000,2,3,3,2,,,,,2,,,,,,,,,,,,
3,20,2021,1,2556,209083,1,1,,1,,,2,,30000,4,3,3,1,6,,,,,,,,,,,,,,,,
3,20,2025,2,2222,209086,1,1,,2,3,,6,,20000,4,2,3,1,6,,,,,,,,,,,,,,,,
3,20,2025,2,2222,209089,1,1,,1,,,2,,50000,4,2,3,1,2,,,,,,,,,,,,,,,,
3,21,2106,2,2822,210005,1,4,,1,,,1,,500000,1,2,3,2,,,,,1,0,,500000,1,7,2017,2,,,7,2019,620000
1,22,2211,2,594,220013,1,4,,1,,,6,,200000,4,5,3,1,6,,,,,,,,,,,,,,,,
1,22,2211,2,594,220018,1,7,,1,,,6,,50000,1,7,1,2,,,,,1,7,1,50000,2,7,2017,1,2,2018,,,80000
1,22,2216,1,0,220024,1,1,,1,,,10,,300000,1,12,3,2,,,,,1,0,,300000,1,10,2017,2,,,10,2020,330000
1,22,2203,2,266,220116,1,7,,1,,,2,,100000,4,0,,1,1,,,,,,,,,,,,,,,,
1,22,2213,1,100,229037,1,4,,1,,,8,,50000,4,0,,1,6,,,,,,,,,,,,,,,,
1,22,2213,1,100,229040,1,4,,1,,,11,,8000,1,0,,2,,,,,1,0,,1000,2,4,2018,2,,,8,2018,1500
1,22,2213,1,100,229041,1,7,,1,2,,2,,50000,1,2,2,2,,,,,1,2,2,50000,2,12,2017,2,,,8,2018,58000
1,22,2216,1,270,229051,1,4,,1,,,5,,200000,4,0,,1,6,,,,,,,,,,,,,,,,
1,22,2216,1,588,229070,1,7,,1,,,6,,80000,1,2,3,2,,,,,1,2,2,80000,2,7,2018,2,,,10,2018,100000
1,23,2307,1,2316,230016,1,1,,2,,,5,,100000,1,1,3,2,,,,,1,1,3,100000,1,6,2018,2,,,5,2019,100000
1,23,2307,1,2316,230016,2,1,,1,,,8,,50000,1,1,3,2,,,,,1,1,3,50000,1,9,2017,1,3,2018,,,55000
1,23,2307,1,2316,230018,1,1,,1,,,10,,200000,1,2,2,2,,,,,1,1,2,200000,2,11,2017,2,,,10,2018,212000
1,23,2919,1,0,230074,1,1,,1,,,8,,300000,1,1,3,2,,,,,1,1,3,300000,2,5,2018,2,,,4,2020,330000
1,23,2919,1,0,230074,2,1,,2,,,8,,250000,1,1,3,2,,,,,1,1,3,250000,1,9,2018,2,,,8,2019,275000
1,23,2919,1,0,230075,1,1,,1,,,8,,500000,1,2,2,2,,,,,1,2,2,500000,1,9,2018,2,,,8,2020,500000
1,23,2311,2,516,230081,1,4,,1,,,13,"PURCHASE OF MOTORBIKE",90000,4,2,3,1,2,,,,,,,,,,,,,,,,
1,23,2311,2,516,230084,1,3,,2,,,6,,30000,1,2,2,2,,,,,1,2,2,30000,1,3,2018,2,,,9,2018,36000
1,23,2311,2,516,230086,1,3,,2,,,8,,50000,1,2,2,2,,,,,1,2,2,50000,1,3,2018,2,,,9,2018,60000
6,29,2916,1,0,230088,1,2,,1,,,13,"PURCHASE SEWING MACHINE FOR BUKOLA",50000,1,2,1,2,,,,,1,1,1,50000,1,4,2018,2,,,1,2019,60000
1,23,2311,2,516,230089,1,1,,1,,,5,,50000,1,3,2,2,,,,,1,3,2,50000,1,7,2018,2,,,5,2019,55000
1,23,2303,2,828,239013,1,4,,1,,,3,,150000,4,11,3,1,4,2,,,,,,,,,,,,,,,
1,23,2303,2,828,239014,1,2,,1,,,3,,100000,1,1,3,2,,,,,1,1,3,100000,2,5,2018,2,,,2,2019,120000
1,23,2303,2,828,239018,1,1,,1,,,2,,20000,1,0,,2,,,,,1,1,2,20000,2,3,2018,1,6,2018,,,22000
1,23,2303,2,828,239021,1,6,,1,,,6,,50000,1,1,2,2,,,,,1,1,2,50000,1,3,2018,2,,,9,2018,50000
1,23,2303,2,828,239022,1,5,,1,,,2,,20000,1,1,2,2,,,,,1,1,2,20000,2,4,2018,2,,,8,2018,22000
1,23,2305,2,174,239037,1,4,,2,,,7,,200000,4,2,3,1,4,2,,,,,,,,,,,,,,,
1,23,2305,2,174,239043,1,1,,2,,,8,,150000,1,2,2,2,,,,,1,1,3,150000,2,8,2017,2,,,8,2018,165000
1,23,2305,2,174,239045,1,1,,2,,,5,,100000,1,1,3,2,,,,,1,0,,100000,1,9,2017,1,3,2018,,,110000
1,23,2305,2,174,239048,1,1,,2,,,10,,350000,1,2,3,2,,,,,1,2,3,350000,2,10,2017,2,,,10,2020,385000
1,23,2308,1,88,239061,1,3,,1,,,5,,80000,1,7,1,2,,,,,1,7,1,80000,1,3,2018,1,6,2018,,,92000
1,23,2308,1,5126,239077,1,1,,1,,,5,,700000,1,3,2,2,,,,,1,1,2,700000,1,9,2017,2,,,2,2019,800000
1,23,2308,1,5126,239077,2,1,,1,,,6,,100000,1,1,3,2,,,,,1,1,2,100000,1,6,2018,2,,,10,2018,109000
1,23,2309,2,740,239085,1,1,,1,,,2,,30000,1,0,,2,,,,,1,0,,30000,1,5,2018,1,7,2018,,,32000
1,23,2309,2,740,239090,1,1,,1,,,3,,50000,1,2,2,2,,,,,1,4,2,50000,2,8,2017,2,,,2,2019,55000
1,23,2309,1,1224,239104,1,5,,2,,,6,,50000,1,3,2,2,,,,,1,0,,50000,1,5,2018,2,,,8,2018,56000
1,23,2309,1,1224,239106,1,1,,1,,,8,,200000,1,2,2,2,,,,,1,1,2,150000,2,2,2018,2,,,7,2019,157500
1,23,2309,1,1224,239107,1,3,,1,,,5,,100000,1,1,2,2,,,,,1,1,2,100000,2,2,2018,2,,,10,2018,120000
1,23,2309,2,1574,239114,1,1,,1,,,8,,200000,1,2,2,2,,,,,1,1,3,200000,2,9,2017,2,,,9,2018,220000
1,23,2309,2,1574,239116,1,3,,1,,,5,,150000,1,0,,2,,,,,1,0,,150000,1,2,2018,2,,,10,2018,165000
1,23,2310,2,30,239125,1,1,,2,,,5,,30000,1,0,,2,,,,,1,0,,30000,1,4,2018,2,,,12,2018,30600
1,23,2313,1,382,239148,1,1,,2,,,8,,120000,1,0,,2,,,,,1,3,1,120000,1,10,2017,1,2,2018,,,132000
1,23,2313,1,382,239152,1,1,,1,,,10,,100000,1,2,2,2,,,,,1,2,2,100000,2,7,2017,2,,,8,2018,100000
1,23,2314,2,354,239158,1,7,,2,,,8,,40000,1,2,2,2,,,,,1,1,3,40000,2,8,2017,1,2,2018,,,48000
1,23,2314,2,354,239164,1,1,,1,2,,8,,250000,3,,,2,,,,,2,,,,,,,,,,,,
1,23,2316,2,614,239168,1,1,,1,,,3,,200000,1,4,2,2,,,,,1,2,2,200000,1,11,2017,2,,,11,2018,220000
1,23,2316,2,614,239172,1,3,,1,,,2,,30000,1,3,2,2,,,,,1,0,,30000,1,7,2018,1,7,2018,,,33600
1,23,2316,2,1442,239181,1,6,,1,,,2,,40000,1,1,2,2,,,,,1,2,2,40000,2,3,2018,2,,,12,2018,40000
1,23,2316,2,1442,239183,1,6,,1,,,12,,100000,1,1,2,2,,,,,1,1,2,100000,2,3,2018,2,,,3,2019,100000
1,23,2316,2,1442,239184,1,9,"FRIEND",1,,,2,,200000,1,2,3,2,,,,,1,1,3,200000,1,5,2018,2,,,12,2018,200000
1,23,2316,2,1442,239186,1,6,,1,,,2,,200000,1,0,,2,,,,,1,0,,200000,1,2,2018,2,,,12,2018,200000
1,23,2316,2,1442,239187,1,6,,1,,,2,,150000,1,0,,2,,,,,1,1,3,150000,1,4,2018,2,,,6,2019,150000
1,23,2304,2,432,239197,1,5,,1,,,5,,10000,1,3,2,2,,,,,1,1,2,10000,1,3,2018,2,,,12,2018,10500
1,23,2311,2,1600,239211,1,7,,1,,,2,,30000,1,2,2,2,,,,,1,0,,30000,2,3,2018,2,,,11,2018,60000
1,23,2311,2,1600,239213,1,1,,1,,,2,,500000,4,19,3,1,7,,,"THEY DID REPLY THE LOAN APPLICATION TILL NOW",,,,,,,,,,,,,
6,24,2403,1,0,240056,1,6,,2,,,5,,500000,1,0,,2,,,,,1,0,,500000,2,1,2018,2,,,11,2018,600000
6,27,2715,1,0,240074,1,1,,1,,,10,,100000,1,2,2,2,,,,,1,0,,100000,2,10,2017,1,4,2018,,,144000
6,27,2715,1,0,240074,2,6,,2,,,8,,115000,1,2,2,2,,,,,1,0,,115000,2,10,2017,1,9,2018,,,115000
6,24,2418,1,1770,240075,1,3,,1,,,7,,30000,1,5,1,2,,,,,1,5,1,30000,1,6,2018,2,,,8,2018,40250
6,24,2406,1,0,240078,1,1,,1,,,10,,250000,1,2,2,2,,,,,1,1,3,250000,2,10,2017,1,6,2018,,,300000
6,24,2419,1,330,240090,1,3,,1,,,5,,70000,2,2,2,2,,,,,2,,,,,,,,,,,,
6,24,2405,1,134,240112,1,6,,2,,,5,,200000,1,0,,2,,,,,1,0,,200000,1,5,2018,2,,,12,2018,300000
6,24,2405,1,134,240114,1,5,,2,,,6,,5000,1,0,,2,,,,,1,0,,5000,1,6,2018,1,7,2018,,,5000
6,24,2405,1,134,240115,1,3,,3,,,5,,150000,4,3,2,1,1,,,,,,,,,,,,,,,,
6,24,2405,1,134,240115,2,3,,2,,,5,,300000,4,2,2,1,1,,,,,,,,,,,,,,,,
6,24,2413,1,306,240127,1,3,,2,,,12,,40000,1,1,2,2,,,,,1,2,1,40000,2,11,2017,1,5,2018,,,50000
6,24,2401,1,884,249016,1,3,,2,,,5,,40000,1,2,2,2,,,,,1,0,,40000,2,11,2017,1,5,2018,,,49000
6,24,2401,1,884,249016,2,3,,2,,,5,,50000,1,2,2,2,,,,,1,0,,50000,2,6,2018,2,,,11,2018,67200
6,24,2401,1,1664,249029,1,6,,2,,,10,,200000,1,1,2,2,,,,,1,0,,200000,2,10,2017,1,4,2018,,,240000
6,24,2401,1,1664,249031,1,1,,1,,,1,,500000,1,30,1,2,,,,,1,31,1,475000,1,7,2017,2,,,9,2018,500000
6,24,2403,1,1444,249038,1,1,,2,,,10,,1000000,1,1,3,2,,,,,1,3,3,1000000,2,6,2018,2,,,2,2019,1040000
6,24,2403,1,1444,249040,1,3,,1,,,13,"HOUSE RENT PAYMENT",70000,1,1,2,2,,,,,1,2,2,70000,1,6,2018,2,,,12,2018,80500
6,24,2404,1,1342,249057,1,3,,2,,,8,,50000,1,1,2,2,,,,,1,1,2,50000,2,5,2018,2,,,11,2018,57500
6,24,2404,1,1342,249058,1,3,,2,,,5,,50000,1,2,2,2,,,,,1,1,2,48500,1,3,2018,2,,,8,2018,57500
6,24,2404,1,1342,249059,1,3,,2,,,5,,200000,1,1,2,2,,,,,1,1,2,200000,2,8,2017,1,8,2018,,,240000
6,24,2405,1,152,249070,1,3,,1,,,2,,5000000,4,0,,1,6,,,,,,,,,,,,,,,,
6,24,2405,1,588,249073,1,5,,2,,,13,"HOUSE RENT",80000,1,1,2,2,,,,,1,3,1,80000,1,2,2018,2,,,9,2018,90000
6,24,2405,1,588,249074,1,4,,1,,,11,,12500,1,0,,2,,,,,1,0,,12250,1,6,2018,2,,,7,2018,12500
6,24,2405,1,1292,249085,1,4,,1,,,10,,500000,1,2,2,2,,,,,1,2,2,480000,2,8,2017,2,,,9,2020,520000
6,24,2405,1,1292,249090,1,1,,2,,,10,,600000,3,,,2,,,,,2,,,,,,,,,,,,
6,24,2410,1,2522,249098,1,3,,2,,,5,,50000,1,2,1,2,,,,,1,0,,14000,2,3,2018,1,6,2018,,,15000
6,24,2415,1,550,249116,1,4,,1,,,7,,65000,1,0,,2,,,,,1,0,,65000,2,5,2018,2,,,11,2019,75000
6,24,2415,1,550,249119,1,4,,1,,,5,,1200000,4,0,,1,2,,,,,,,,,,,,,,,,
6,24,2416,1,176,249125,1,3,,1,,,5,,300000,1,2,2,2,,,,,1,2,2,300000,1,4,2018,2,,,9,2018,330000
6,24,2416,1,2028,249134,1,3,,2,,,5,,500000,4,0,,1,2,,,,,,,,,,,,,,,,
6,24,2416,1,2028,249134,2,3,,2,,,5,,1000000,4,0,,1,7,,,"INTEREST RATE IS HIGH",,,,,,,,,,,,,
6,24,2416,1,2028,249144,1,3,,1,,,5,,500000,3,,,2,,,,,2,,,,,,,,,,,,
6,24,2418,1,920,249150,1,6,,2,,,5,,50000,1,0,,2,,,,,1,0,,50000,2,9,2017,1,12,2017,,,50000
6,24,2418,1,920,249150,2,6,,2,,,8,,60000,1,0,,2,,,,,1,0,,60000,1,1,2018,1,3,2018,,,60000
6,24,2418,1,920,249154,1,6,,1,,,5,,500000,4,3,3,1,3,,,,,,,,,,,,,,,,
6,24,2418,1,1090,249161,1,1,,2,,,5,,100000,1,2,2,2,,,,,1,1,2,100000,1,10,2017,1,5,2018,,,120000
6,24,2418,1,1090,249166,1,6,,1,,,8,,700000,1,2,2,2,,,,,1,0,,450000,2,6,2018,2,,,12,2018,450000
6,24,2418,1,2276,249182,1,9,"LOCAL GOVERNMENT OFFICE",2,,,5,,100000,4,5,2,1,6,,,,,,,,,,,,,,,,
6,24,2418,1,2276,249188,1,2,,1,,,1,,1000000,1,3,2,2,,,,,1,1,2,1000000,1,11,2017,2,,,10,2018,1200000
6,24,2419,1,488,249197,1,7,,1,,,1,,100000,1,0,,2,,,,,1,0,,100000,1,7,2017,1,12,2017,,,125000
6,24,2419,1,488,249199,1,4,,2,,,5,,200000,4,1,3,1,4,,,,,,,,,,,,,,,,
6,24,2419,1,488,249201,1,6,,2,,,11,,3000,1,0,,2,,,,,1,0,,,1,4,2018,1,5,2018,,,3000
6,24,2419,1,488,249202,1,1,,1,,,11,,30000,1,1,1,2,,,,,1,1,2,30000,1,6,2018,2,,,8,2018,34000
6,24,2420,1,10,249213,1,3,,2,,,5,,300000,1,1,2,2,,,,,1,1,2,300000,2,6,2018,2,,,12,2019,450000
6,24,2420,1,300,249223,1,3,,2,,,5,,80000,1,3,1,2,,,,,1,1,2,80000,2,12,2017,1,3,2018,,,135000
6,24,2420,1,300,249223,2,3,,2,,,13,"TO BOOST BUSINESS",110000,1,2,1,2,,,,,1,1,2,110000,2,7,2018,2,,,1,2019,165000
6,24,2420,1,300,249225,1,4,,1,,,5,,1000000,3,,,2,,,,,2,,,,,,,,,,,,
6,24,2420,1,1580,249233,1,1,,1,,,6,,1000000,2,3,2,2,,,,,2,,,,,,,,,,,,
6,24,2420,1,1580,249235,1,3,,1,,,6,,1000000,2,2,2,2,,,,,2,,,,,,,,,,,,
6,24,2420,1,1580,249236,1,3,,1,,,6,,400000,4,3,3,1,1,,,,,,,,,,,,,,,,
6,24,2401,1,396,249242,1,6,,1,,,5,,130000,1,0,,2,,,,,1,0,,130000,2,12,2017,2,,,10,2018,130000
6,24,2405,1,588,249253,1,3,,2,,,5,,70000,1,2,2,2,,,,,1,2,2,70000,2,2,2018,2,,,8,2018,80300
1,25,2504,2,222,250016,1,4,,1,,,1,,700000,1,3,2,2,,,,,1,1,3,600000,2,8,2017,2,,,7,2019,750000
1,25,2504,2,222,250020,1,4,,1,,,1,,500000,4,1,3,1,2,,,,,,,,,,,,,,,,
1,26,2613,2,1462,260156,1,4,,1,,,2,,100000,4,2,2,1,4,,,,,,,,,,,,,,,,
1,26,2603,1,450,269011,1,1,,1,,,9,,300000,1,4,2,2,,,,,1,0,,300000,1,2,2018,2,,,1,2020,330000
1,26,2608,2,786,269034,1,1,,1,,,6,,50000,1,1,3,2,,,,,1,1,3,50000,1,9,2017,1,12,2017,,,53000
1,26,2624,2,118,269077,1,6,,1,,,5,,20000,1,10,1,2,,,,,1,2,1,20000,1,1,2018,2,,,11,2018,22500
6,27,2701,1,506,270001,1,6,,2,,,6,,10000,1,0,,2,,,,,1,0,,10000,1,4,2018,1,5,2018,,,10000
6,27,2701,1,506,270002,1,3,,2,,,5,,200000,1,1,3,2,,,,,1,0,,200000,2,4,2018,2,,,10,2018,249000
6,27,2701,1,506,270006,1,3,,1,,,5,,100000,1,3,2,2,,,,,1,3,2,100000,1,6,2018,2,,,12,2018,132000
6,27,2701,1,506,270009,1,4,,1,,,8,,100000,1,1,2,2,,,,,1,1,2,100000,1,1,2018,2,,,11,2018,118000
6,27,2711,1,710,270056,1,7,,2,,,5,,50000,1,0,,2,,,,,1,0,,50000,1,7,2018,2,,,2,2019,60000
6,27,2703,1,1612,270065,1,1,,9,,,1,,420000,1,30,1,2,,,,,1,2,1,420000,2,9,2017,2,,,10,2018,462000
5,10,1014,1,0,270099,1,4,,1,,,11,,250000,4,2,2,1,6,,,,,,,,,,,,,,,,
5,10,1014,1,0,270099,2,7,,1,,,11,,150000,1,1,2,2,,,,,1,1,2,150000,2,6,2018,2,,,11,2019,300000
6,27,2703,1,1076,270100,1,3,,2,,,6,,100000,1,3,1,2,,,,,1,0,,60000,2,2,2018,2,,,8,2018,78030
6,27,2705,2,568,279010,1,6,,2,,,11,,5000,1,5,1,2,,,,,1,0,,5000,1,7,2017,1,5,2018,,,5000
6,27,2706,2,362,279022,1,6,,1,,,6,,10000,4,4,3,1,1,5,,,,,,,,,,,,,,,
6,27,2711,2,1218,279025,1,4,,1,,,2,,1000000,3,,,2,,,,,2,,,,,,,,,,,,
6,27,2711,2,1218,279031,1,3,,1,,,5,,130000,1,1,2,2,,,,,1,1,2,130000,1,1,2018,2,,,8,2018,145000
6,27,2711,2,1218,279031,2,3,,1,,,5,,70000,1,1,2,2,,,,,1,1,2,70000,1,4,2018,2,,,10,2018,82000
6,27,2711,2,1218,279036,1,9,"LOCAL GOVERNMENT",2,,,5,,200000,4,6,3,1,6,,,,,,,,,,,,,,,,
6,27,2712,2,172,279038,1,2,,2,,,5,,70000,1,3,2,2,,,,,1,3,2,35000,2,8,2017,1,11,2017,,,42000
6,27,2712,2,356,279054,1,1,,1,,,1,,800000,1,1,3,2,,,,,1,1,2,800000,2,3,2018,2,,,3,2019,920000
6,27,2712,2,356,279057,1,1,,1,,,5,,30000,1,1,3,2,,,,,1,2,2,30000,1,3,2018,2,,,3,2019,37000
6,28,2804,1,340,280036,1,2,,1,,,5,,60000,1,2,2,2,,,,,1,3,2,60000,1,1,2018,2,,,10,2018,90000
6,28,2806,1,0,280037,1,1,,6,,,10,,800000,1,1,3,2,,,,,1,1,3,800000,2,12,2017,2,,,11,2019,840000
6,28,2804,1,340,280038,1,7,,2,,,5,,40000,1,3,2,2,,,,,1,0,,40000,2,4,2018,2,,,10,2018,82000
6,28,2804,1,340,280038,2,4,,1,,,6,,100000,1,4,3,2,,,,,1,1,3,100000,2,1,2018,2,,,12,2018,220000
6,28,2814,1,1876,280085,1,1,,1,,,13,"TO BAIL **NAME** OUT OF POLICE CASE THAT SHE WAS IMPLICATED",200000,1,0,,2,,,,,1,0,,200000,1,7,2018,2,,,12,2018,265000
6,28,2814,1,1876,280086,1,2,,2,,,5,,200000,1,2,3,2,,,,,1,1,3,200000,2,3,2018,2,,,10,2018,240000
6,28,2814,1,1876,280086,2,6,,2,,,5,,150000,1,3,3,2,,,,,1,0,,100000,1,6,2018,2,,,12,2018,115000
6,28,2814,1,0,280087,1,1,,2,,,5,,150000,1,6,2,2,,,,,1,1,2,100000,2,12,2017,2,,,9,2018,125000
6,28,2814,1,0,280089,1,6,,1,,,5,,700000,4,2,3,1,5,2,,,,,,,,,,,,,,,
6,28,2813,2,0,280114,1,5,,2,,,3,,50000,1,0,,2,,,,,1,1,2,50000,2,9,2018,2,,,10,2018,50500
6,28,2813,2,612,280116,1,9,"PERSON BUYING MY FARM PRODUCE",1,,,12,,10000,1,7,1,2,,,,,1,0,,10000,1,5,2018,2,,,10,2018,10000
6,28,2813,2,612,280117,1,1,,1,,,5,,100000,1,2,2,2,,,,,1,0,,100000,2,1,2018,1,6,2018,,,105000
6,28,2813,2,612,280118,1,1,,1,,,5,,100000,1,2,2,2,,,,,1,2,2,100000,1,8,2017,2,,,8,2018,120000
6,28,2805,2,498,289014,1,6,,1,,,12,,60000,1,1,3,2,,,,,1,0,,60000,2,6,2018,2,,,1,2019,60000
6,28,2805,2,498,289020,1,2,,2,,,5,,100000,1,0,,2,,,,,1,2,2,50000,2,3,2018,2,,,12,2018,60000
6,28,2808,2,1494,289026,1,1,,1,,,3,,300000,1,1,2,2,,,,,1,1,3,200000,1,1,2018,2,,,11,2019,230000
6,28,2808,2,1494,289031,1,9,"HIS LANDLORD AND BOSS",1,,,8,,5000,1,0,,2,,,,,1,0,,5000,1,2,2018,1,6,2018,,,5000
6,28,2808,2,1494,289035,1,6,,1,,,7,,10000,1,2,2,2,,,,,1,0,,6000,2,7,2018,2,,,12,2018,6000
6,28,2811,2,390,289037,1,1,,1,,,10,,200000,2,1,2,2,,,,,2,,,,,,,,,,,,
6,28,2811,2,390,289040,1,9,"MY COCOA BUYER",1,,,13,"REPAIR OF HOUSE",9000,1,0,,2,,,,,1,0,,9000,2,11,2017,2,,,11,2018,9000
6,28,2811,2,390,289040,2,9,"MY COCOA BUYER",1,,,13,"REPAIR OF HOUSE",18000,1,2,1,2,,,,,1,0,,18000,1,11,2017,2,,,11,2018,18000
6,28,2811,2,390,289044,1,1,,1,,,9,,300000,1,0,,2,,,,,1,0,,300000,1,3,2018,2,,,3,2019,330000
6,28,2814,1,662,289056,1,5,,1,,,5,,40000,1,4,2,2,,,,,1,7,1,40000,2,5,2018,2,,,8,2018,55000
6,28,2815,2,10,289064,1,6,,1,,,8,,20000,1,3,1,2,,,,,1,0,,20000,1,6,2018,2,,,12,2018,20000
6,29,2930,1,530,290002,1,3,,2,,,5,,60000,1,15,1,2,,,,,1,15,1,60000,1,7,2017,1,6,2018,,,68000
6,29,2930,1,530,290003,1,1,,2,,,5,,100000,1,1,3,2,,,,,1,2,3,100000,2,9,2017,2,,,2,2019,115000
6,29,2930,1,530,290007,1,1,,2,,,5,,80000,1,0,,2,,,,,1,0,,80000,1,3,2018,2,,,4,2019,96000
6,29,2930,1,530,290007,2,3,,1,,,2,,20000,2,1,3,2,,,,,2,,,,,,,,,,,,
6,29,2930,1,0,290009,1,3,,2,,,5,,20000,3,,,2,,,,,2,,,,,,,,,,,,
6,29,2930,1,1300,290034,1,2,,9,,,8,,50000,1,0,,2,,,,,1,0,,50000,1,2,2018,1,6,2018,,,50000
6,29,2930,1,1300,290040,1,2,,1,,,13,"TO BOOST BUSINESS CAPITAL",90000,1,3,2,2,,,,,1,1,1,90000,2,3,2018,2,,,8,2018,105000
6,29,2909,2,220,290046,1,6,,1,,,9,,350000,4,0,,1,6,,,,,,,,,,,,,,,,
6,29,2905,1,1096,290073,1,1,,3,8,,10,,250000,1,1,3,2,,,,,1,6,3,250000,1,1,2018,2,,,6,2019,275000
6,29,2905,1,1096,290073,2,1,,3,,,11,,300000,1,1,3,2,,,,,1,6,3,200000,2,1,2018,2,,,6,2019,220000
6,28,2806,1,0,290075,1,3,,1,,,5,,100000,4,3,1,1,2,1,,,,,,,,,,,,,,,
6,29,2910,1,0,290086,1,1,,1,,,5,,250000,3,,,2,,,,,2,,,,,,,,,,,,
6,29,2920,2,1628,290171,1,1,,1,,,5,,150000,1,2,2,2,,,,,1,1,3,150000,1,11,2017,1,2,2018,,,160000
6,29,2920,2,1628,290172,1,6,,3,,,3,,30000,1,0,,2,,,,,1,0,,30000,1,5,2018,1,7,2018,,,30000
6,29,2920,2,1628,290172,2,5,,3,,,3,,25000,1,0,,2,,,,,1,0,,25000,1,2,2018,1,4,2018,,,25000
6,29,2920,2,1628,290179,1,2,,1,,,5,,100000,1,1,2,2,,,,,1,1,3,100000,2,11,2017,2,,,10,2018,105000
6,29,2920,2,1628,290179,2,2,,2,,,6,,100000,1,1,2,2,,,,,1,1,3,100000,2,11,2017,2,,,10,2018,105000
6,29,2920,2,1628,290180,1,6,,1,,,13,"HOUSE RENOVATION",75000,1,1,2,2,,,,,1,1,1,75000,1,4,2018,2,,,11,2018,75000
6,29,2920,2,1628,290180,2,6,,1,,,8,,45000,1,1,2,2,,,,,1,1,1,45000,1,5,2018,2,,,8,2018,45000
6,29,2915,1,622,299001,1,1,,1,,,10,,300000,1,1,3,2,,,,,1,1,3,300000,1,4,2018,2,,,3,2019,300000
6,29,2915,1,622,299005,1,1,,1,,,12,,50000,1,0,,2,,,,,1,3,1,50000,1,6,2018,2,,,5,2019,55000
6,29,2915,1,622,299007,1,1,,1,,,8,,1500000,1,1,3,2,,,,,1,2,3,1500000,1,2,2018,2,,,6,2019,2150000
6,29,2915,1,622,299010,1,3,,2,,,5,,50000,1,2,2,2,,,,,1,2,1,40000,2,3,2018,2,,,8,2018,52200
6,29,2918,1,454,299014,1,1,,1,,,5,,100000,1,1,3,2,,,,,1,1,1,50000,2,2,2018,2,,,11,2018,60000
6,29,2918,1,454,299022,1,2,,1,,,2,,150000,1,0,,2,,,,,1,0,,150000,2,4,2018,2,,,10,2018,165000
6,29,2918,1,454,299022,2,3,,1,,,2,,1000000,4,3,3,1,7,,,"THE STATE GOVERNMENT GIVE LOAN TO NON FARMING PEOPLE  THEY ASKED HIM TO OPEN ACCOUNT BUT THE GOVT REFUSED TO GIVE ANY LOAN",,,,,,,,,,,,,
6,29,2928,1,322,299025,1,2,,1,,,8,,67000,1,1,2,2,,,,,1,2,2,67000,1,1,2018,2,,,1,2019,67000
6,29,2928,1,322,299027,1,1,,1,,,10,,200000,1,1,3,2,,,,,1,2,3,200000,2,8,2017,1,7,2018,,,220000
6,29,2928,1,322,299033,1,5,,1,,,8,,100000,1,0,,2,,,,,1,2,2,48000,2,2,2018,2,,,12,2018,53000
6,29,2928,1,322,299033,2,2,,2,,,5,,200000,1,0,,2,,,,,1,2,2,70000,2,12,2017,2,,,12,2018,90000
6,29,2928,1,322,299033,3,5,,2,,,5,,50000,1,0,,2,,,,,1,1,2,35000,2,4,2018,2,,,11,2018,38500
6,29,2928,1,322,299035,1,1,,1,,,1,,300000,1,1,3,2,,,,,1,2,1,250000,1,8,2017,2,,,10,2018,550000
6,29,2928,1,322,299036,1,6,,1,,,7,,10000,1,5,1,2,,,,,1,1,1,10000,1,12,2017,1,12,2017,,,10000
6,30,3007,1,1624,300016,1,1,,1,,,5,,100000,1,1,3,2,,,,,1,1,3,100000,2,2,2018,2,,,11,2018,135000
6,30,3007,1,1624,300017,1,6,,1,,,11,,10000,4,0,,1,6,,,,,,,,,,,,,,,,
6,30,3012,1,0,300040,1,9,"BANK OF AGRIC",1,,,2,,250000,4,3,3,1,7,,,"RESPONDENT WERE NOT GIVEN DUE TO NON REPAYMENT OF BENEFICIARY",,,,,,,,,,,,,
6,30,3012,1,0,300040,2,3,,1,,,2,,200000,4,3,3,1,6,,,,,,,,,,,,,,,,
6,30,3005,1,0,300095,1,3,,1,,,8,,40000,1,1,3,2,,,,,1,1,3,30000,1,6,2018,2,,,8,2018,48000
6,30,3005,1,0,300099,1,9,"ON LINE SERVICES",1,,,8,,20000,1,3,1,2,,,,,1,0,,15000,2,7,2018,1,10,2018,,,17250
6,30,3002,1,1310,300135,1,3,,2,,,8,,50000,1,1,3,2,,,,,1,1,3,50000,2,1,2018,2,,,7,2018,57500
6,30,3002,2,0,300136,1,3,,1,,,5,,200000,4,1,3,1,6,,,,,,,,,,,,,,,,
6,30,3002,1,1264,300141,1,3,,1,,,5,,30000,1,1,3,2,,,,,1,1,3,30000,2,9,2017,1,4,2018,,,34500
6,30,3002,1,0,300142,1,1,,2,,,9,,500000,1,1,3,2,,,,,1,1,3,500000,2,11,2017,1,5,2018,,,521000
6,30,3002,1,0,300144,1,6,,1,,,6,,50000,4,0,,1,6,,,,,,,,,,,,,,,,
6,30,3023,2,622,300172,1,3,,1,,,5,,20000,4,10,3,1,6,,,,,,,,,,,,,,,,
6,30,3005,1,3648,309008,1,3,,1,,,5,,280000,1,2,2,2,,,,,1,0,,280000,2,2,2018,2,,,8,2018,315000
6,30,3006,1,520,309013,1,3,,2,,,5,,50000,1,3,2,2,,,,,1,3,2,50000,2,4,2018,2,,,10,2018,60000
6,30,3013,1,282,309037,1,3,,1,,,5,,500000,4,1,3,1,6,,,,,,,,,,,,,,,,
6,30,3013,1,282,309044,1,6,,1,,,6,,50000,1,1,3,2,,,,,1,0,,50000,1,8,2017,1,11,2017,,,
6,30,3020,2,1092,309082,1,2,,1,,,10,,100000,1,1,3,2,,,,,1,1,3,100000,2,2,2018,1,8,2018,,,108000
6,30,3020,2,1092,309082,2,1,,2,,,6,,100000,1,2,3,2,,,,,1,2,3,100000,2,2,2018,2,,,12,2018,115000
6,30,3020,2,1092,309083,1,3,,1,,,7,,150000,4,0,,1,2,,,,,,,,,,,,,,,,
6,30,3021,2,628,309093,1,7,,1,,,2,,30000,4,0,,1,6,,,,,,,,,,,,,,,,
6,30,3026,1,72,309104,1,3,,2,,,1,,70000,1,2,2,2,,,,,1,0,,70000,2,7,2018,2,,,11,2018,80000
6,30,3026,1,72,309105,1,5,,1,,,5,,20000,1,0,,2,,,,,1,0,,20000,2,8,2017,1,3,2018,,,20000
6,30,3026,1,72,309108,1,3,,1,,,6,,120000,4,5,3,1,1,5,4,,,,,,,,,,,,,,
6,30,3028,2,136,309112,1,5,,1,,,6,,50000,1,2,2,2,,,,,1,0,,50000,1,2,2018,1,7,2018,,,50000
6,30,3011,2,306,309126,1,9,"BANK OF AGRIC",1,,,3,,1000000,4,3,3,1,6,,,,,,,,,,,,,,,,
1,31,3112,2,350,310090,1,5,,1,,,2,,25000,1,0,,2,,,,,1,0,,22500,2,6,2018,2,,,12,2018,35000
1,31,3110,2,334,319030,1,5,,1,2,4,3,,3000,1,0,,2,,,,,1,0,,3000,2,1,2018,1,5,2018,,,3900
1,31,3111,2,1128,319038,1,1,,1,,,13,"FARMING",50000,1,1,3,2,,,,,1,1,3,20000,2,7,2017,2,,,12,2018,28800
1,31,3111,2,1128,319039,1,1,,1,,,3,,50000,1,1,3,2,,,,,1,1,3,50000,2,5,2018,2,,,9,2018,52507
1,31,3111,2,1128,319040,1,5,,1,2,,2,,100000,1,2,3,2,,,,,1,2,3,100000,2,5,2018,2,,,11,2018,160000
1,31,3111,2,1128,319043,1,5,,1,,,2,,15000,1,0,,2,,,,,1,0,,15000,1,7,2018,2,,,10,2018,23500
1,31,3111,2,1128,319044,1,2,,1,,,13,"FOR A FLIGHT TICKET FOR HER SON BACK TO NIGERIA",200000,1,1,1,2,,,,,1,1,1,200000,1,5,2018,2,,,10,2018,220000
1,31,3111,2,1128,319048,1,5,,3,,,2,,30000,1,0,,2,,,,,1,7,1,30000,2,5,2018,2,,,9,2018,33000
5,32,3215,1,0,320008,1,3,,2,,,12,,100000,4,0,,1,1,,,,,,,,,,,,,,,,
5,32,3215,1,2978,320010,1,7,,1,,,2,,5000000,4,0,,1,1,,,,,,,,,,,,,,,,
5,32,3213,2,128,320053,1,4,,2,,,5,,500000,3,,,2,,,,,2,,,,,,,,,,,,
5,32,3213,2,128,320182,1,2,,1,,,8,,150000,1,2,2,2,,,,,1,2,2,150000,2,10,2017,1,5,2018,,,210000
5,32,3213,2,128,320183,1,6,,1,2,,8,,60000,1,0,,2,,,,,1,0,,60000,1,7,2017,1,8,2017,,,60000
5,32,3213,2,128,320183,2,6,,1,2,,8,,50000,1,0,,2,,,,,1,0,,50000,1,9,2017,2,,,8,2018,50000
5,32,3215,1,0,320185,1,7,,1,,,12,,10000,1,3,1,2,,,,,1,0,,10000,1,9,2017,1,12,2017,,,10000
5,32,3215,1,0,320185,2,7,,1,,,12,,30000,1,0,,2,,,,,1,0,,30000,1,11,2017,2,,,8,2018,120000
5,32,3213,2,128,320186,1,6,,1,,,8,,60000,1,0,,2,,,,,1,0,,60000,2,1,2018,1,7,2018,,,60000
5,32,3213,2,128,320186,2,6,,1,,,2,,100000,1,0,,2,,,,,1,0,,100000,1,4,2018,2,,,11,2018,100000
5,32,3203,2,1420,329001,1,6,,1,,,7,,70000,1,0,,2,,,,,1,0,,70000,2,7,2018,2,,,9,2018,70000
5,32,3203,2,1420,329002,1,6,,2,,,7,,20000,1,0,,2,,,,,1,0,,20000,2,8,2017,1,6,2018,,,30000
5,32,3203,2,1420,329003,1,2,,1,,,3,,10000,1,1,2,2,,,,,1,2,2,10000,2,8,2017,1,10,2017,,,16000
5,32,3205,2,846,329023,1,2,,1,,,7,,200000,1,1,3,2,,,,,1,1,3,200000,2,12,2017,2,,,3,2019,260000
5,32,3206,1,622,329026,1,6,,1,,,8,,150000,1,0,,2,,,,,1,0,,150000,1,9,2017,2,,,10,2018,150000
5,32,3206,1,622,329031,1,6,,1,2,,13,"HOUSE RENT",70000,3,,,2,,,,,2,,,,,,,,,,,,
5,32,3206,1,1646,329037,1,6,,1,,,12,,15000,1,1,1,2,,,,,1,1,1,15000,2,4,2018,1,5,2018,,,15000
5,32,3206,1,1646,329037,2,6,,1,,,11,,10000,1,2,1,2,,,,,1,2,1,10000,2,11,2017,1,12,2017,,,10000
5,32,3206,1,1646,329043,1,6,,2,,,6,,6000,1,0,,2,,,,,1,0,,6000,2,6,2018,2,,,12,2018,6000
5,32,3212,2,450,329059,1,4,,1,,,3,,500000,1,1,3,2,,,,,1,1,3,500000,1,8,2017,1,2,2018,,,600000
5,32,3213,2,282,329062,1,6,,6,,,8,,150000,1,3,1,2,,,,,1,0,,150000,1,6,2018,2,,,7,2018,195000
5,32,3213,2,282,329063,1,1,,1,,,2,,300000,3,,,2,,,,,2,,,,,,,,,,,,
5,32,3213,2,282,329065,1,1,,2,,,2,,1200000,3,,,2,,,,,2,,,,,,,,,,,,
5,32,3213,2,282,329066,1,7,,1,,,8,,20000,1,1,2,2,,,,,1,2,2,20000,1,4,2018,1,6,2018,,,25000
5,32,3213,2,282,329071,1,6,,1,,,12,,15000,1,0,,2,,,,,1,0,,15000,1,3,2018,1,4,2018,,,15000
5,32,3213,2,1358,329073,1,6,,2,,,8,,20000,1,1,2,2,,,,,1,1,2,20000,2,7,2017,1,10,2017,,,25000
5,32,3213,2,1358,329078,1,2,,1,,,4,,60000,1,0,,2,,,,,1,0,,60000,1,6,2018,2,,,7,2018,65000
5,32,3213,2,1358,329079,1,1,,2,,,3,,1000000,4,3,3,1,7,,,"THE LOAN OPERATOR DIED",,,,,,,,,,,,,
5,32,3213,2,1358,329081,1,7,,1,,,8,,60000,1,1,2,2,,,,,1,1,2,60000,1,2,2018,1,3,2018,,,75000
5,32,3213,2,1358,329082,1,4,,2,,,4,,100000,4,3,1,1,7,,,"THEY SAY THAT THEIR TURN HAVE NOT REACH",,,,,,,,,,,,,
5,32,3223,2,668,329096,1,6,,2,,,11,,10000,1,0,,2,,,,,1,0,,10000,2,6,2018,2,,,12,2018,12000
3,33,3323,2,92,330031,1,4,,1,,,2,,20000,1,6,2,2,,,,,1,0,,15000,2,7,2017,2,,,7,2018,20000
3,33,3313,2,930,330057,1,1,,1,,,3,,540000,2,1,3,2,,,,,2,,,,,,,,,,,,
3,33,3304,2,418,330063,1,7,,1,,,5,,50000,3,,,2,,,,,2,,,,,,,,,,,,
3,33,3302,2,816,339001,1,6,,1,,,5,,10000,1,0,,2,,,,,1,0,,10000,1,2,2018,1,4,2018,,,10000
3,33,3321,2,118,339045,1,4,,1,,,5,,500000,4,2,2,1,3,,,,,,,,,,,,,,,,
2,34,3405,2,456,340033,1,6,,1,,,13,"PAYING OF LOST CHAIN SAW",100000,1,0,,2,,,,,1,0,,100000,1,5,2018,1,7,2018,,,100150
2,34,3405,2,456,340034,1,6,,1,,,12,,7000,1,0,,2,,,,,1,0,,7000,1,7,2018,2,,,9,2018,7100
2,34,3412,2,156,340056,1,5,,2,,,8,,5000,1,2,2,2,,,,,1,1,2,5000,2,4,2018,2,,,12,2018,5500
2,34,3408,2,870,340085,1,3,,1,,,11,,100000,1,1,2,2,,,,,1,0,,85000,2,2,2018,2,,,11,2018,150000
2,34,3401,2,370,349005,1,6,,1,,,2,,50000,1,7,1,2,,,,,1,7,1,50000,2,7,2017,1,4,2018,,,50500
2,34,3402,2,72,349019,1,6,,1,,,5,,100000,1,2,2,2,,,,,1,1,2,100000,1,9,2017,1,3,2018,,,102000
2,34,3402,2,768,349027,1,6,,1,,,8,,10000,1,2,1,2,,,,,1,0,,10000,1,4,2018,1,8,2018,,,15000
2,34,3406,2,728,349038,1,4,,1,,,5,,150000,4,7,2,1,6,,,,,,,,,,,,,,,,
2,34,3406,2,728,349039,1,4,,1,,,5,,500000,4,0,,1,6,,,,,,,,,,,,,,,,
2,34,3406,2,728,349040,1,4,,1,,,13,"PERSONAL USE",100000,4,0,,1,6,,,,,,,,,,,,,,,,
2,34,3407,1,64,349051,1,6,,1,,,2,,7000,1,5,1,2,,,,,1,5,1,7000,2,7,2018,2,,,9,2018,7500
2,34,3407,1,64,349059,1,4,,1,,,6,,100000,1,3,2,2,,,,,1,3,2,100000,1,11,2017,1,11,2017,,,105000
2,34,3409,2,500,349063,1,6,,1,,,10,,9000,1,0,,2,,,,,1,0,,9000,1,11,2017,1,7,2018,,,9200
2,34,3411,2,1034,349073,1,1,,1,,,4,,3000000,4,7,3,1,6,,,,,,,,,,,,,,,,
2,34,3411,2,1034,349078,1,6,,1,,,11,,10000,1,1,2,2,,,,,1,0,,10000,2,6,2018,2,,,7,2018,10000
2,34,3411,2,1034,349080,1,9,"GRANT",1,2,,1,,10000000,3,,,2,,,,,2,,,,,,,,,,,,
2,34,3416,2,620,349085,1,5,,2,,,2,,10000,1,3,2,2,,,,,1,7,1,7000,2,4,2018,1,6,2018,,,13000
2,34,3416,2,620,349088,1,5,,1,2,,3,,30000,1,2,2,2,,,,,1,1,2,20000,2,7,2018,2,,,12,2018,22000
2,34,3411,2,1034,349109,1,3,,1,2,,1,,4000000,3,,,2,,,,,2,,,,,,,,,,,,
2,35,3513,2,576,350061,1,6,,1,,,2,,5000,1,0,,2,,,,,1,0,,5000,1,6,2018,1,7,2018,,,5000
2,35,3513,2,576,350070,1,6,,1,,,2,,7000,1,0,,2,,,,,1,0,,7000,1,6,2018,1,7,2018,,,7000
2,35,3505,2,1726,359002,1,6,,1,,,12,,10000,4,2,2,1,6,,,,,,,,,,,,,,,,
2,35,3505,2,1726,359004,1,3,,1,,,5,,1500000,3,,,2,,,,,2,,,,,,,,,,,,
2,35,3505,2,1726,359005,1,6,,1,,,5,,5000,1,0,,2,,,,,1,0,,5000,1,2,2018,2,,,8,2018,5000
2,35,3505,2,1726,359007,1,6,,1,,,5,,30000,1,0,,2,,,,,1,0,,30000,1,3,2018,1,6,2018,,,30000
2,35,3506,2,2404,359019,1,6,,1,,,2,,5000,1,0,,2,,,,,1,,3,5000,1,4,2018,1,6,2018,,,5000
2,35,3506,2,2404,359021,1,4,,1,,,4,,300000,4,3,3,1,6,,,,,,,,,,,,,,,,
2,35,3507,2,596,359027,1,9,"FRIEND",1,,,2,,30000,1,0,,2,,,,,1,0,,30000,2,7,2018,2,,,12,2018,30000
2,35,3507,2,596,359031,1,1,,1,,,13,"CROP FARMING",3000000,4,0,,1,3,,,,,,,,,,,,,,,,
2,35,3507,2,596,359032,1,6,,1,,,13,"FOR CROP FARMING",40000,1,1,3,2,,,,,1,1,3,20000,2,5,2018,2,,,11,2018,25000
2,35,3507,2,596,359033,1,6,,1,,,12,,10000,1,0,,2,,,,,1,0,,10000,1,4,2018,2,,,12,2018,10000
2,35,3512,2,478,359051,1,9,"INDIVIDUAL FRIEND",1,,,11,,10000,1,0,,2,,,,,1,0,,10000,1,3,2018,1,5,2018,,,10000
2,35,3512,2,478,359053,1,6,,1,,,12,,5000,1,0,,2,,,,,1,0,,5000,2,2,2018,1,4,2018,,,5000
2,35,3512,2,478,359054,1,6,,1,,,12,,3000,1,0,,2,,,,,1,0,,3000,1,7,2018,2,,,9,2018,3000
2,35,3514,1,1050,359071,1,1,,1,,,5,,300000,4,0,,1,6,,,,,,,,,,,,,,,,
3,36,3608,2,2078,360033,1,5,,1,,,6,,50000,1,0,,2,,,,,1,0,,50000,1,1,2018,1,5,2018,,,55000
3,36,3613,2,1808,369040,1,7,,1,,,2,,15000,1,0,,2,,,,,1,0,,15000,1,3,2018,1,6,2018,,,16500
6,30,3014,1,0,370021,1,1,,1,,,8,,1200000,1,1,3,2,,,,,1,0,,120000,2,1,2018,2,,,1,2019,140000
1,37,3706,1,0,370025,1,1,,2,,,11,,1335000,1,2,1,2,,,,,1,0,,1201500,1,9,2017,2,,,12,2019,1335000
1,37,3701,1,308,379005,1,3,,1,,,8,,200000,1,2,2,2,,,,,1,0,,180000,2,3,2018,2,,,9,2018,200000
1,37,3701,1,308,379007,1,1,,1,,,8,,60000,1,3,1,2,,,,,1,0,,57000,1,10,2017,1,3,2018,,,60000
1,37,3703,1,202,379039,1,6,,2,,,6,,20000,4,0,,1,2,,,,,,,,,,,,,,,,
1,37,3703,1,202,379044,1,7,,1,,,8,,150000,1,3,1,2,,,,,1,1,2,150000,2,1,2018,2,,,12,2018,200000
1,37,3704,2,214,379061,1,6,,1,,,6,,20000,1,3,1,2,,,,,1,1,2,10000,2,11,2017,1,5,2018,,,10000
1,37,3704,2,214,379066,1,6,,1,,,2,,5000,1,0,,2,,,,,1,0,,5000,1,4,2018,1,7,2018,,,5000
1,37,3705,2,254,379085,1,6,,1,,,4,,10000,4,1,2,1,2,,,,,,,,,,,,,,,,
1,37,3705,2,254,379086,1,6,,1,,,2,,30000,1,0,,2,,,,,1,0,,30000,2,5,2018,2,,,12,2018,30000
1,37,3705,2,254,379087,1,6,,1,,,2,,20000,4,0,,1,7,,,"MR MOSES SAID THAT HE WANTED TO PAY FOR HIS CHILD'S EXAMINATION FEES",,,,,,,,,,,,,
1,37,3706,1,1836,379109,1,6,,1,,,11,,20000,1,0,,2,,,,,1,2,1,20000,1,11,2017,1,5,2018,,,20000
1,37,3702,1,158,379123,1,6,,1,,,6,,30000,4,0,,1,2,1,,,,,,,,,,,,,,,
1,37,3702,1,1102,379154,1,6,,1,,,12,,500000,1,1,1,2,,,,,1,1,1,500000,1,6,2018,2,,,9,2018,500000
