"zone","state","lga","sector","ea","hhid","plotid","cropcode","sa3iiiq7","sa3iiiq8a","sa3iiiq8b","sa3iiiq9","sa3iiiq10","sa3iiiq10_os","sa3iiiq11","sa3iiiq12a","sa3iiiq12b","sa3iiiq13a","sa3iiiq13c","sa3iiiq13c_os","sa3iiiq13d","sa3iiiq13b","sa3iiiq13_conv","sa3iiiq14"
4,1,109,2,1214,19092,1,2170,1,8,2018,2,,,2,,,7,110,,2,,7.96500015258789,7000
4,1,109,2,1214,19096,4,2030,1,8,2018,2,,,2,,,3,110,,1,,7.1399998664856,2700
4,1,109,2,1214,19096,4,2170,1,7,2018,2,,,2,,,6,110,,2,,7.96500015258789,7800
2,2,203,2,1224,20046,2,2030,1,8,2018,2,,,2,,,10,110,,2,,21.6200008392334,5000
2,2,210,2,1300,20061,1,3090,2,,,,,,,,,,,,,,,
2,2,210,2,924,29062,1,3160,2,,,,,,,,,,,,,,,
2,2,213,2,1406,29160,2,3090,2,,,,,,,,,,,,,,,
2,2,213,2,1406,29167,3,2030,2,,,,,,,,,,,,,,,
2,2,213,2,1406,29167,3,3090,2,,,,,,,,,,,,,,,
2,2,213,2,1406,29167,3,3160,2,,,,,,,,,,,,,,,
5,3,316,2,874,30024,1,2030,1,11,2018,2,,,2,,,5,110,,1,,7.1399998664856,5000
5,3,316,2,874,30024,1,2170,1,11,2018,2,,,2,,,15,110,,1,,5.1399998664856,22500
5,3,318,2,1136,30084,3,2170,1,12,2018,1,2,,2,,,10,110,,2,,7.96500015258789,10000
5,3,301,1,1198,30105,1,2170,1,3,2018,2,,,2,,,10,110,,1,,5.1399998664856,13000
5,3,301,1,1198,30105,1,3180,1,1,2018,2,,,1,12,2018,60,100,,1,,25,18000
5,3,301,1,1198,30106,2,2170,1,12,2018,2,,,2,,,1,100,,2,,2.09999990463257,1500
5,3,305,2,1542,30122,1,2170,1,5,2018,2,,,2,,,45,100,,2,,2.09999990463257,67500
5,3,305,2,1542,30123,1,3180,1,12,2018,1,7,,1,12,2018,10,100,,1,,25,3000
5,3,312,2,20,30135,1,2170,2,,,,,,,,,,,,,,,
5,3,309,2,698,39037,4,3180,1,1,2018,2,,,1,12,2018,60,100,,0,,23,12000
5,3,318,2,56,39074,1,2160,1,12,2018,2,,,2,,,5,80,,1,,2.73499989509583,800
5,3,318,2,56,39074,1,2170,1,12,2018,2,,,2,,,5,110,,1,,5.1399998664856,3000
5,3,304,2,10,39083,1,2170,1,10,2018,1,1,,2,,,2,110,,0,,3.50999999046326,800
5,3,304,2,10,39090,2,2170,1,10,2018,2,,,2,,,20,110,,2,,7.96500015258789,14000
5,3,304,2,10,39090,3,2030,1,12,2018,2,,,2,,,15,110,,1,,7.1399998664856,12000
5,3,323,2,488,39119,1,2030,2,,,,,,,,,,,,,,,
5,3,323,2,488,39119,1,3170,2,,,,,,,,,,,,,,,
5,3,323,2,488,39120,3,2030,2,,,,,,,,,,,,,,,
5,3,326,2,502,39132,2,2030,1,1,2018,2,,,1,1,2019,7,110,,1,,7.1399998664856,1400
5,3,326,2,502,39133,1,2030,1,1,2018,2,,,2,,,20,110,,1,,7.1399998664856,4000
5,3,326,2,502,39133,1,3210,1,3,2018,1,6,,2,,,15,80,,1,,1.61500000953674,750
5,3,326,2,502,39133,2,2030,1,1,2018,1,7,,2,,,25,110,,1,,7.1399998664856,6250
5,3,327,2,196,39152,1,2170,1,3,2018,2,,,2,,,30,110,,1,,5.1399998664856,20000
5,3,327,2,196,39154,1,2170,1,9,2018,1,7,,2,,,3,110,,2,,7.96500015258789,4500
5,3,327,2,246,39156,6,2170,1,9,2018,2,,,2,,,35,100,,2,,2.09999990463257,31500
5,3,327,2,246,39157,1,2030,1,4,2018,2,,,2,,,4,110,,2,,21.6200008392334,4800
5,3,327,2,246,39157,1,2170,1,9,2018,2,,,2,,,5,110,,2,,7.96500015258789,10000
4,4,421,1,800,40174,1,3050,1,12,2018,2,,,2,,,38,80,,1,,0.5,1500
4,4,421,1,800,40174,1,3180,1,1,2018,2,,,2,,,5,130,,11,,50,12500
4,4,421,1,800,40178,1,3180,2,,,,,,,,,,,,,,,
4,4,402,2,1080,40202,1,3180,1,5,2018,2,,,2,,,140,100,,1,,25,70000
4,4,402,2,1080,40206,3,3160,1,3,2018,2,,,1,4,2018,5,130,,12,,100,17500
4,4,402,2,1080,40206,3,3180,1,3,2018,2,,,2,,,40,100,,1,,25,20000
4,4,402,2,1080,40206,3,3190,2,,,,,,,,,,,,,,,
4,4,402,2,1080,40206,3,3221,1,3,2018,2,,,1,5,2018,3,130,,11,,50,15000
4,4,402,2,1080,40207,1,3180,1,8,2018,2,,,2,,,7,100,,1,,25,5000
4,4,402,2,1080,40208,1,3210,1,12,2018,2,,,1,1,2019,10,80,,1,,1.61500000953674,3000
4,4,405,2,716,49013,1,2170,1,9,2018,2,,,2,,,5,110,,1,,5.1399998664856,5000
4,14,1405,1,0,49015,3,2170,1,9,2018,1,8,,1,2,2019,10,110,,1,,5.1399998664856,5000
4,14,1405,1,0,49015,3,3180,1,9,2018,1,10,,2,,,10,100,,1,,25,6000
4,4,405,2,716,49017,1,2030,1,12,2018,2,,,2,,,2,110,,1,,7.1399998664856,4000
4,4,405,2,716,49017,1,2160,2,,,,,,,,,,,,,,,
4,4,405,2,716,49017,1,2170,1,12,2018,2,,,2,,,3,110,,1,,5.1399998664856,4500
4,4,405,2,0,49018,1,3180,1,5,2018,2,,,2,,,25,100,,2,,27,12500
4,4,408,2,630,49026,1,3180,1,1,2019,2,,,2,,,4,100,,1,,25,4000
4,4,408,2,630,49027,3,3180,1,7,2018,2,,,2,,,8,100,,1,,25,4800
4,4,408,2,630,49027,4,3180,1,6,2018,2,,,2,,,8,100,,1,,25,4800
4,4,408,2,630,49035,1,3180,1,12,2018,2,,,2,,,6,100,,1,,25,6000
4,4,408,2,630,49035,4,3180,1,1,2019,2,,,2,,,4,100,,1,,25,4000
4,4,408,2,630,49036,2,3180,2,,,,,,,,,,,,,,,
4,4,412,1,1562,49037,1,3180,1,8,2018,2,,,2,,,5,100,,1,,25,3000
4,4,412,1,1562,49037,2,3180,1,8,2018,2,,,2,,,5,100,,1,,25,3000
4,4,412,1,1562,49041,2,3180,1,1,2018,2,,,2,,,2,130,,11,,50,5000
4,4,412,1,1562,49042,1,3180,1,12,2018,2,,,2,,,5,100,,1,,25,2000
4,4,412,1,1562,49042,1,3220,2,,,,,,,,,,,,,,,
4,4,412,1,1562,49042,2,3160,1,7,2018,1,2,,1,7,2018,6,140,,1,,32.4309997558594,6000
4,4,412,1,1562,49042,2,3180,1,12,2018,2,,,2,,,10,100,,1,,25,4000
4,4,412,1,1562,49044,6,3020,2,,,,,,,,,,,,,,,
4,4,412,1,1562,49044,6,3160,1,4,2018,1,5,,1,6,2018,2,130,,10,,25,1500
4,4,412,1,1562,49044,6,3180,1,3,2018,2,,,2,,,10,100,,1,,25,5000
4,4,412,1,1562,49045,1,3180,1,8,2018,2,,,2,,,15,100,,1,,25,10500
4,4,412,1,1562,49046,3,3190,2,,,,,,,,,,,,,,,
4,4,412,1,1562,49046,4,3160,2,,,,,,,,,,,,,,,
4,4,412,1,1562,49046,5,3210,1,1,2018,2,,,2,,,15,80,,1,,1.61500000953674,1050
4,4,416,1,730,49070,2,3180,2,,,,,,,,,,,,,,,
4,4,417,1,114,49077,1,3210,2,,,,,,,,,,,,,,,
4,4,417,1,114,49083,1,2170,2,,,,,,,,,,,,,,,
4,4,417,1,114,49083,1,3160,2,,,,,,,,,,,,,,,
4,4,417,1,114,49083,1,3210,1,1,2018,2,,,1,1,2019,10,80,,1,,1.61500000953674,3000
4,4,419,1,1006,49085,3,3090,1,5,2018,2,,,1,8,2018,4,11,,,,,3200
4,4,419,1,1006,49086,1,3180,1,8,2018,2,,,2,,,8,100,,1,,25,4000
4,4,419,1,1006,49090,1,3180,1,1,2019,2,,,1,1,2019,25,100,,1,,25,37500
4,4,419,1,1006,49093,4,2170,2,,,,,,,,,,,,,,,
4,4,419,1,1006,49093,4,3170,1,9,2018,2,,,1,1,2019,1,130,,11,,50,3000
4,4,419,1,1006,49093,4,3221,1,9,2018,2,,,1,9,2018,2,11,,,,,1000
4,4,419,1,1006,49094,2,2170,2,,,,,,,,,,,,,,,
4,4,419,1,1006,49094,2,3210,1,11,2018,2,,,2,,,30,80,,1,,1.61500000953674,3000
4,4,419,1,1006,49095,2,2170,1,11,2018,2,,,1,12,2018,15,110,,1,,5.1399998664856,22500
4,4,419,1,1006,49095,2,3180,1,11,2018,2,,,1,12,2018,10,100,,1,,25,6000
4,4,419,1,1006,49095,2,3220,1,8,2018,1,5,,1,9,2018,1,150,,0,,,3000
4,4,420,1,1296,49097,1,3180,2,,,,,,,,,,,,,,,
4,4,420,1,1296,49097,3,3180,2,,,,,,,,,,,,,,,
4,4,420,1,1296,49100,1,3170,1,8,2018,2,,,1,10,2018,1,130,,12,,100,2500
4,4,420,1,1296,49100,1,3180,1,11,2018,2,,,2,,,20,100,,2,,27,10000
4,4,420,1,1296,49100,2,3210,1,1,2018,2,,,1,1,2019,25,80,,1,,1.61500000953674,1500
4,4,420,1,1296,49100,3,2170,2,,,,,,,,,,,,,,,
4,4,420,1,1296,49100,3,3180,2,,,,,,,,,,,,,,,
4,4,420,1,1296,49100,4,3180,2,,,,,,,,,,,,,,,
4,4,420,1,1296,49100,5,3180,1,1,2018,2,,,2,,,30,100,,2,,27,15000
4,4,420,1,1296,49101,5,3210,1,1,2018,2,,,2,,,15,80,,2,,2.63000011444092,1050
4,4,420,1,1296,49102,1,2170,1,7,2018,2,,,2,,,6,110,,1,,5.1399998664856,6000
4,4,420,1,1296,49102,1,3210,1,8,2018,2,,,2,,,10,80,,1,,1.61500000953674,2000
4,4,420,1,1296,49102,2,3180,1,8,2018,2,,,2,,,10,100,,1,,25,6000
4,4,420,1,1296,49102,3,3180,1,6,2018,2,,,2,,,8,100,,1,,25,4000
4,4,420,1,1296,49103,1,3050,1,9,2018,2,,,2,,,10,80,,1,,0.5,2000
4,4,420,1,1296,49103,1,3180,1,8,2018,2,,,2,,,8,100,,1,,25,4800
4,4,420,1,1296,49103,2,2170,1,6,2018,2,,,2,,,5,110,,1,,5.1399998664856,5000
4,4,420,1,1296,49104,1,3180,1,2,2018,2,,,2,,,50,100,,1,,25,12000
4,4,420,1,1296,49104,2,3180,1,3,2018,2,,,2,,,12,100,,1,,25,7200
4,4,420,1,1296,49104,4,3180,1,3,2018,2,,,2,,,30,100,,0,,23,9000
4,4,420,1,1296,49105,1,3180,1,8,2018,2,,,2,,,10,100,,1,,25,60000
4,4,420,1,1296,49105,1,3220,2,,,,,,,,,,,,,,,
4,4,420,1,1296,49106,1,2170,1,11,2018,2,,,1,11,2018,5,110,,1,,5.1399998664856,7500
4,4,420,1,1296,49106,1,3180,1,1,2019,2,,,1,1,2019,4,100,,1,,25,4000
4,4,420,1,1296,49108,1,3180,1,12,2018,2,,,1,12,2018,6,100,,1,,25,3000
4,4,420,1,1296,49108,3,3180,1,12,2018,2,,,1,12,2018,4,100,,1,,25,2000
4,4,405,2,716,49112,3,2170,1,5,2018,1,7,,2,,,3,110,,2,,7.96500015258789,3000
4,4,405,2,716,49112,3,3160,2,,,,,,,,,,,,,,,
4,4,405,2,716,49112,3,3221,1,4,2018,2,,,1,9,2018,1,150,,1,,,5000
4,4,408,2,630,49113,2,3180,1,6,2018,2,,,2,,,8,100,,1,,25,4800
4,4,408,2,630,49114,3,2170,2,,,,,,,,,,,,,,,
4,4,419,1,1006,49124,2,3180,1,8,2018,2,,,2,,,20,100,,1,,25,6000
4,4,407,1,680,49129,3,3180,1,8,2018,2,,,2,,,15,100,,1,,25,9000
4,4,407,1,680,49136,4,3180,1,9,2018,2,,,2,,,8,100,,1,,25,5600
4,4,407,1,680,49137,2,3050,1,1,2018,2,,,2,,,50,80,,2,,0.824999988079071,5600
4,4,407,1,680,49137,3,2030,1,1,2018,2,,,1,1,2019,10,110,,2,,21.6200008392334,20000
5,6,602,2,0,60004,2,2030,2,,,,,,,,,,,,,,,
5,6,602,2,0,60004,2,2170,1,12,2018,1,2,,1,1,2019,2,110,,0,,3.50999999046326,1000
5,6,602,2,1356,60009,2,2170,1,3,2018,1,3,,2,,,120,110,,1,,5.1399998664856,108000
5,6,607,2,1892,60035,3,2170,2,,,,,,,,,,,,,,,
5,6,607,2,1892,60039,3,2170,1,10,2018,1,3,,2,,,21,110,,1,,5.1399998664856,21000
5,6,607,2,1892,60039,3,3210,2,,,,,,,,,,,,,,,
5,6,607,2,1892,60040,1,2170,1,11,2018,1,3,,2,,,12,80,,2,,0.340000003576279,16000
5,6,607,2,1892,60040,2,2170,1,12,2018,1,3,,2,,,20,80,,2,,0.340000003576279,30000
5,6,601,2,640,60041,2,3160,2,,,,,,,,,,,,,,,
5,6,601,2,640,60041,2,3220,2,,,,,,,,,,,,,,,
5,6,605,2,162,60051,1,2030,1,11,2018,2,,,1,12,2018,4,110,,1,,7.1399998664856,2800
5,6,605,2,162,60051,1,2170,1,10,2018,2,,,2,,,10,110,,1,,5.1399998664856,10000
5,6,605,2,162,60052,1,2030,1,10,2018,1,5,,1,12,2018,10,110,,2,,21.6200008392334,8000
5,6,605,2,162,60052,1,2160,1,12,2018,2,,,1,12,2018,16,80,,1,,2.73499989509583,4800
5,6,605,2,162,60052,1,2170,1,10,2018,2,,,1,12,2018,25,110,,2,,7.96500015258789,25000
5,6,605,2,162,60052,1,3050,1,9,2018,2,,,2,,,20,80,,1,,0.5,4000
5,6,605,2,162,60052,1,3090,1,9,2018,1,8,,1,11,2018,1,10,,,,,1500
5,6,605,2,162,60052,1,3160,2,,,,,,,,,,,,,,,
5,6,605,2,162,60052,1,3170,1,11,2018,1,5,,1,12,2018,2,130,,11,,50,14000
5,6,605,2,162,60052,1,3180,2,,,,,,,,,,,,,,,
5,6,605,2,162,60052,1,3210,1,10,2018,1,5,,2,,,18,80,,1,,1.61500000953674,3600
5,6,605,2,162,60052,1,3220,1,11,2018,1,7,,1,12,2018,1,140,,0,,,1200
5,6,605,2,162,60052,1,3221,1,10,2018,1,7,,1,12,2018,2,10,,,,3.81500005722046,25000
5,6,605,2,0,60057,1,2170,1,8,2018,1,7,,2,,,8,110,,1,,5.1399998664856,9600
5,6,605,2,0,60057,2,2170,1,11,2018,2,,,2,,,5,110,,1,,5.1399998664856,6000
5,6,605,2,0,60058,1,2030,1,1,2019,1,3,,2,,,7,110,,1,,7.1399998664856,10500
5,6,605,2,0,60058,1,2170,1,12,2018,1,3,,2,,,25,110,,1,,5.1399998664856,25000
5,6,605,2,162,60059,1,2160,1,9,2018,2,,,1,12,2018,5,80,,0,,1.56500005722046,750
5,6,605,2,162,60059,1,2170,2,,,,,,,,,,,,,,,
5,6,605,2,162,60059,1,3090,1,5,2018,2,,,1,12,2018,80,80,,1,,,4000
5,6,606,2,790,69026,1,2170,2,,,,,,,,,,,,,,,
5,6,606,2,790,69027,1,2170,1,8,2018,1,3,,1,1,2019,4,110,,2,,7.96500015258789,4800
5,6,606,2,790,69029,2,2170,2,,,,,,,,,,,,,,,
5,6,606,2,790,69030,2,2170,1,10,2018,1,3,,2,,,80,110,,1,,5.1399998664856,80000
5,6,606,2,790,69031,1,2170,1,11,2018,1,3,,2,,,30,110,,1,,5.1399998664856,30000
5,6,606,2,790,69033,2,2170,1,3,2018,1,11,"FLOOD",1,9,2018,70,110,,1,,5.1399998664856,70000
5,6,606,2,790,69034,1,2170,1,4,2018,1,11,"FLOOD",1,9,2018,66,110,,1,,5.1399998664856,50000
5,6,606,2,790,69034,2,2170,1,7,2018,1,11,"FLOOD",1,8,2018,18,110,,1,,5.1399998664856,16000
5,6,608,2,1288,69037,1,2170,1,11,2018,1,3,,2,,,24,110,,1,,5.1399998664856,19200
5,6,608,2,1288,69037,2,2170,2,,,,,,,,,,,,,,,
5,6,608,2,1288,69037,3,2170,1,9,2018,1,3,,1,10,2018,30,110,,1,,5.1399998664856,30000
5,6,608,2,1288,69037,4,2170,1,11,2018,1,3,,2,,,25,110,,1,,5.1399998664856,20000
5,6,608,2,1288,69037,5,2170,1,10,2018,1,3,,2,,,23,110,,1,,5.1399998664856,18400
5,6,608,2,1288,69037,8,2170,2,,,,,,,,,,,,,,,
5,6,608,2,1288,69038,1,2170,1,10,2018,1,3,,1,10,2018,30,110,,2,,7.96500015258789,30000
5,6,608,2,1288,69038,3,2170,2,,,,,,,,,,,,,,,
5,6,608,2,1288,69038,5,2170,2,,,,,,,,,,,,,,,
5,6,608,2,1288,69038,6,2170,1,10,2018,1,3,,2,,,12,110,,2,,7.96500015258789,12000
5,6,608,2,1288,69040,1,2170,2,,,,,,,,,,,,,,,
5,6,608,2,1288,69041,1,2170,1,11,2018,2,,,2,,,4,110,,1,,5.1399998664856,5100
5,6,608,2,1288,69042,2,2170,1,4,2018,1,11,"FLOOD",1,10,2018,150,110,,1,,5.1399998664856,150000
5,6,608,2,1288,69042,3,2170,1,4,2018,1,11,"FLOOD",2,,,150,110,,1,,5.1399998664856,120000
5,6,608,2,1288,69043,1,2170,1,9,2018,1,2,,1,11,2018,28,110,,1,,5.1399998664856,28000
5,6,608,2,1288,69045,3,2170,1,10,2018,1,11,"FLOOD",1,10,2018,32,110,,1,,5.1399998664856,25600
5,6,608,2,1288,69046,1,2170,1,3,2018,1,2,,2,,,15,110,,1,,5.1399998664856,7500
5,6,608,2,1288,69046,2,2170,1,4,2018,1,2,,1,12,2018,20,110,,1,,5.1399998664856,10000
5,6,608,2,1288,69048,1,2170,2,,,,,,,,,,,,,,,
5,6,608,2,1288,69048,2,2170,1,3,2018,2,,,2,,,7,80,,1,,0.230000004172325,3500
5,6,608,2,1288,69048,4,2170,2,,,,,,,,,,,,,,,
5,6,608,2,1288,69048,6,2170,2,,,,,,,,,,,,,,,
1,7,715,2,780,70133,3,3020,1,8,2018,2,,,2,,,4,130,,11,,50,24000
1,7,715,2,780,70133,4,2170,1,8,2018,2,,,2,,,50,110,,1,,5.1399998664856,10000
1,7,715,2,780,70134,5,2170,1,10,2018,2,,,2,,,8,110,,1,,5.1399998664856,6800
1,7,715,2,780,70135,2,2170,1,11,2018,2,,,2,,,6,110,,1,,5.1399998664856,5400
1,7,715,2,780,70137,1,3020,1,1,2019,2,,,2,,,20,11,,,,,1600
1,7,715,2,780,70140,3,2170,1,6,2018,2,,,1,1,2019,72,110,,1,,5.1399998664856,56600
1,7,701,2,104,79007,1,2170,1,6,2018,2,,,2,,,120,100,,1,,1.05999994277954,40000
1,7,705,1,3834,79038,5,3170,2,,,,,,,,,,,,,,,
1,7,705,1,3834,79039,5,3170,1,11,2018,1,5,,1,12,2018,50,130,,12,,100,50000
1,7,716,2,458,79062,1,2170,1,10,2018,2,,,2,,,80,100,,1,,1.05999994277954,36000
1,7,716,2,458,79068,2,3180,1,8,2018,2,,,2,,,40,100,,1,,25,30000
5,9,901,2,0,90043,1,2170,2,,,,,,,,,,,,,,,
5,9,901,2,0,90043,1,3040,2,,,,,,,,,,,,,,,
5,9,901,2,0,90043,1,3180,2,,,,,,,,,,,,,,,
5,9,918,2,834,90092,3,3180,2,,,,,,,,,,,,,,,
5,9,905,2,2128,99003,1,3180,2,,,,,,,,,,,,,,,
5,9,905,2,2128,99003,2,3040,2,,,,,,,,,,,,,,,
5,9,910,2,370,99037,1,3040,1,9,2018,2,,,1,11,2018,3,130,,12,2,100,105000
5,9,910,2,370,99040,4,3040,1,9,2018,1,8,,1,10,2018,845,130,,10,2,25,140000
5,9,910,2,370,99041,1,2030,1,9,2018,2,,,1,1,2019,30,110,,1,,7.1399998664856,20000
5,9,910,2,370,99041,1,2170,1,9,2018,2,,,1,1,2019,17,110,,1,,5.1399998664856,10000
5,9,910,2,370,99043,2,3040,1,9,2018,1,5,,1,12,2018,18,130,,12,2,100,630000
5,9,910,2,370,99043,3,3180,1,9,2018,2,,,1,1,2019,250,100,,1,,25,100000
5,9,910,2,370,99043,5,2030,1,9,2018,2,,,2,,,15,110,,1,,7.1399998664856,4000
5,9,910,2,370,99043,5,2170,1,9,2018,2,,,2,,,12,110,,1,,5.1399998664856,15000
5,9,910,2,370,99043,5,3040,1,11,2018,1,5,,1,1,2019,12,130,,12,2,100,420000
5,9,910,2,370,99043,5,3190,1,11,2018,2,,,2,,,15,150,,2,,,150000
5,9,910,2,730,99051,2,2030,2,,,,,,,,,,,,,,,
5,9,910,2,730,99052,2,2030,1,1,2018,2,,,1,12,2018,30,110,,1,,7.1399998664856,9000
5,9,910,2,730,99052,2,2170,1,3,2018,2,,,1,12,2018,12,110,,1,,5.1399998664856,4800
5,9,910,2,730,99052,2,3040,1,10,2018,2,,,1,12,2018,7,130,,12,2,100,245000
5,9,910,2,730,99053,2,2030,1,9,2018,2,,,2,,,50,110,,1,,7.1399998664856,25000
5,9,910,2,730,99053,2,2170,1,9,2018,2,,,2,,,60,110,,2,,7.96500015258789,40000
5,9,910,2,730,99053,2,3040,1,10,2018,1,11,"OVER HEAT",1,11,2018,4,130,,11,2,50,140000
5,9,910,2,730,99053,2,3170,2,,,,,,,,,,,,,,,
5,9,910,2,730,99053,2,3220,1,8,2018,2,,,1,9,2018,1,130,,11,,50,3500
5,9,910,2,730,99053,2,3221,1,8,2018,2,,,1,9,2018,1,150,,2,,,4000
5,9,910,2,730,99057,1,2170,2,,,,,,,,,,,,,,,
5,9,910,2,730,99057,2,2170,2,,,,,,,,,,,,,,,
5,9,910,2,730,99057,3,2170,2,,,,,,,,,,,,,,,
5,9,910,2,730,99057,3,3040,2,,,,,,,,,,,,,,,
5,9,910,2,730,99058,3,2170,1,9,2018,2,,,2,,,15,110,,1,,5.1399998664856,7500
5,9,910,2,730,99059,1,2030,1,11,2018,1,8,,2,,,45,110,,1,,7.1399998664856,12000
5,9,910,2,730,99059,1,3040,2,,,,,,,,,,,,,,,
5,9,910,2,730,99059,2,2030,2,,,,,,,,,,,,,,,
5,9,917,2,2282,99075,2,2170,2,,,,,,,,,,,,,,,
5,9,910,2,730,99094,3,2170,2,,,,,,,,,,,,,,,
5,10,1018,1,634,100120,2,2170,1,8,2018,1,7,,1,11,2018,10,110,,1,,5.1399998664856,9000
5,10,1002,1,114,109005,2,2160,2,,,,,,,,,,,,,,,
5,10,1006,2,474,109020,1,2170,2,,,,,,,,,,,,,,,
5,10,1007,1,1026,109040,2,2170,2,,,,,,,,,,,,,,,
5,10,1012,2,428,109049,1,3180,2,,,,,,,,,,,,,,,
5,10,1012,2,428,109055,1,3180,2,,,,,,,,,,,,,,,
5,10,1012,2,1106,109068,1,2170,2,,,,,,,,,,,,,,,
5,10,1013,2,88,109083,1,2170,2,,,,,,,,,,,,,,,
5,10,1013,2,410,109088,2,2160,1,11,2018,1,7,,2,,,1,170,,,,,2000
5,10,1013,2,410,109088,2,2170,1,11,2018,2,,,2,,,10,110,,1,,5.1399998664856,12000
5,10,1013,2,410,109095,1,2170,1,1,2018,2,,,2,,,22,110,,1,,5.1399998664856,17600
5,10,1013,2,1054,109108,1,2170,1,12,2018,2,,,2,,,10,110,,1,,5.1399998664856,8000
5,10,1013,2,1054,109108,2,2170,1,11,2018,2,,,2,,,15,110,,1,,5.1399998664856,12000
5,10,1013,2,410,109169,2,2170,1,10,2018,2,,,2,,,10,110,,1,,5.1399998664856,5000
4,11,1104,2,434,110082,1,3160,1,3,2018,1,5,,1,7,2018,10,10,,,,5.30999994277954,8000
4,11,1104,2,434,110082,1,3180,1,2,2018,2,,,1,6,2018,30,100,,1,,25,18000
4,11,1104,2,434,110082,2,3160,2,,,,,,,,,,,,,,,
4,11,1104,2,434,110082,2,3180,2,,,,,,,,,,,,,,,
4,11,1104,2,434,110089,3,3190,1,9,2018,1,6,,1,10,2018,1,11,,,,,3000
4,11,1104,2,434,110090,1,3190,2,,,,,,,,,,,,,,,
5,12,1211,1,2856,120001,2,2170,1,11,2018,2,,,2,,,15,110,,1,,5.1399998664856,10000
5,12,1208,2,526,120041,2,2170,1,9,2018,1,2,,1,1,2019,15,110,,2,,7.96500015258789,7500
5,12,1208,2,526,120042,1,2170,1,10,2018,1,7,,2,,,10,110,,2,,7.96500015258789,5000
5,12,1208,2,526,120045,2,3040,1,4,2018,2,,,2,,,1,130,,11,2,50,35000
5,12,1208,2,526,120046,1,3020,1,3,2018,2,,,1,3,2018,4,70,,1,,,12000
5,12,1208,2,526,120047,1,2170,1,12,2018,2,,,2,,,5,110,,0,,3.50999999046326,2500
5,12,1214,2,452,120093,3,2170,2,,,,,,,,,,,,,,,
5,12,1214,2,452,120100,1,2170,1,10,2018,2,,,1,1,2019,30,110,,2,,7.96500015258789,30000
5,12,1201,2,320,129002,1,2170,1,8,2018,2,,,2,,,40,110,,1,,5.1399998664856,22000
5,12,1201,2,320,129002,1,3170,1,9,2018,2,,,2,,,10,130,,11,,50,8000
5,12,1201,2,320,129002,1,3221,1,10,2018,2,,,1,10,2018,7,130,,11,,50,5600
5,12,1201,2,320,129003,1,3040,1,1,2018,1,6,,2,,,1,130,,11,2,50,31000
5,12,1201,2,320,129003,2,3040,2,,,,,,,,,,,,,,,
5,12,1201,2,320,129006,2,3040,1,1,2018,1,5,,1,3,2018,1,130,,11,2,50,31500
5,12,1203,1,334,129014,1,3210,1,1,2019,1,8,,2,,,15,80,,1,,1.61500000953674,1500
5,12,1203,1,334,129023,2,3210,1,9,2018,1,5,,1,10,2018,3,90,,2,,11.3050003051758,69000
5,12,1207,1,144,129025,1,3020,2,,,,,,,,,,,,,,,
5,12,1207,1,144,129025,2,3020,2,,,,,,,,,,,,,,,
5,12,1207,1,144,129028,4,3020,2,,,,,,,,,,,,,,,
5,12,1207,1,144,129034,2,3020,2,,,,,,,,,,,,,,,
5,12,1208,2,76,129039,1,3040,1,4,2018,1,2,,2,,,5,130,,11,2,50,157500
5,12,1208,2,76,129043,2,3040,1,3,2018,1,4,,1,5,2018,1,130,,10,1,25,4000
5,12,1208,2,76,129043,3,3170,1,10,2018,1,4,,1,11,2018,1,130,,11,,50,1500
5,12,1208,2,76,129044,1,3040,1,12,2018,2,,,2,,,2,130,,12,2,100,70000
5,12,1208,2,76,129044,5,3190,2,,,,,,,,,,,,,,,
5,12,1209,1,226,129072,2,3190,1,10,2018,2,,,1,10,2018,10,11,,,,,30000
5,12,1212,1,2598,129117,1,3180,2,,,,,,,,,,,,,,,
5,12,1215,2,810,129122,2,2170,1,8,2018,2,,,1,12,2018,5,110,,2,,7.96500015258789,1400
5,12,1216,1,694,129136,2,3020,2,,,,,,,,,,,,,,,
5,12,1216,1,694,129136,3,3180,1,7,2018,2,,,2,,,180,100,,1,,25,45000
5,12,1218,1,196,129145,4,2170,1,11,2018,2,,,1,12,2018,300,110,,1,,5.1399998664856,150000
5,12,1218,1,196,129154,1,2170,1,11,2018,2,,,1,12,2018,200,110,,1,,5.1399998664856,100000
6,13,1307,1,268,130025,2,3040,1,8,2018,1,1,,2,,,20,130,,11,2,50,600000
6,13,1307,1,268,130025,5,2170,1,6,2018,2,,,2,,,25,110,,1,,5.1399998664856,20000
6,13,1303,1,626,130033,2,2030,2,,,,,,,,,,,,,,,
6,13,1303,1,626,130033,2,3210,1,12,2018,2,,,2,,,5,80,,0,,1.12000000476837,250
6,13,1303,1,626,130034,1,3040,1,12,2018,2,,,2,,,3,130,,11,2,50,82500
6,13,1309,2,674,130051,1,2170,1,1,2018,2,,,2,,,300,110,,1,,5.1399998664856,270000
6,13,1309,2,674,130051,1,3040,1,9,2018,2,,,2,,,350,1,,,2,1,227500
6,13,1309,2,674,130052,1,3040,1,11,2018,2,,,2,,,5,130,,11,2,50,50000
6,13,1309,2,674,130052,2,3040,1,12,2018,2,,,2,,,3,130,,11,2,50,25000
6,13,1309,2,0,130053,1,2170,1,5,2018,2,,,2,,,45,110,,1,,5.1399998664856,22500
6,13,1309,2,0,130053,1,3040,1,10,2018,2,,,1,12,2018,150,1,,,2,1,90000
6,13,1309,2,674,130054,1,3040,1,11,2018,1,5,,2,,,9,130,,12,2,100,550000
6,13,1309,2,674,130055,1,2170,1,1,2018,2,,,2,,,400,110,,1,,5.1399998664856,600000
6,13,1309,2,674,130055,1,3040,1,5,2018,2,,,2,,,300,1,,,2,1,180000
6,13,1309,2,674,130056,1,3040,1,8,2018,1,9,,2,,,15,130,,10,2,25,225000
6,13,1309,2,674,130056,1,3110,1,7,2018,1,9,,1,11,2018,20,140,,1,2,6.50299978256226,45000
6,13,1309,2,674,130056,1,3170,1,9,2018,1,9,,2,,,19,130,,10,,25,28000
6,13,1309,2,674,130057,3,2170,1,9,2018,1,2,,2,,,30,100,,1,,1.05999994277954,30000
6,13,1309,2,674,130057,3,3040,1,8,2018,1,8,,2,,,8,130,,12,2,100,480000
6,13,1309,1,0,130059,1,2170,2,,,,,,,,,,,,,,,
6,13,1309,1,0,130059,1,3040,1,9,2018,2,,,2,,,3,130,,11,2,50,97500
6,13,1309,2,674,130060,1,2170,1,10,2018,1,1,,1,12,2018,30,110,,1,,5.1399998664856,25000
6,13,1309,2,674,130060,1,3040,1,11,2018,2,,,2,,,3,130,,11,2,50,25000
6,13,1309,2,674,130060,1,3110,2,,,,,,,,,,,,,,,
6,13,1309,2,674,130060,1,3170,1,10,2018,2,,,2,,,12,140,,1,,9.58500003814697,10000
6,13,1303,1,80,139020,1,2170,1,1,2018,2,,,2,,,20,110,,1,,5.1399998664856,8000
6,13,1303,1,80,139021,2,2160,2,,,,,,,,,,,,,,,
6,13,1303,1,80,139021,2,3020,2,,,,,,,,,,,,,,,
6,13,1306,1,342,139038,3,3040,1,11,2018,1,2,,2,,,1,130,,11,2,50,26000
6,13,1306,1,342,139043,1,3040,1,11,2018,1,2,,2,,,3,130,,11,2,50,78000
6,13,1306,1,342,139046,1,2170,1,11,2018,2,,,2,,,35,110,,1,,5.1399998664856,21000
6,13,1306,1,342,139046,1,3040,1,10,2018,1,1,,2,,,4,130,,11,2,50,120000
6,13,1307,1,1002,139048,1,2170,2,,,,,,,,,,,,,,,
6,13,1307,1,1178,139068,1,3040,1,9,2018,1,1,,2,,,4,130,,11,2,50,100000
6,13,1308,1,842,139082,1,2170,1,11,2018,2,,,2,,,12,100,,2,,2.09999990463257,15000
6,13,1312,1,24,139098,3,2170,1,8,2018,2,,,1,12,2018,400,110,,2,,7.96500015258789,700000
6,13,1312,1,24,139102,1,3020,2,,,,,,,,,,,,,,,
6,13,1316,1,1236,139119,3,3040,1,7,2018,1,8,,1,11,2018,1,130,,12,2,100,60000
6,13,1310,1,762,139150,3,3040,1,9,2018,2,,,1,12,2018,100,1,,,2,1,55000
6,13,1310,1,762,139152,2,2170,1,12,2018,2,,,2,,,6,100,,2,,2.09999990463257,4000
6,13,1310,1,762,139153,2,3040,1,8,2018,2,,,1,11,2018,1,130,,10,2,25,15000
4,14,1401,2,1116,140004,2,3180,1,1,2019,2,,,2,,,10,100,,2,,27,10000
4,14,1401,2,1116,140010,1,2170,1,7,2018,2,,,1,12,2018,3,110,,1,,5.1399998664856,4500
4,14,1408,2,1996,140026,1,2030,1,10,2018,2,,,1,11,2018,15,110,,1,,7.1399998664856,35000
4,14,1408,2,1996,140026,2,2030,1,12,2018,2,,,1,12,2018,6,110,,1,,7.1399998664856,15000
4,14,1408,2,1996,140026,2,3190,1,12,2018,1,5,,1,12,2018,3,150,,1,,,6000
4,14,1408,2,1996,140027,1,3110,2,,,,,,,,,,,,,,,
4,14,1406,2,694,140065,2,2170,1,1,2019,2,,,2,,,4,110,,1,,5.1399998664856,6000
4,14,1406,2,694,140065,4,2170,2,,,,,,,,,,,,,,,
4,14,1406,2,694,140065,4,3180,1,1,2019,2,,,2,,,4,100,,1,,25,1500
4,14,1406,2,694,140066,1,2170,2,,,,,,,,,,,,,,,
4,14,1406,2,694,140067,1,2170,2,,,,,,,,,,,,,,,
4,14,1406,2,694,140067,2,3180,1,11,2018,2,,,2,,,10,100,,2,,27,15000
4,14,1410,2,236,140084,4,3180,2,,,,,,,,,,,,,,,
4,14,1416,2,2314,140121,1,3180,1,1,2019,2,,,2,,,10,11,,,,,3000
4,14,1416,2,2314,140122,1,3180,1,12,2018,2,,,2,,,4,130,,10,,25,6500
4,14,1416,2,2314,140126,2,2170,2,,,,,,,,,,,,,,,
4,14,1416,2,2314,140126,2,3180,1,1,2019,2,,,2,,,5,11,,,,,1500
4,14,1416,2,2314,140129,1,3180,1,7,2018,2,,,2,,,10,130,,10,,25,25000
4,14,1401,2,386,149011,1,2030,2,,,,,,,,,,,,,,,
4,14,1401,2,386,149011,1,2170,2,,,,,,,,,,,,,,,
4,14,1401,2,386,149011,1,3160,2,,,,,,,,,,,,,,,
4,14,1401,2,386,149012,1,2170,2,,,,,,,,,,,,,,,
4,14,1401,2,386,149012,1,3190,2,,,,,,,,,,,,,,,
4,14,1401,2,746,149013,3,3180,1,1,2019,2,,,2,,,5,100,,1,,25,1800
4,14,1401,2,746,149017,2,3180,2,,,,,,,,,,,,,,,
4,14,1401,2,746,149017,4,3180,2,,,,,,,,,,,,,,,
4,14,1401,2,746,149022,1,3180,1,1,2019,2,,,1,1,2019,35,100,,2,,27,27500
4,14,1401,2,746,149023,3,3180,1,12,2018,2,,,2,,,25,100,,2,,27,10000
4,14,1402,2,1686,149033,1,2160,2,,,,,,,,,,,,,,,
4,14,1405,1,846,149076,1,3180,1,8,2018,1,10,,2,,,20,100,,0,,23,6000
4,14,1406,2,1002,149090,2,2170,1,12,2018,2,,,2,,,5,110,,2,,7.96500015258789,10000
4,14,1406,2,1002,149091,1,2170,2,,,,,,,,,,,,,,,
4,14,1406,2,1002,149091,1,3050,2,,,,,,,,,,,,,,,
4,14,1406,2,1002,149096,2,2170,1,10,2018,2,,,1,11,2018,8,110,,1,,5.1399998664856,8000
4,14,1406,2,1002,149096,3,2170,1,8,2018,2,,,2,,,7,110,,1,,5.1399998664856,10500
4,14,1411,2,1414,149110,1,3180,1,1,2019,2,,,2,,,5,100,,1,,25,1500
4,14,1417,2,36,149143,6,2170,1,12,2018,2,,,1,1,2019,5,110,,2,,7.96500015258789,6000
4,16,1626,2,1546,160008,1,2170,1,2,2018,2,,,2,,,6,110,,2,,7.96500015258789,6000
4,16,1620,2,0,160010,3,2170,2,,,,,,,,,,,,,,,
4,16,1622,1,136,160017,1,2170,1,5,2018,2,,,2,,,3,100,,2,,2.09999990463257,4500
4,16,1622,1,136,160017,1,3050,1,2,2018,2,,,2,,,15,80,,0,,0.310000002384186,1500
4,16,1622,1,136,160017,1,3160,2,,,,,,,,,,,,,,,
4,16,1622,1,136,160017,1,3170,1,11,2018,2,,,1,12,2018,3,130,,10,,25,2100
4,16,1622,1,136,160017,1,3180,1,3,2018,2,,,2,,,12,100,,1,,25,1200
4,16,1622,1,136,160017,2,3180,2,,,,,,,,,,,,,,,
4,16,1622,1,136,160017,2,3220,1,5,2018,2,,,1,6,2018,1,140,,0,,,300
4,16,1622,1,136,160017,4,2170,1,5,2018,2,,,2,,,2,100,,2,,2.09999990463257,1500
4,16,1622,1,136,160018,1,3180,1,5,2018,2,,,2,,,5,100,,1,,25,1000
4,16,1622,1,136,160018,2,3180,1,9,2018,2,,,2,,,4,100,,1,,25,800
4,16,1622,1,136,160019,1,3210,1,1,2018,2,,,2,,,20,80,,2,,2.63000011444092,2000
4,16,1622,1,136,160019,2,3180,1,1,2018,2,,,2,,,18,100,,1,,25,3000
4,16,1622,1,136,160019,3,2170,1,1,2018,2,,,2,,,4,100,,2,,2.09999990463257,6000
4,16,1622,1,136,160019,3,3220,2,,,,,,,,,,,,,,,
4,16,1622,1,136,160024,1,3180,1,7,2018,2,,,2,,,8,100,,0,,23,1600
4,16,1613,2,440,160051,1,2030,2,,,,,,,,,,,,,,,
4,16,1613,2,440,160051,1,2160,1,8,2018,2,,,2,,,3,80,,1,,2.73499989509583,500
4,16,1613,2,440,160051,1,3050,2,,,,,,,,,,,,,,,
4,16,1613,2,440,160051,1,3170,2,,,,,,,,,,,,,,,
4,16,1613,2,440,160051,1,3180,2,,,,,,,,,,,,,,,
4,16,1613,2,440,160051,1,3200,1,4,2018,2,,,1,6,2018,6,11,,,,,9000
4,16,1613,2,440,160055,1,2170,1,8,2018,2,,,2,,,5,110,,1,,5.1399998664856,3500
4,16,1613,2,440,160055,3,3180,1,3,2018,2,,,2,,,12,100,,0,,23,2200
4,16,1613,2,440,160056,1,3050,1,9,2018,2,,,1,10,2018,4,80,,1,,0.5,200
4,16,1613,2,440,160056,2,2030,1,11,2018,2,,,1,11,2018,2,110,,1,,7.1399998664856,1400
4,16,1613,2,440,160056,2,3050,2,,,,,,,,,,,,,,,
4,16,1613,2,440,160057,1,2030,1,10,2018,2,,,2,,,2,110,,2,,21.6200008392334,5000
4,16,1613,2,440,160057,1,2170,2,,,,,,,,,,,,,,,
4,16,1613,2,440,160057,1,3110,1,2,2018,2,,,1,4,2018,1,140,,0,1,3.08500003814697,1000
4,16,1613,2,440,160057,1,3210,1,12,2018,1,5,,2,,,15,80,,1,,1.61500000953674,1000
4,16,1613,2,440,160058,1,3110,1,7,2018,2,,,1,9,2018,1,140,,1,1,6.50299978256226,6000
4,16,1613,2,440,160058,2,3180,1,8,2018,2,,,2,,,15,100,,1,,25,3000
4,16,1613,2,440,160058,2,3200,2,,,,,,,,,,,,,,,
4,16,1613,2,440,160058,3,2030,1,7,2018,2,,,2,,,3,110,,1,,7.1399998664856,3500
4,16,1613,2,440,160058,3,2170,1,9,2018,2,,,1,11,2018,2,110,,1,,5.1399998664856,3900
4,16,1613,2,440,160058,3,3050,1,8,2018,2,,,2,,,12,80,,1,,0.5,900
4,16,1613,2,440,160058,3,3090,1,7,2018,2,,,1,11,2018,1,90,,0,,,300
4,16,1613,2,440,160058,3,3170,2,,,,,,,,,,,,,,,
4,16,1613,2,440,160058,3,3180,2,,,,,,,,,,,,,,,
4,16,1613,2,440,160058,3,3210,1,7,2018,2,,,1,12,2018,10,80,,1,,1.61500000953674,700
4,16,1613,2,440,160059,1,2030,1,3,2018,2,,,1,8,2018,4,110,,0,,5.07000017166138,2500
4,16,1613,2,440,160060,1,2030,1,8,2018,2,,,2,,,4,110,,1,,7.1399998664856,2300
4,16,1605,2,180,160144,2,2170,2,,,,,,,,,,,,,,,
4,16,1605,2,180,160144,2,3180,2,,,,,,,,,,,,,,,
4,16,1605,2,180,160144,3,2170,2,,,,,,,,,,,,,,,
4,16,1605,2,180,160144,3,3180,2,,,,,,,,,,,,,,,
4,16,1605,2,180,160144,4,3180,2,,,,,,,,,,,,,,,
4,16,1605,2,180,160144,4,3220,2,,,,,,,,,,,,,,,
4,16,1605,2,180,160144,5,2170,2,,,,,,,,,,,,,,,
4,16,1605,2,180,160144,5,3180,2,,,,,,,,,,,,,,,
4,16,1605,2,180,160146,1,2170,1,10,2018,2,,,1,1,2019,3,110,,1,,5.1399998664856,2500
4,16,1605,2,180,160146,1,3180,1,8,2018,2,,,1,12,2018,3,100,,1,,25,2000
4,16,1605,2,180,160146,2,2170,1,9,2018,2,,,1,12,2018,5,110,,1,,5.1399998664856,5000
4,16,1605,2,180,160147,3,3180,2,,,,,,,,,,,,,,,
4,16,1605,2,180,160150,1,2170,1,8,2018,2,,,2,,,2,110,,1,,5.1399998664856,1800
4,16,1605,2,180,160150,1,3180,1,1,2018,2,,,1,12,2018,20,100,,1,,25,12000
4,16,1605,2,180,160150,7,2030,1,11,2018,2,,,2,,,2,110,,1,,7.1399998664856,2500
4,16,1605,2,180,160150,7,2170,1,9,2018,2,,,2,,,1,110,,1,,5.1399998664856,1000
4,16,1605,2,180,160151,7,2030,1,2,2018,1,11,"WIND",2,,,8,110,,1,,7.1399998664856,6400
4,16,1605,2,180,160151,7,3220,1,5,2018,2,,,2,,,3,140,,1,,,1500
4,16,1605,2,180,160153,1,2030,1,1,2019,2,,,2,,,1,110,,1,,7.1399998664856,800
4,16,1605,2,180,160153,3,2030,1,1,2019,2,,,2,,,1,110,,1,,7.1399998664856,800
4,16,1605,2,180,160153,3,2170,1,12,2018,2,,,2,,,1,100,,1,,1.05999994277954,1450
4,16,1605,2,180,160153,3,3180,1,11,2018,2,,,2,,,2,100,,1,,25,2700
4,16,1601,2,2484,169001,1,3180,1,8,2018,2,,,2,,,2,100,,1,,25,500
4,16,1601,2,2484,169002,1,3180,1,7,2018,2,,,2,,,2,100,,1,,25,500
4,16,1601,2,2484,169002,2,2170,1,6,2018,2,,,2,,,1,100,,2,,2.09999990463257,2000
4,16,1601,2,2484,169003,2,3180,1,6,2018,2,,,2,,,2,100,,1,,25,500
4,16,1602,2,234,169014,1,3180,1,12,2018,2,,,2,,,9,100,,1,,25,9000
4,16,1602,2,234,169014,2,3180,1,12,2018,2,,,2,,,20,100,,1,,25,20000
4,16,1602,2,234,169016,1,3180,2,,,,,,,,,,,,,,,
4,16,1602,2,234,169018,2,3180,1,10,2018,2,,,1,10,2018,3,100,,1,,25,2000
4,16,1602,2,234,169021,2,3180,1,1,2018,2,,,2,,,14,100,,2,,27,10000
4,16,1602,2,234,169022,1,2030,2,,,,,,,,,,,,,,,
4,16,1602,2,234,169022,1,2160,1,12,2018,2,,,2,,,5,80,,1,,2.73499989509583,1750
4,16,1602,2,234,169022,1,2170,1,5,2018,2,,,2,,,8,110,,2,,7.96500015258789,9600
4,16,1602,2,234,169022,2,3050,1,1,2019,2,,,2,,,20,80,,1,,0.5,2400
4,16,1602,2,234,169022,2,3110,1,10,2018,2,,,2,,,3,10,,,1,,1500
4,16,1602,2,234,169022,2,3180,1,2,2018,2,,,2,,,55,100,,1,,25,24750
4,16,1602,2,234,169022,2,3220,1,7,2018,2,,,1,8,2018,4,140,,1,,,10000
4,16,1602,2,234,169022,3,3180,1,3,2018,2,,,2,,,48,100,,1,,25,19200
4,16,1602,2,234,169024,1,3180,1,3,2018,2,,,2,,,20,100,,1,,25,7000
4,16,1602,2,234,169024,4,2030,1,6,2018,2,,,2,,,6,110,,1,,7.1399998664856,4800
4,16,1602,2,234,169024,4,2170,1,8,2018,2,,,2,,,4,110,,2,,7.96500015258789,4000
4,16,1607,2,574,169027,1,2170,1,5,2018,1,2,,2,,,2,100,,2,,2.09999990463257,3000
4,16,1607,2,574,169027,2,3180,1,4,2018,2,,,2,,,3,100,,1,,25,600
4,16,1607,2,574,169028,1,3180,1,11,2018,2,,,2,,,4,100,,2,,27,1000
4,16,1607,2,574,169028,2,2170,1,10,2018,2,,,2,,,1,100,,2,,2.09999990463257,1500
4,16,1607,2,574,169028,2,3180,1,10,2018,2,,,2,,,8,100,,2,,27,2000
4,16,1607,2,574,169030,1,2170,1,11,2018,2,,,2,,,1,110,,1,,5.1399998664856,900
4,16,1607,2,574,169030,2,3180,1,9,2018,2,,,2,,,4,100,,1,,25,2000
4,16,1607,2,574,169030,3,2170,1,8,2018,2,,,2,,,2,110,,1,,5.1399998664856,1500
4,16,1607,2,574,169033,1,2030,1,10,2018,2,,,2,,,3,110,,1,,7.1399998664856,2200
4,16,1607,2,574,169033,1,2160,1,12,2018,2,,,1,12,2018,3,80,,1,,2.73499989509583,1200
4,16,1607,2,574,169033,1,2170,1,11,2018,2,,,2,,,5,110,,2,,7.96500015258789,4000
4,16,1607,2,574,169033,1,3180,1,10,2018,2,,,2,,,7,100,,1,,25,3000
4,16,1607,2,574,169033,2,2170,2,,,,,,,,,,,,,,,
4,16,1607,2,574,169033,2,3180,1,11,2018,2,,,2,,,6,100,,1,,25,2600
4,16,1607,2,574,169033,3,3180,1,12,2018,2,,,1,12,2018,8,100,,1,,25,3200
4,16,1607,2,574,169035,4,3180,1,1,2019,2,,,2,,,2,100,,0,,23,600
4,16,1608,2,1480,169038,2,3180,1,8,2018,2,,,2,,,3,100,,1,,25,900
4,16,1608,2,1480,169040,1,2170,1,7,2018,1,2,,2,,,2,100,,2,,2.09999990463257,3000
4,16,1610,2,66,169050,5,2170,1,11,2018,2,,,2,,,3,100,,2,,2.09999990463257,4500
4,16,1610,2,66,169051,1,2030,1,8,2018,2,,,2,,,8,110,,1,,7.1399998664856,8500
4,16,1610,2,66,169051,1,2170,1,9,2018,2,,,2,,,5,110,,1,,5.1399998664856,4500
4,16,1610,2,66,169056,1,2030,1,11,2018,2,,,2,,,6,110,,1,,7.1399998664856,3000
4,16,1610,2,66,169056,1,2160,1,11,2018,2,,,2,,,4,170,,,,,6000
4,16,1610,2,66,169056,1,2170,1,8,2018,2,,,2,,,30,110,,1,,5.1399998664856,45000
4,16,1610,2,66,169056,1,3090,1,7,2018,2,,,1,7,2018,1,150,,0,,,1000
4,16,1610,2,66,169056,1,3170,1,8,2018,2,,,1,9,2018,1,130,,11,,50,4000
4,16,1610,2,66,169056,1,3210,1,7,2018,2,,,2,,,25,80,,1,,1.61500000953674,1500
4,16,1610,2,66,169056,1,3220,2,,,,,,,,,,,,,,,
4,16,1610,2,66,169056,2,2160,2,,,,,,,,,,,,,,,
4,16,1610,2,66,169056,2,2170,2,,,,,,,,,,,,,,,
4,16,1610,2,66,169056,2,3170,2,,,,,,,,,,,,,,,
4,16,1610,2,66,169056,2,3180,1,1,2018,2,,,2,,,10,11,,,,,20000
4,16,1610,2,66,169057,1,3160,2,,,,,,,,,,,,,,,
4,16,1610,2,66,169057,2,3180,2,,,,,,,,,,,,,,,
4,16,1610,2,66,169058,5,2030,1,9,2018,2,,,2,,,5,110,,1,,7.1399998664856,4500
4,16,1610,2,66,169058,5,2170,1,12,2018,2,,,2,,,5,110,,1,,5.1399998664856,8500
4,16,1610,2,66,169059,1,3050,1,11,2018,2,,,2,,,20,80,,1,,0.5,2000
4,16,1610,2,490,169061,2,3180,1,7,2018,2,,,2,,,25,100,,1,,25,4000
4,16,1610,2,490,169065,3,3180,1,3,2018,2,,,1,11,2018,13,100,,1,,25,10000
4,16,1610,2,490,169071,1,3180,2,,,,,,,,,,,,,,,
4,16,1610,2,490,169071,3,3180,1,6,2018,2,,,2,,,8,100,,1,,25,1400
4,16,1610,2,490,169072,1,3180,1,9,2018,2,,,2,,,4,100,,1,,25,800
4,16,1610,2,490,169072,3,3180,1,9,2018,2,,,2,,,3,100,,1,,25,600
4,16,1610,2,776,169075,1,2170,1,5,2018,2,,,2,,,8,110,,2,,7.96500015258789,12000
4,16,1610,2,776,169075,1,3210,1,4,2018,1,8,,2,,,15,80,,0,,1.12000000476837,1500
4,16,1610,2,776,169076,1,3180,1,4,2018,2,,,1,12,2018,9,100,,1,,25,6000
4,16,1610,2,776,169076,2,2170,1,12,2018,1,7,,1,12,2018,14,110,,2,,7.96500015258789,13000
4,16,1610,2,776,169076,2,3220,2,,,,,,,,,,,,,,,
4,16,1610,2,776,169076,3,2170,1,8,2018,1,7,,1,11,2018,10,110,,1,,5.1399998664856,8000
4,16,1610,2,776,169076,3,3220,2,,,,,,,,,,,,,,,
4,16,1610,2,776,169076,4,2170,1,9,2018,1,7,,2,,,5,110,,2,,7.96500015258789,8000
4,16,1610,2,776,169076,4,3050,1,5,2018,2,,,2,,,20,80,,1,,0.5,3000
4,16,1610,2,776,169076,4,3170,1,9,2018,1,8,,1,11,2018,1,130,,11,,50,7000
4,16,1610,2,776,169076,4,3180,1,8,2018,1,6,,1,10,2018,13,100,,1,,25,9000
4,16,1610,2,776,169076,4,3220,2,,,,,,,,,,,,,,,
4,16,1610,2,776,169076,8,3180,1,10,2018,1,6,,1,12,2018,10,100,,1,,25,10000
4,16,1610,2,776,169077,3,3180,1,9,2018,1,6,,1,11,2018,15,100,,1,,25,8000
4,16,1610,2,776,169080,1,2030,1,2,2018,2,,,2,,,8,110,,1,,7.1399998664856,5000
4,16,1610,2,776,169080,1,2170,1,6,2018,2,,,2,,,15,110,,1,,5.1399998664856,12000
4,16,1611,2,1878,169089,1,3210,1,7,2018,1,6,,1,12,2018,10,80,,1,,1.61500000953674,1800
4,16,1611,2,1878,169089,4,3180,2,,,,,,,,,,,,,,,
4,16,1611,2,1878,169092,1,2170,1,9,2018,1,2,,1,12,2018,4,110,,1,,5.1399998664856,3500
4,16,1611,2,1878,169092,2,2170,1,10,2018,2,,,1,11,2018,3,110,,1,,5.1399998664856,2600
4,16,1611,2,1878,169092,2,3050,2,,,,,,,,,,,,,,,
4,16,1611,2,1878,169095,1,3180,2,,,,,,,,,,,,,,,
4,16,1611,2,1878,169096,1,3180,1,3,2018,2,,,2,,,25,100,,1,,25,8750
4,16,1615,2,220,169099,3,3180,1,8,2018,2,,,2,,,7,100,,1,,25,4000
4,16,1615,2,220,169099,4,3180,1,11,2018,1,6,,1,11,2018,3,100,,1,,25,2000
4,16,1615,2,220,169099,5,3180,1,11,2018,2,,,1,11,2018,2,100,,1,,25,1500
4,16,1615,2,220,169103,3,3180,1,2,2018,2,,,2,,,20,100,,2,,27,8000
4,16,1615,2,220,169103,4,3180,1,2,2018,2,,,2,,,25,100,,2,,27,10000
4,16,1615,2,220,169105,2,3180,1,4,2018,1,10,,2,,,8,100,,1,,25,6000
4,16,1615,2,220,169106,1,3180,2,,,,,,,,,,,,,,,
4,16,1615,2,220,169107,1,3180,2,,,,,,,,,,,,,,,
4,16,1615,2,220,169107,2,2170,2,,,,,,,,,,,,,,,
4,16,1616,2,902,169111,1,3180,2,,,,,,,,,,,,,,,
4,16,1616,2,902,169113,5,3180,1,10,2018,2,,,2,,,5,100,,1,,25,1800
4,16,1616,2,902,169116,1,2030,1,8,2018,2,,,2,,,5,110,,1,,7.1399998664856,3600
4,16,1616,2,902,169116,4,2170,1,8,2018,2,,,2,,,3,110,,1,,5.1399998664856,2900
4,16,1616,2,902,169116,6,3180,1,3,2018,2,,,2,,,8,100,,1,,25,2500
4,16,1616,2,902,169117,1,3180,2,,,,,,,,,,,,,,,
4,16,1616,2,902,169117,2,2170,1,8,2018,2,,,2,,,2,100,,1,,1.05999994277954,1500
4,16,1616,2,902,169117,2,3180,1,4,2018,2,,,2,,,4,100,,1,,25,800
4,16,1616,2,902,169119,1,3180,2,,,,,,,,,,,,,,,
4,16,1616,2,902,169119,2,3180,1,6,2018,2,,,2,,,1,100,,1,,25,200
4,16,1616,2,902,169119,3,3180,1,8,2018,2,,,2,,,1,100,,1,,25,200
4,16,1627,2,126,169121,7,3180,1,12,2018,2,,,1,12,2018,10,100,,1,,25,8000
4,16,1627,2,126,169122,2,3180,2,,,,,,,,,,,,,,,
4,16,1627,2,126,169125,1,3090,1,7,2018,1,6,,1,9,2018,3,11,,,,,3000
4,16,1627,2,126,169125,1,3180,1,1,2018,2,,,2,,,50,100,,1,,25,20000
4,16,1627,2,126,169129,1,2170,2,,,,,,,,,,,,,,,
4,16,1627,2,126,169129,1,3180,1,4,2018,2,,,2,,,15,100,,1,,25,6000
4,16,1627,2,126,169129,2,3180,1,3,2018,2,,,2,,,20,100,,1,,25,8000
4,16,1627,2,126,169130,1,3180,1,3,2018,2,,,2,,,15,100,,1,,25,5250
4,16,1627,2,126,169130,2,3180,1,4,2018,2,,,2,,,25,100,,1,,25,8750
4,16,1627,2,126,169131,2,2160,1,10,2018,2,,,2,,,6,80,,1,,2.73499989509583,1800
4,16,1627,2,126,169131,2,2170,1,11,2018,2,,,1,12,2018,2,110,,1,,5.1399998664856,1800
4,16,1622,2,692,169133,1,3180,1,2,2018,2,,,2,,,45,100,,1,,25,22000
4,16,1622,2,692,169133,2,2030,2,,,,,,,,,,,,,,,
4,16,1622,2,692,169133,2,2160,2,,,,,,,,,,,,,,,
4,16,1622,2,692,169133,2,2170,1,1,2018,2,,,2,,,4,110,,1,,5.1399998664856,3200
4,16,1622,2,692,169133,3,3180,2,,,,,,,,,,,,,,,
4,16,1622,2,692,169134,2,2170,1,8,2018,2,,,2,,,2,110,,1,,5.1399998664856,6000
4,16,1622,2,692,169134,2,3210,1,8,2018,2,,,2,,,13,80,,1,,1.61500000953674,800
4,16,1622,2,692,169134,3,2170,1,8,2018,2,,,2,,,8,110,,1,,5.1399998664856,8000
4,16,1622,2,692,169136,2,2170,1,8,2018,2,,,1,1,2019,5,110,,2,,7.96500015258789,6800
4,16,1622,2,692,169136,2,3050,1,7,2018,2,,,1,12,2018,1,170,,,,,3000
4,16,1622,2,692,169136,3,3180,2,,,,,,,,,,,,,,,
4,16,1622,2,692,169136,5,2170,1,10,2018,1,7,,1,12,2018,9,110,,1,,5.1399998664856,10000
4,16,1622,2,692,169136,5,3210,1,8,2018,1,6,,2,,,14,80,,1,,1.61500000953674,2000
4,16,1622,2,692,169136,6,2030,1,12,2018,2,,,1,12,2018,3,110,,1,,7.1399998664856,7000
4,16,1622,2,692,169136,6,3050,2,,,,,,,,,,,,,,,
4,16,1622,2,692,169136,6,3180,2,,,,,,,,,,,,,,,
4,16,1622,2,692,169138,3,3180,1,1,2018,2,,,2,,,30,100,,1,,25,10000
4,16,1622,2,692,169139,3,2030,1,1,2018,2,,,2,,,5,110,,1,,7.1399998664856,7500
4,16,1622,2,692,169142,1,2030,1,3,2018,2,,,2,,,8,110,,1,,7.1399998664856,6400
4,16,1622,2,692,169142,3,2030,1,2,2018,2,,,2,,,15,110,,1,,7.1399998664856,12000
4,16,1622,2,692,169142,3,2170,1,2,2018,2,,,2,,,10,110,,2,,7.96500015258789,12000
4,16,1622,2,692,169144,4,2170,1,2,2018,2,,,2,,,6,110,,2,,7.96500015258789,6000
4,16,1610,2,66,169166,1,2030,1,10,2018,1,2,,2,,,9,110,,1,,7.1399998664856,14000
4,16,1610,2,66,169166,1,3080,2,,,,,,,,,,,,,,,
4,16,1610,2,66,169166,1,3210,1,8,2018,1,5,,2,,,15,80,,1,,1.61500000953674,1600
4,16,1610,2,66,169166,1,3220,2,,,,,,,,,,,,,,,
4,16,1610,2,66,169166,2,2170,1,10,2018,2,,,2,,,8,110,,1,,5.1399998664856,8000
4,16,1610,2,66,169166,2,3170,1,8,2018,1,2,,1,10,2018,4,130,,11,,50,25000
4,16,1610,2,66,169166,2,3220,2,,,,,,,,,,,,,,,
4,16,1610,2,66,169166,3,3180,1,11,2018,2,,,2,,,25,100,,1,,25,22000
4,16,1610,2,66,169166,3,3220,2,,,,,,,,,,,,,,,
4,16,1610,2,66,169166,6,3180,1,11,2018,2,,,2,,,17,100,,1,,25,15000
4,16,1611,2,1878,169172,5,3180,1,1,2018,1,10,,2,,,30,100,,2,,27,15000
4,16,1622,2,692,169179,1,3180,1,10,2018,2,,,2,,,5,100,,1,,25,2500
4,16,1607,2,574,169202,1,3180,1,3,2018,2,,,1,3,2018,15,100,,1,,25,4000
4,16,1607,2,574,169202,2,3180,1,3,2018,2,,,2,,,10,100,,1,,25,1800
3,17,1712,2,126,179031,2,3160,1,3,2018,2,,,1,4,2018,10,140,,1,,22.3250007629395,1000
3,19,1910,2,808,190139,1,3130,2,,,,,,,,,,,,,,,
3,19,1910,2,808,190139,1,3160,2,,,,,,,,,,,,,,,
1,22,2203,2,2578,229004,3,2160,2,,,,,,,,,,,,,,,
1,22,2213,1,100,229040,1,3020,2,,,,,,,,,,,,,,,
1,22,2213,1,100,229042,1,3020,1,2,2018,2,,,1,6,2018,3,130,,12,,100,120000
1,22,2213,1,100,229044,1,3020,1,3,2018,2,,,1,5,2018,1,130,,11,,50,1
1,22,2216,1,270,229056,1,2170,1,10,2018,2,,,2,,,8,110,,1,,5.1399998664856,8000
1,23,2304,2,322,230079,1,3180,1,9,2018,2,,,1,11,2018,40,100,,0,,23,6000
1,23,2304,2,322,230079,2,3180,2,,,,,,,,,,,,,,,
1,23,2304,2,432,239029,3,2030,1,9,2018,1,1,,1,10,2018,6,110,,0,,5.07000017166138,6000
1,23,2304,2,432,239029,3,2170,1,10,2018,1,7,,1,12,2018,12,110,,1,,5.1399998664856,24000
1,23,2304,2,432,239032,1,3020,1,2,2018,2,,,1,4,2018,2,130,,11,,50,40000
1,23,2306,1,78,239054,2,3020,1,2,2018,2,,,1,3,2018,25,150,,1,,,50000
1,23,2308,1,5126,239077,1,3160,2,,,,,,,,,,,,,,,
1,23,2308,1,5126,239077,1,3170,2,,,,,,,,,,,,,,,
1,23,2308,1,5126,239077,1,3210,1,9,2018,2,,,2,,,30,80,,1,,1.61500000953674,3000
1,23,2309,2,740,239086,2,2030,1,8,2018,1,6,,2,,,45,110,,2,,21.6200008392334,45000
1,23,2309,2,740,239086,5,3020,2,,,,,,,,,,,,,,,
1,23,2309,2,740,239088,1,3020,2,,,,,,,,,,,,,,,
1,23,2309,2,740,239088,2,3020,2,,,,,,,,,,,,,,,
1,23,2309,2,740,239090,1,3020,2,,,,,,,,,,,,,,,
1,23,2309,2,740,239095,1,3020,2,,,,,,,,,,,,,,,
1,23,2309,1,1224,239097,1,3020,2,,,,,,,,,,,,,,,
1,23,2309,1,1224,239100,1,2030,1,7,2018,2,,,1,10,2018,5,110,,1,,7.1399998664856,4000
1,23,2309,1,1224,239100,1,3020,2,,,,,,,,,,,,,,,
1,23,2309,1,1224,239100,1,3040,1,11,2018,2,,,1,11,2018,3,130,,12,2,100,114000
1,23,2309,1,1224,239100,1,3180,2,,,,,,,,,,,,,,,
1,23,2309,1,1224,239104,3,2030,1,10,2018,2,,,2,,,60,110,,1,,7.1399998664856,24000
1,23,2309,1,1224,239104,3,2170,1,10,2018,2,,,2,,,4,110,,1,,5.1399998664856,2800
1,23,2310,2,30,239122,1,3020,1,2,2018,2,,,1,3,2018,40,70,,2,,,80000
1,23,2310,2,30,239122,4,3020,2,,,,,,,,,,,,,,,
1,23,2310,2,30,239122,5,3020,1,2,2018,2,,,1,3,2018,40,70,,2,,,60000
1,23,2310,2,30,239123,2,3020,1,2,2018,2,,,1,3,2018,64,70,,2,,,128000
1,23,2310,2,30,239125,1,3020,2,,,,,,,,,,,,,,,
1,23,2310,2,30,239125,3,3020,2,,,,,,,,,,,,,,,
1,23,2310,2,30,239127,1,3020,1,1,2018,2,,,2,,,2,130,,11,,50,35000
1,23,2310,2,30,239127,3,3020,2,,,,,,,,,,,,,,,
1,23,2310,2,30,239129,1,3020,1,2,2018,2,,,1,3,2018,52,70,,2,,,104000
1,23,2310,2,30,239131,3,3020,1,2,2018,2,,,1,3,2018,87,70,,2,,,217000
1,23,2310,2,496,239137,1,2170,1,9,2018,2,,,1,12,2018,9,110,,0,,3.50999999046326,2700
1,23,2310,2,496,239137,1,3020,2,,,,,,,,,,,,,,,
1,23,2310,2,496,239143,1,3020,2,,,,,,,,,,,,,,,
1,23,2310,2,496,239143,2,3040,2,,,,,,,,,,,,,,,
1,23,2310,2,496,239143,4,3020,2,,,,,,,,,,,,,,,
1,23,2314,2,354,239156,1,3020,2,,,,,,,,,,,,,,,
1,23,2314,2,354,239159,1,3020,2,,,,,,,,,,,,,,,
1,23,2314,2,354,239165,1,3020,2,,,,,,,,,,,,,,,
1,23,2314,2,354,239165,2,3020,2,,,,,,,,,,,,,,,
1,23,2314,2,354,239165,4,3040,2,,,,,,,,,,,,,,,
1,23,2314,2,354,239165,4,3110,2,,,,,,,,,,,,,,,
1,23,2314,2,354,239167,4,3020,2,,,,,,,,,,,,,,,
1,23,2316,2,614,239172,4,3160,2,,,,,,,,,,,,,,,
1,23,2309,1,1224,239209,3,2170,2,,,,,,,,,,,,,,,
1,23,2309,1,1224,239209,3,3020,2,,,,,,,,,,,,,,,
1,23,2309,1,1224,239209,5,2170,2,,,,,,,,,,,,,,,
1,23,2309,1,1224,239209,5,3020,2,,,,,,,,,,,,,,,
6,24,2418,1,2276,249183,2,3020,2,,,,,,,,,,,,,,,
6,24,2418,1,2276,249183,3,3180,1,9,2018,2,,,2,,,10,180,,,,,70000
1,26,2613,2,1462,260152,1,9007,2,,,,,,,,,,,,,,,
1,26,2613,2,1462,260152,2,9002,2,,,,,,,,,,,,,,,
1,26,2613,2,1462,260152,3,3020,1,1,2019,2,,,2,,,6,130,,12,,100,90000
1,26,2613,2,1462,260153,1,9002,1,8,2018,2,,,1,9,2018,3,130,,11,,50,13500
1,26,2613,2,1462,260154,1,9002,2,,,,,,,,,,,,,,,
1,26,2613,2,1462,260154,2,9007,1,8,2018,1,8,,2,,,2,130,,11,,50,4500
1,26,2604,2,1652,269019,1,3020,1,11,2018,2,,,1,12,2018,35,130,,12,,100,525000
1,26,2604,2,1652,269019,2,3160,2,,,,,,,,,,,,,,,
1,26,2604,2,1652,269020,1,3160,2,,,,,,,,,,,,,,,
1,26,2604,2,1652,269021,1,3020,1,11,2018,2,,,1,12,2018,7,130,,12,,100,91000
1,26,2604,2,1652,269023,2,9007,1,9,2018,2,,,1,11,2018,5,130,,12,,100,94000
1,26,2608,2,786,269025,1,9002,2,,,,,,,,,,,,,,,
1,26,2608,2,786,269026,3,3020,1,7,2018,1,5,,2,,,11,10,,,,,5500
6,27,2701,1,506,270004,1,2170,2,,,,,,,,,,,,,,,
6,27,2701,1,506,270004,2,2030,2,,,,,,,,,,,,,,,
6,27,2715,2,752,270024,2,3040,2,,,,,,,,,,,,,,,
6,27,2715,2,752,270030,2,3040,1,10,2018,1,8,,2,,,3,20,,2,2,,9000
6,27,2715,2,752,270030,2,3110,1,11,2018,1,5,,2,,,4,20,,0,2,,4000
6,27,2705,2,568,279004,2,2160,2,,,,,,,,,,,,,,,
6,27,2706,2,362,279024,1,2030,2,,,,,,,,,,,,,,,
6,27,2711,2,1218,279025,2,2170,2,,,,,,,,,,,,,,,
6,27,2711,2,1218,279029,2,2170,2,,,,,,,,,,,,,,,
6,27,2711,2,1218,279034,3,3210,1,10,2018,1,5,,1,11,2018,30,80,,1,,1.61500000953674,3000
6,27,2712,2,172,279048,1,2030,1,10,2018,1,6,,2,,,40,100,,1,,1.34500002861023,40000
6,27,2712,2,356,279053,1,2170,1,12,2018,2,,,2,,,2,110,,1,,5.1399998664856,3500
6,27,2715,2,864,279068,2,2030,2,,,,,,,,,,,,,,,
6,27,2715,2,864,279068,2,3170,2,,,,,,,,,,,,,,,
6,27,2716,2,44,279078,2,2030,2,,,,,,,,,,,,,,,
6,27,2716,2,44,279078,2,2170,2,,,,,,,,,,,,,,,
6,28,2814,1,1876,280084,1,3180,1,4,2018,2,,,1,12,2018,1050,100,,2,,27,520000
6,28,2814,1,1876,280086,1,3180,1,8,2018,2,,,1,12,2018,648,100,,2,,27,432000
6,28,2814,1,1876,280086,2,3180,1,10,2018,2,,,2,,,120,100,,1,,25,80000
6,28,2814,1,1876,280088,1,3180,1,10,2018,2,,,2,,,600,100,,2,,27,150000
6,28,2813,2,0,280111,1,3110,1,2,2018,1,5,,1,4,2018,2,10,,,1,,8000
6,28,2813,2,612,280112,1,3040,2,,,,,,,,,,,,,,,
6,28,2813,2,612,280112,1,3110,2,,,,,,,,,,,,,,,
6,28,2813,2,612,280112,1,3180,1,10,2018,2,,,1,12,2018,80,100,,1,,25,40000
6,28,2813,2,612,280112,2,2170,1,10,2018,2,,,1,1,2019,48,110,,2,,7.96500015258789,45000
6,28,2813,2,612,280112,2,3040,1,8,2018,2,,,1,11,2018,200,1,,,2,1,130000
6,28,2813,2,612,280112,2,3110,1,12,2018,2,,,1,12,2018,1,140,,2,2,33.8499984741211,18000
6,28,2813,2,612,280113,1,3040,1,9,2018,1,5,,1,10,2018,75,1,,,2,1,37500
6,28,2813,2,612,280113,1,3110,1,8,2018,2,,,1,12,2018,1,140,,2,2,33.8499984741211,15000
6,28,2813,2,612,280113,2,3040,1,9,2018,2,,,1,1,2019,42,1,,,2,1,27300
6,28,2813,2,612,280113,2,3110,1,1,2019,2,,,1,1,2019,1,140,,1,2,6.50299978256226,9000
6,28,2813,2,612,280113,3,3110,1,1,2019,2,,,2,,,1,140,,0,2,4.11199998855591,6000
6,28,2813,2,0,280114,1,3040,1,3,2018,2,,,1,1,2019,390,1,,,2,1,253500
6,28,2813,2,0,280114,2,3110,1,8,2018,2,,,1,1,2019,7,140,,2,2,33.8499984741211,98000
6,28,2813,2,612,280115,1,3040,1,3,2018,2,,,1,12,2018,65,1,,,2,1,42250
6,28,2813,2,612,280115,1,3110,1,2,2018,2,,,1,10,2018,2,10,,,2,,20000
6,28,2813,2,612,280115,1,3170,1,6,2018,1,5,,1,10,2018,1,10,,,,6.00500011444092,5000
6,28,2813,2,612,280115,1,3180,1,4,2018,1,5,,1,12,2018,12,11,,,,,16000
6,28,2813,2,612,280116,1,3040,1,9,2018,1,5,,1,11,2018,8,130,,12,2,100,520000
6,28,2813,2,612,280116,1,3110,1,9,2018,2,,,2,,,3,10,,,2,,60000
6,28,2813,2,612,280116,1,3180,1,2,2018,2,,,1,12,2018,90,100,,1,,25,36000
6,28,2813,2,612,280116,2,3040,1,9,2018,1,5,,1,11,2018,1,130,,11,2,50,32500
6,28,2813,2,612,280116,2,3110,1,8,2018,1,5,,1,11,2018,3,10,,,2,,54000
6,28,2813,2,612,280116,2,3180,1,7,2018,2,,,1,10,2018,30,100,,1,,25,12000
6,28,2813,2,612,280117,1,3040,1,8,2018,1,5,,1,11,2018,5,130,,12,2,100,325000
6,28,2813,2,612,280117,1,3110,1,11,2018,1,5,,1,1,2019,2,10,,,2,,40000
6,28,2813,2,612,280117,4,3040,1,8,2018,1,5,,1,11,2018,50,1,,,2,1,32500
6,28,2813,2,612,280117,4,3110,1,11,2018,1,5,,1,12,2018,1,10,,,2,,20000
6,28,2813,2,612,280117,4,3180,1,7,2018,1,11,"NOT FRUITFUL",1,12,2018,10,100,,1,,25,4000
6,28,2813,2,612,280118,1,3040,1,3,2018,2,,,1,12,2018,254,1,,,2,1,165100
6,28,2813,2,612,280118,1,3110,1,1,2018,2,,,1,10,2018,10,10,,,1,,80000
6,28,2813,2,612,280118,1,3180,1,8,2018,2,,,1,12,2018,60,100,,2,,27,24000
6,28,2813,2,612,280118,2,3040,1,8,2018,2,,,1,12,2018,338,1,,,2,1,219700
6,28,2813,2,612,280118,2,3110,1,2,2018,1,5,,1,12,2018,10,10,,,1,,80000
6,28,2813,2,612,280118,2,3180,1,1,2018,2,,,1,12,2018,40,100,,2,,27,16000
6,28,2813,2,612,280118,3,3040,1,3,2018,2,,,1,12,2018,127,1,,,2,1,82550
6,28,2813,2,612,280118,3,3110,1,2,2018,2,,,1,10,2018,3,10,,,2,,30000
6,28,2813,2,612,280119,1,3040,1,10,2018,2,,,1,1,2019,5,130,,12,2,100,325000
6,28,2813,2,612,280119,1,3110,1,9,2018,2,,,1,12,2018,2,140,,2,2,33.8499984741211,40000
6,28,2813,2,612,280119,1,3180,1,9,2018,2,,,1,12,2018,30,100,,2,,27,15000
6,28,2813,2,612,280119,2,3040,2,,,,,,,,,,,,,,,
6,28,2813,2,612,280119,2,3110,2,,,,,,,,,,,,,,,
6,28,2813,2,612,280119,2,3180,2,,,,,,,,,,,,,,,
6,28,2813,2,612,280119,3,3040,2,,,,,,,,,,,,,,,
6,28,2813,2,612,280119,3,3110,1,10,2018,2,,,1,12,2018,2,140,,2,2,33.8499984741211,40000
6,28,2813,2,612,280119,3,3180,1,9,2018,2,,,1,12,2018,45,100,,2,,27,20000
6,28,2813,2,612,280120,1,3040,1,10,2018,2,,,1,12,2018,1,130,,11,2,50,15000
6,28,2813,2,612,280120,1,3110,1,9,2018,2,,,1,1,2019,3,140,,2,1,33.8499984741211,36000
6,28,2813,2,612,280120,2,3040,1,7,2018,2,,,1,12,2018,1,130,,11,2,50,15000
6,28,2813,2,612,280120,2,3110,1,9,2018,2,,,1,12,2018,2,140,,2,1,33.8499984741211,24000
6,28,2801,1,760,289007,3,3040,1,9,2018,2,,,1,12,2018,75,1,,,2,1,48750
6,28,2801,1,760,289007,3,3110,2,,,,,,,,,,,,,,,
6,28,2801,1,760,289007,3,3180,1,4,2018,2,,,1,11,2018,50,100,,2,,27,35000
6,28,2801,1,760,289009,1,3040,1,7,2018,2,,,1,1,2019,3,130,,12,2,100,180000
6,28,2801,1,760,289009,1,3110,1,8,2018,1,5,,1,1,2019,3,140,,2,2,33.8499984741211,25500
6,28,2801,1,760,289009,1,3180,1,5,2018,2,,,1,12,2018,70,100,,2,,27,49000
6,28,2805,2,498,289016,1,3040,1,11,2018,2,,,1,11,2018,1000,1,,,2,1,650000
6,28,2805,2,498,289019,3,3040,1,10,2018,2,,,1,11,2018,5,130,,11,2,50,150000
6,28,2808,2,1494,289025,1,3040,1,10,2018,2,,,2,,,3,130,,12,1,100,120000
6,28,2808,2,1494,289025,1,3180,1,10,2018,2,,,2,,,2,130,,12,,100,12000
6,28,2808,2,1494,289025,2,2170,1,10,2018,2,,,2,,,12,110,,2,,7.96500015258789,6000
6,28,2808,2,1494,289026,1,3040,2,,,,,,,,,,,,,,,
6,28,2808,2,1494,289026,2,3040,2,,,,,,,,,,,,,,,
6,28,2808,2,1494,289027,1,3040,1,12,2018,2,,,1,12,2018,2,130,,11,1,50,44000
6,28,2808,2,1494,289028,1,2170,1,12,2018,2,,,2,,,24,110,,1,,5.1399998664856,7000
6,28,2808,2,1494,289028,1,3040,1,8,2018,2,,,1,11,2018,115,1,,,2,1,74750
6,28,2808,2,1494,289028,2,3040,1,9,2018,1,8,,1,12,2018,120,1,,,2,1,78000
6,28,2808,2,1494,289028,3,2170,2,,,,,,,,,,,,,,,
6,28,2808,2,1494,289028,3,3040,1,1,2018,2,,,2,,,150,1,,,2,1,97500
6,28,2808,2,1494,289030,1,2170,1,10,2018,2,,,2,,,36,110,,1,,5.1399998664856,15000
6,28,2808,2,1494,289030,1,3040,2,,,,,,,,,,,,,,,
6,28,2808,2,1494,289030,2,3040,2,,,,,,,,,,,,,,,
6,28,2808,2,1494,289032,1,3040,1,8,2018,1,2,,1,12,2018,3,130,,12,2,100,195000
6,28,2808,2,1494,289032,1,3180,1,2,2018,2,,,2,,,50,100,,2,,27,40000
6,28,2808,2,1494,289034,1,2170,1,8,2018,2,,,1,1,2019,20,100,,1,,1.05999994277954,10000
6,28,2808,2,1494,289034,1,3040,1,6,2018,1,2,,1,1,2019,56,130,,11,2,50,2500000
6,28,2808,2,1494,289034,1,3180,1,1,2019,2,,,2,,,250,100,,2,,27,200000
6,28,2808,2,1494,289035,3,2170,1,3,2018,2,,,1,12,2018,15,110,,2,,7.96500015258789,133000
6,28,2808,2,1494,289035,3,3040,1,3,2018,2,,,1,12,2018,15,130,,12,1,100,825000
6,28,2808,2,1494,289036,1,2030,2,,,,,,,,,,,,,,,
6,28,2808,2,1494,289036,1,2170,1,9,2018,2,,,1,12,2018,60,110,,2,,7.96500015258789,45000
6,28,2811,2,390,289037,1,3040,1,7,2018,2,,,1,12,2018,500,1,,,2,1,325000
6,28,2811,2,390,289037,1,3110,1,5,2018,2,,,1,7,2018,25,140,,2,1,33.8499984741211,100000
6,28,2811,2,390,289037,1,3180,1,2,2018,2,,,1,12,2018,200,100,,2,,27,80000
6,28,2811,2,390,289037,2,3040,1,7,2018,2,,,1,12,2018,450,1,,,2,1,292500
6,28,2811,2,390,289037,2,3110,1,5,2018,2,,,1,12,2018,5,140,,2,1,33.8499984741211,20000
6,28,2811,2,390,289037,2,3180,1,3,2018,2,,,1,1,2019,60,100,,2,,27,48000
6,28,2811,2,390,289038,1,3040,2,,,,,,,,,,,,,,,
6,28,2811,2,390,289038,1,3180,2,,,,,,,,,,,,,,,
6,29,2901,1,0,289040,1,3040,1,10,2018,1,2,,1,12,2018,7,130,,12,2,100,420000
6,29,2901,1,0,289040,2,3040,1,10,2018,1,2,,1,12,2018,5,130,,12,2,100,300000
6,28,2811,2,390,289042,2,3040,1,8,2018,2,,,1,1,2019,640,1,,,2,1,448000
6,28,2811,2,390,289042,2,3110,1,7,2018,1,5,,1,1,2019,2,140,,1,2,6.50299978256226,8000
6,28,2811,2,390,289042,2,3180,2,,,,,,,,,,,,,,,
6,28,2811,2,390,289042,4,3040,1,8,2018,2,,,1,1,2019,1600,1,,,2,1,1120000
6,28,2811,2,390,289042,4,3110,1,7,2018,2,,,1,1,2019,20,140,,2,2,33.8499984741211,200000
6,28,2811,2,390,289042,4,3180,1,4,2018,1,5,,1,1,2019,250,100,,2,,27,187500
6,28,2811,2,390,289042,5,3040,1,10,2018,2,,,1,1,2019,800,1,,,2,1,560000
6,28,2811,2,390,289042,5,3110,1,4,2018,1,5,,1,12,2018,15,140,,2,2,33.8499984741211,150000
6,28,2811,2,390,289042,5,3180,1,7,2018,1,5,,1,12,2018,300,100,,2,,27,225000
6,28,2811,2,390,289043,1,3040,1,7,2018,2,,,1,12,2018,150,1,,,2,1,90000
6,28,2811,2,390,289043,1,3110,1,4,2018,2,,,1,6,2018,1,140,,2,1,33.8499984741211,4000
6,28,2811,2,390,289043,1,3170,2,,,,,,,,,,,,,,,
6,28,2811,2,390,289043,2,3040,1,7,2018,2,,,1,12,2018,200,1,,,2,1,120000
6,28,2811,2,390,289043,2,3110,1,4,2018,2,,,1,6,2018,14,140,,2,1,33.8499984741211,56000
6,28,2811,2,390,289043,2,3170,1,10,2018,2,,,1,1,2019,7,130,,11,,50,7000
6,28,2811,2,390,289043,3,3040,1,7,2018,2,,,1,12,2018,150,1,,,2,1,90000
6,28,2811,2,390,289043,3,3110,1,4,2018,2,,,1,6,2018,10,140,,2,1,33.8499984741211,40000
6,28,2811,2,390,289043,3,3180,1,1,2018,2,,,1,12,2018,90,100,,0,,23,24000
6,28,2811,2,390,289043,4,3040,1,7,2018,1,3,,1,12,2018,50,1,,,2,1,30000
6,28,2811,2,390,289043,4,3110,1,4,2018,2,,,1,6,2018,7,140,,2,1,33.8499984741211,28000
6,28,2811,2,390,289043,4,3180,2,,,,,,,,,,,,,,,
6,28,2811,2,390,289044,1,3040,1,9,2018,2,,,1,12,2018,5,130,,12,2,100,300000
6,28,2811,2,390,289044,1,3110,1,2,2018,2,,,1,8,2018,32,140,,1,2,6.50299978256226,96000
6,28,2811,2,390,289044,1,3180,1,7,2018,2,,,1,8,2018,80,100,,2,,27,64000
6,28,2811,2,390,289044,2,3040,1,9,2018,2,,,1,12,2018,10,130,,12,2,100,600000
6,28,2811,2,390,289044,2,3110,1,7,2018,2,,,1,8,2018,20,140,,1,2,6.50299978256226,60000
6,28,2811,2,390,289046,2,3040,1,9,2018,2,,,1,12,2018,5,130,,12,2,100,250000
6,28,2811,2,390,289046,2,3110,1,8,2018,2,,,1,9,2018,8,10,,,2,,24000
6,28,2811,2,390,289046,3,3110,1,8,2018,2,,,1,9,2018,8,10,,,2,,24000
6,28,2811,2,390,289047,1,3180,1,3,2018,2,,,2,,,450,100,,2,,27,400000
6,28,2811,2,390,289048,1,3040,1,10,2018,2,,,2,,,2,130,,11,2,50,70000
6,28,2811,2,390,289048,1,3110,1,9,2018,2,,,2,,,8,140,,1,1,6.50299978256226,40000
6,28,2811,2,390,289048,1,3180,1,4,2018,2,,,1,12,2018,300,100,,1,,25,30000
6,28,2811,2,390,289048,2,3040,1,10,2018,2,,,1,12,2018,2,130,,11,2,50,70000
6,28,2811,2,390,289048,2,3110,1,7,2018,2,,,1,12,2018,10,140,,1,1,6.50299978256226,50000
6,28,2811,2,390,289048,2,3180,1,3,2018,2,,,1,12,2018,300,100,,1,,25,25000
6,28,2814,1,662,289054,2,3180,1,10,2018,2,,,1,12,2018,18,100,,0,,23,800
6,28,2815,2,10,289062,1,2170,1,9,2018,2,,,2,,,72,110,,1,,5.1399998664856,72000
6,28,2815,2,10,289062,1,3040,1,10,2018,2,,,1,12,2018,450,1,,,2,1,292500
6,28,2815,2,10,289062,1,3110,1,10,2018,2,,,1,12,2018,4,140,,2,2,33.8499984741211,60000
6,28,2815,2,10,289062,1,3180,1,9,2018,2,,,1,12,2018,40,100,,2,,27,24000
6,28,2815,2,10,289062,3,2170,1,9,2018,1,7,,1,12,2018,36,110,,1,,5.1399998664856,36000
6,28,2815,2,10,289062,3,3040,1,10,2018,2,,,1,1,2019,300,1,,,2,1,195000
6,28,2815,2,10,289063,1,3040,1,5,2018,2,,,1,1,2019,5,130,,11,2,50,175000
6,28,2815,2,10,289063,1,3110,1,8,2018,2,,,1,12,2018,1,10,,,2,,1000
6,28,2815,2,10,289063,1,3180,1,8,2018,2,,,1,1,2019,30,100,,2,,27,24000
6,28,2815,2,10,289063,2,3040,1,5,2018,1,5,,1,1,2019,5,130,,12,2,100,350000
6,28,2815,2,10,289063,2,3110,1,7,2018,2,,,1,1,2019,2,140,,2,2,33.8499984741211,26000
6,28,2815,2,10,289063,2,3180,1,7,2018,2,,,1,1,2019,45,100,,1,,25,24000
6,28,2815,2,10,289063,3,3040,1,8,2018,1,5,,1,1,2019,3,130,,12,2,100,210000
6,28,2815,2,10,289063,3,3110,1,5,2018,2,,,1,1,2019,3,140,,2,2,33.8499984741211,36000
6,28,2815,2,10,289063,3,3180,1,6,2018,2,,,1,1,2019,20,100,,2,,27,16000
6,28,2815,2,10,289065,1,3040,1,8,2018,1,5,,1,1,2019,2,130,,12,2,100,140000
6,28,2815,2,10,289065,1,3110,1,8,2018,1,5,,1,1,2019,1,140,,2,2,33.8499984741211,13000
6,28,2815,2,10,289065,1,3180,1,7,2018,2,,,1,12,2018,80,100,,2,,27,64000
6,28,2815,2,10,289065,2,2030,2,,,,,,,,,,,,,,,
6,28,2815,2,10,289065,2,3040,1,9,2018,1,5,,1,12,2018,250,1,,,2,1,210000
6,28,2815,2,10,289065,2,3110,1,8,2018,2,,,1,12,2018,1,10,,,2,,4500
6,28,2815,2,10,289065,2,3180,1,4,2018,2,,,1,11,2018,150,100,,1,,25,80000
6,28,2815,2,10,289065,3,3040,1,8,2018,1,5,,1,1,2019,4,130,,12,2,100,280000
6,28,2815,2,10,289065,3,3110,1,7,2018,1,5,,1,11,2018,1,10,,,2,,4500
6,28,2815,2,10,289066,2,3040,1,9,2018,2,,,1,1,2019,450,1,,,2,1,315000
6,28,2815,2,10,289066,2,3110,1,10,2018,2,,,1,12,2018,10,140,,1,2,6.50299978256226,35000
6,28,2815,2,10,289066,2,3180,1,10,2018,2,,,1,12,2018,100,100,,2,,27,20000
6,28,2815,2,10,289066,3,3040,1,10,2018,2,,,2,,,75,1,,,2,1,52500
6,28,2815,2,10,289066,3,3180,1,9,2018,2,,,1,12,2018,150,100,,2,,27,30000
6,28,2815,2,10,289066,4,3040,1,9,2018,2,,,1,12,2018,300,1,,,2,1,210000
6,28,2815,2,10,289066,4,3110,1,10,2018,2,,,1,12,2018,8,140,,1,2,6.50299978256226,24000
6,28,2815,2,10,289066,4,3180,1,9,2018,2,,,1,12,2018,40,100,,2,,27,8000
6,28,2815,2,10,289067,2,2170,1,3,2018,2,,,1,12,2018,24,110,,1,,5.1399998664856,14400
6,28,2815,2,10,289067,3,3040,1,6,2018,2,,,1,11,2018,300,1,,,2,1,195000
6,28,2815,2,10,289068,1,3040,1,10,2018,1,2,,1,12,2018,130,1,,,2,1,84500
4,11,1105,2,0,289071,1,3040,1,8,2018,2,,,1,11,2018,9,130,,12,2,100,270000
4,11,1105,2,0,289071,1,3110,2,,,,,,,,,,,,,,,
6,28,2815,2,10,289072,2,3110,1,1,2018,2,,,1,1,2018,4,140,,1,2,6.50299978256226,20000
6,28,2815,2,10,289072,3,3040,1,9,2018,2,,,1,10,2018,2,130,,12,2,100,100000
6,28,2816,1,2146,289073,1,3040,1,9,2018,2,,,1,12,2018,3,130,,12,2,100,200000
6,29,2930,1,530,290007,2,2170,1,10,2018,2,,,2,,,120,110,,0,,3.50999999046326,31200
6,29,2930,1,530,290007,2,3040,1,11,2018,2,,,1,12,2018,3,1,,,2,1,5300
6,29,2930,1,530,290007,2,3110,2,,,,,,,,,,,,,,,
6,29,2930,1,530,290007,2,3170,2,,,,,,,,,,,,,,,
6,29,2930,1,1300,290034,2,2030,1,5,2018,2,,,2,,,15,110,,2,,21.6200008392334,10500
6,29,2930,1,1300,290034,2,2270,2,,,,,,,,,,,,,,,
6,29,2930,1,1300,290034,2,3040,1,9,2018,1,2,,1,12,2018,35,1,,,2,1,22000
6,29,2930,1,1300,290034,2,3110,2,,,,,,,,,,,,,,,
6,29,2930,1,1300,290034,2,3170,2,,,,,,,,,,,,,,,
6,29,2930,1,0,290035,1,2170,2,,,,,,,,,,,,,,,
6,29,2909,2,220,290042,1,2170,1,11,2018,2,,,2,,,3,110,,1,,5.1399998664856,2400
6,29,2909,2,220,290042,2,2170,1,12,2018,2,,,2,,,3,110,,1,,5.1399998664856,2100
6,29,2909,2,220,290045,1,3020,2,,,,,,,,,,,,,,,
6,29,2909,2,220,290045,1,3110,2,,,,,,,,,,,,,,,
6,29,2909,2,220,290045,1,3170,2,,,,,,,,,,,,,,,
6,29,2909,2,220,290046,1,3040,1,11,2018,2,,,1,12,2018,1,130,,11,2,50,28500
6,29,2909,2,220,290046,1,3110,1,3,2018,2,,,1,4,2018,2,140,,1,2,6.50299978256226,6000
6,29,2905,1,1096,290080,2,3040,1,9,2018,1,2,,1,12,2018,75,1,,,2,1,41250
6,29,2905,1,1096,290080,4,2170,1,8,2018,2,,,2,,,20,110,,2,,7.96500015258789,8400
6,29,2905,1,1096,290080,4,3040,1,9,2018,1,4,,1,12,2018,50,1,,,2,1,27500
6,29,2905,1,1096,290080,4,3180,1,4,2018,2,,,1,11,2018,60,100,,1,,25,18000
6,29,2910,1,350,290090,1,2170,1,8,2018,2,,,1,12,2018,50,110,,2,,7.96500015258789,25000
6,29,2910,1,350,290090,1,3040,1,11,2018,1,1,,2,,,4,130,,12,2,100,120000
6,29,2910,1,350,290090,1,3110,1,9,2018,1,5,,1,11,2018,6,10,,,1,,6000
6,29,2910,1,350,290090,2,2170,1,8,2018,2,,,2,,,42,110,,2,,7.96500015258789,21000
6,29,2910,1,350,290090,2,3040,1,10,2018,2,,,1,12,2018,3,130,,12,2,100,90000
6,29,2910,1,350,290090,2,3110,1,9,2018,1,5,,1,11,2018,5,10,,,1,,5000
6,29,2910,1,350,290090,2,3170,2,,,,,,,,,,,,,,,
6,29,2920,2,1628,290173,1,2170,1,10,2018,2,,,2,,,24,110,,1,,5.1399998664856,10000
6,29,2920,2,1628,290173,1,3040,1,9,2018,1,5,,2,,,400,1,,,2,1,195000
6,29,2920,2,1628,290173,1,3180,1,5,2018,2,,,2,,,12,150,,2,,,32000
6,29,2920,2,1628,290173,2,2170,1,10,2018,2,,,2,,,24,110,,1,,5.1399998664856,8000
6,29,2920,2,1628,290173,2,3040,1,10,2018,2,,,2,,,2,130,,11,2,50,60000
6,29,2920,2,1628,290173,2,3110,1,6,2018,2,,,2,,,2,140,,1,2,6.50299978256226,6000
6,29,2920,2,1628,290173,2,3180,1,5,2018,2,,,2,,,6,150,,2,,,4000
6,29,2920,2,1628,290173,3,3040,1,9,2018,2,,,2,,,1,130,,12,2,100,45000
6,29,2920,2,1628,290173,3,3110,2,,,,,,,,,,,,,,,
6,29,2920,2,1628,290173,3,3170,1,11,2018,2,,,2,,,2,140,,2,,32.2770004272461,3000
6,29,2920,2,1628,290173,3,3190,2,,,,,,,,,,,,,,,
6,29,2920,2,1628,290176,1,2170,1,5,2018,2,,,2,,,75,110,,1,,5.1399998664856,30000
6,29,2920,2,1628,290176,1,3180,1,4,2018,2,,,1,7,2018,150,100,,1,,25,100000
6,29,2920,2,1628,290176,2,2170,1,5,2018,2,,,2,,,60,110,,1,,5.1399998664856,24000
6,29,2920,2,1628,290176,2,3040,1,9,2018,1,2,,1,11,2018,2,130,,12,2,100,48000
6,29,2920,2,1628,290176,2,3180,1,4,2018,2,,,1,7,2018,132,100,,1,,25,52000
6,29,2920,2,1628,290176,2,3190,1,1,2019,2,,,1,1,2019,4,20,,2,,,20000
6,29,2920,2,1628,290176,3,2170,1,5,2018,2,,,2,,,85,110,,1,,5.1399998664856,34000
6,29,2920,2,1628,290176,3,3040,1,9,2018,1,2,,1,11,2018,1,130,,12,2,100,22000
6,29,2920,2,1628,290176,3,3110,1,9,2018,1,5,,1,11,2018,3,140,,1,1,6.50299978256226,5000
6,29,2920,2,1628,290176,3,3180,1,4,2018,2,,,2,,,100,100,,1,,25,40000
6,29,2920,2,1628,290176,3,3190,1,1,2018,2,,,2,,,2,11,,,,,10000
6,29,2920,2,1628,290177,1,2170,1,5,2018,2,,,2,,,36,110,,1,,5.1399998664856,12000
6,29,2920,2,1628,290177,1,3040,1,9,2018,1,2,,1,12,2018,150,1,,,2,1,99000
6,29,2920,2,1628,290177,2,2170,1,3,2018,2,,,2,,,36,110,,2,,7.96500015258789,21000
6,29,2920,2,1628,290177,3,2170,1,5,2018,2,,,2,,,48,110,,2,,7.96500015258789,28000
6,29,2920,2,1628,290178,1,2170,1,5,2018,2,,,1,12,2018,120,110,,2,,7.96500015258789,40000
6,29,2920,2,1628,290178,1,3040,1,9,2018,1,2,,1,12,2018,100,1,,,2,1,60000
6,29,2920,2,1628,290178,1,3110,1,10,2018,2,,,1,10,2018,1,140,,1,2,6.50299978256226,3000
6,29,2920,2,1628,290178,1,3180,1,4,2018,2,,,1,12,2018,100,100,,1,,25,30000
6,29,2920,2,1628,290178,1,3190,2,,,,,,,,,,,,,,,
6,29,2920,2,1628,290178,2,2170,1,6,2018,2,,,2,,,36,110,,2,,7.96500015258789,21000
6,29,2920,2,1628,290178,2,3040,1,9,2018,1,2,,1,12,2018,28,1,,,2,1,15000
6,29,2920,2,1628,290178,2,3110,1,10,2018,2,,,1,10,2018,1,140,,1,2,6.50299978256226,3000
6,29,2920,2,1628,290178,2,3170,2,,,,,,,,,,,,,,,
6,29,2920,2,1628,290178,2,3190,2,,,,,,,,,,,,,,,
6,29,2920,2,1628,290178,4,2170,1,6,2018,2,,,2,,,60,110,,2,,7.96500015258789,35000
6,29,2920,2,1628,290178,5,2170,1,7,2018,2,,,2,,,60,110,,2,,7.96500015258789,35000
6,29,2920,2,1628,290179,1,2170,1,6,2018,2,,,2,,,1200,110,,2,,7.96500015258789,600000
6,29,2920,2,1628,290179,1,3040,1,8,2018,1,5,,1,12,2018,4,130,,11,2,50,120000
6,29,2920,2,1628,290179,2,2170,1,8,2018,2,,,2,,,200,110,,2,,7.96500015258789,100000
6,29,2920,2,1628,290179,3,3040,1,12,2018,1,5,,2,,,4,130,,11,2,50,120000
6,29,2920,2,1628,290179,3,3180,1,5,2018,2,,,1,7,2018,240,100,,2,,27,56000
6,29,2920,2,1628,290179,4,2170,1,8,2018,2,,,2,,,120,110,,2,,7.96500015258789,60000
6,29,2920,2,1628,290179,4,3040,1,12,2018,2,,,1,12,2018,2,130,,11,2,50,60000
6,29,2920,2,1628,290179,5,2170,1,9,2018,2,,,2,,,80,110,,1,,5.1399998664856,32000
6,29,2920,2,1628,290180,1,3040,1,10,2018,1,2,,2,,,2,130,,12,2,100,60000
6,29,2920,2,1628,290180,1,3170,1,9,2018,1,5,,1,9,2018,2,140,,1,,9.58500003814697,1300
6,29,2920,2,1628,290180,1,3180,1,4,2018,1,1,,1,11,2018,60,100,,1,,25,24000
6,29,2920,2,1628,290180,1,3190,1,1,2019,2,,,2,,,4,11,,,,,28000
6,29,2920,2,1628,290180,2,3040,1,10,2018,1,2,,2,,,1,130,,12,2,100,30000
6,29,2920,2,1628,290180,2,3170,1,9,2018,1,5,,1,9,2018,4,140,,1,,9.58500003814697,2600
6,29,2920,2,1628,290180,2,3180,1,4,2018,2,,,1,11,2018,62,100,,1,,25,24800
6,29,2920,2,1628,290180,2,3190,1,1,2018,2,,,2,,,3,11,,,,,21000
6,29,2920,2,1628,290180,3,3040,1,10,2018,1,2,,2,,,1,130,,12,2,100,30000
6,29,2920,2,1628,290180,3,3170,1,9,2018,1,5,,1,9,2018,3,140,,1,,9.58500003814697,1950
6,29,2920,2,1628,290180,3,3180,1,4,2018,2,,,1,11,2018,65,100,,1,,25,26000
6,29,2920,2,1628,290180,3,3190,1,1,2018,2,,,2,,,2,11,,,,,14000
6,29,2920,2,1628,290180,4,3040,1,10,2018,1,2,,2,,,2,130,,12,2,100,60000
6,29,2920,2,1628,290180,4,3170,1,9,2018,1,5,,1,9,2018,3,140,,1,,9.58500003814697,1950
6,29,2920,2,1628,290180,4,3180,1,4,2018,2,,,1,11,2018,55,100,,1,,25,22000
6,29,2920,2,1628,290180,5,3040,1,10,2018,1,2,,2,,,1,130,,12,2,100,30000
6,29,2920,2,1628,290180,5,3170,1,9,2018,1,5,,1,9,2018,2,140,,1,,9.58500003814697,1300
6,29,2920,2,1628,290180,5,3180,1,4,2018,2,,,1,11,2018,70,100,,1,,25,28000
6,29,2920,2,1628,290180,5,3190,1,1,2018,2,,,2,,,2,11,,,,,14000
6,29,2920,2,1628,290180,6,3040,1,10,2018,1,2,,2,,,1,130,,12,2,100,30000
6,29,2920,2,1628,290180,6,3170,1,9,2018,1,5,,1,9,2018,3,140,,1,,9.58500003814697,1950
6,29,2920,2,1628,290180,6,3180,1,4,2018,2,,,1,11,2018,40,100,,1,,25,16000
6,29,2920,2,1628,290180,6,3190,1,1,2018,2,,,2,,,4,11,,,,,28000
6,29,2920,2,1628,290180,11,2170,1,8,2018,2,,,2,,,150,110,,1,,5.1399998664856,110000
6,29,2920,2,1628,290180,11,3180,1,4,2018,2,,,1,11,2018,48,100,,1,,25,19200
6,29,2915,1,622,299001,1,2170,1,1,2018,1,11,"TREE CROP FELL",2,,,120,110,,2,,7.96500015258789,60000
6,29,2915,1,622,299001,1,3040,1,6,2018,1,8,,2,,,100,1,,,2,1,60000
6,29,2915,1,622,299001,1,3110,1,3,2018,1,5,,1,12,2018,4,140,,1,1,6.50299978256226,20000
6,29,2915,1,622,299001,2,2170,1,1,2018,1,11,"TREE CROP FELL DOWN",2,,,150,110,,2,,7.96500015258789,75000
6,29,2915,1,622,299001,2,3040,1,11,2018,2,,,2,,,2,130,,11,2,50,60000
6,29,2915,1,622,299001,2,3110,1,3,2018,1,5,,1,11,2018,4,140,,1,2,6.50299978256226,20000
6,29,2915,1,622,299001,5,3040,1,12,2018,2,,,1,12,2018,3,1,,,2,1,1800
6,29,2915,1,622,299005,1,2170,1,1,2018,2,,,2,,,15,900,"DOZEN",2,,,75000
6,29,2915,1,622,299005,1,3040,1,3,2018,1,5,,1,12,2018,4,130,,11,2,50,100000
6,29,2915,1,622,299005,1,3050,1,7,2018,2,,,2,,,3,140,,1,,,9000
6,29,2915,1,622,299006,1,3040,1,11,2018,1,2,,2,,,3,130,,11,2,50,84000
6,29,2915,1,622,299006,2,3110,1,9,2018,1,5,,2,,,5,140,,1,2,6.50299978256226,20000
6,29,2915,1,622,299006,3,3110,1,9,2018,1,8,,2,,,4,140,,1,2,6.50299978256226,18000
6,29,2915,1,622,299008,1,3040,1,9,2018,1,2,,1,12,2018,6,130,,11,2,50,90000
6,29,2915,1,622,299008,1,3110,2,,,,,,,,,,,,,,,
6,29,2915,1,622,299008,2,2170,1,5,2018,2,,,2,,,50,110,,1,,5.1399998664856,25000
6,29,2915,1,622,299008,3,3040,1,9,2018,1,2,,1,11,2018,2,130,,11,2,50,30000
6,29,2915,1,622,299008,3,3110,2,,,,,,,,,,,,,,,
6,29,2918,1,454,299013,1,2030,2,,,,,,,,,,,,,,,
6,29,2918,1,454,299013,1,2170,2,,,,,,,,,,,,,,,
6,29,2918,1,454,299014,1,2170,1,12,2018,2,,,1,12,2018,1,180,,,,,60000
6,29,2918,1,454,299014,1,3040,1,12,2018,2,,,1,12,2018,4,130,,12,2,100,60000
6,29,2918,1,454,299014,1,3110,1,11,2018,2,,,1,11,2018,6,140,,1,2,6.50299978256226,24000
6,29,2918,1,454,299014,2,2270,1,7,2018,2,,,2,,,2,140,,1,2,,3500
6,29,2918,1,454,299014,2,3040,1,10,2018,2,,,2,,,1,130,,12,2,100,60000
6,29,2918,1,454,299014,2,3110,1,9,2018,2,,,2,,,4,140,,1,2,6.50299978256226,8000
6,29,2918,1,454,299014,3,2170,1,10,2018,2,,,2,,,3,110,,1,,5.1399998664856,6000
6,29,2918,1,454,299014,3,3040,1,8,2018,2,,,2,,,2,130,,11,2,50,50000
6,29,2918,1,454,299014,3,3110,1,9,2018,2,,,2,,,2,140,,1,2,6.50299978256226,6500
6,29,2918,1,454,299014,4,2030,1,11,2018,2,,,2,,,4,110,,1,,7.1399998664856,2400
6,29,2918,1,454,299014,4,3040,1,11,2018,2,,,2,,,2,130,,11,2,50,60000
6,29,2918,1,454,299018,1,2030,1,1,2019,2,,,2,,,8,140,,1,,,1500
6,29,2918,1,454,299018,1,2170,1,8,2018,2,,,2,,,2,170,,,,,4000
6,29,2918,1,454,299018,1,3040,1,12,2018,2,,,2,,,4,130,,11,2,50,120000
6,29,2918,1,454,299018,1,3110,1,6,2018,2,,,2,,,6,140,,1,2,6.50299978256226,12000
6,29,2918,1,454,299020,1,2170,1,7,2018,2,,,2,,,190,110,,2,,7.96500015258789,150000
6,29,2918,1,454,299020,1,3040,1,9,2018,2,,,2,,,1,130,,12,2,100,150000
6,29,2918,1,454,299020,1,3110,2,,,,,,,,,,,,,,,
6,29,2928,1,322,299027,2,3040,1,2,2018,2,,,1,12,2018,2,130,,11,2,50,56000
6,29,2928,1,322,299027,2,3110,1,3,2018,2,,,1,3,2018,2,140,,1,2,6.50299978256226,12000
6,29,2928,1,322,299030,1,2160,1,2,2018,2,,,1,5,2018,50,80,,1,,2.73499989509583,4000
6,29,2928,1,322,299030,1,3020,1,2,2018,2,,,1,4,2018,30,11,,,,,30000
6,29,2928,1,322,299032,2,2170,1,5,2018,2,,,2,,,24,110,,1,,5.1399998664856,6000
6,29,2928,1,322,299033,1,3040,1,10,2018,1,2,,1,12,2018,37,1,,,2,1,20720
6,29,2928,1,322,299033,1,3110,2,,,,,,,,,,,,,,,
6,29,2928,1,322,299033,1,3170,1,10,2018,2,,,1,12,2018,5,130,,11,,50,15000
6,29,2928,1,322,299033,1,3180,1,5,2018,1,10,,1,12,2018,38,100,,1,,25,9500
6,29,2928,1,322,299033,2,3040,2,,,,,,,,,,,,,,,
6,29,2928,1,322,299033,2,3110,2,,,,,,,,,,,,,,,
6,29,2928,1,322,299033,4,3020,1,3,2018,2,,,1,6,2018,2,130,,11,,50,32000
6,29,2928,1,322,299033,4,3180,1,4,2018,1,10,,1,12,2018,40,100,,1,,25,10000
6,29,2928,1,322,299035,1,2170,1,10,2018,2,,,2,,,20,110,,1,,5.1399998664856,5000
6,29,2928,1,322,299035,1,3040,1,11,2018,1,2,,2,,,1,130,,10,2,25,15000
6,29,2928,1,322,299035,1,3110,1,5,2018,1,2,,1,8,2018,2,140,,0,1,4.11199998855591,2000
6,29,2928,1,322,299035,1,3180,1,6,2018,2,,,1,6,2018,250,100,,1,,25,75000
6,29,2928,1,322,299035,2,3020,1,7,2018,1,5,,1,8,2018,8,140,,1,,,9600
6,29,2928,1,322,299035,4,3040,1,10,2018,1,2,,1,12,2018,1,130,,10,2,25,15000
6,29,2928,1,322,299035,4,3110,1,3,2018,1,2,,1,8,2018,2,140,,0,1,4.11199998855591,2000
6,30,3023,2,622,300172,2,3180,2,,,,,,,,,,,,,,,
6,30,3023,2,622,300172,3,3170,2,,,,,,,,,,,,,,,
6,30,3023,2,622,300175,3,3180,2,,,,,,,,,,,,,,,
6,30,3023,2,622,300176,1,3040,2,,,,,,,,,,,,,,,
6,30,3023,2,622,300176,2,3040,2,,,,,,,,,,,,,,,
6,30,3023,2,622,300177,2,3040,2,,,,,,,,,,,,,,,
6,30,3023,2,622,300178,1,3040,2,,,,,,,,,,,,,,,
6,30,3023,2,622,300178,1,3180,2,,,,,,,,,,,,,,,
6,30,3023,2,622,300178,4,3020,2,,,,,,,,,,,,,,,
6,30,3023,2,622,300180,2,3040,1,12,2018,2,,,2,,,24,70,,1,2,,168000
6,30,3011,2,306,309033,4,2030,1,12,2018,2,,,2,,,23,110,,2,,21.6200008392334,23000
6,30,3011,2,306,309033,5,3020,2,,,,,,,,,,,,,,,
6,30,3013,1,0,309042,3,3040,1,11,2018,2,,,2,,,7,140,,2,2,,280000
6,30,3026,1,72,309103,2,3040,2,,,,,,,,,,,,,,,
6,30,3011,2,306,309126,3,3020,1,1,2019,2,,,2,,,1,10,,,,,4000
5,32,3206,2,276,320074,1,2170,1,9,2018,2,,,2,,,6,110,,1,,5.1399998664856,9000
5,32,3206,2,276,320074,2,2170,1,11,2018,2,,,2,,,4,110,,1,,5.1399998664856,6000
5,32,3206,2,276,320076,1,2170,1,11,2018,2,,,2,,,10,110,,1,,5.1399998664856,12000
5,32,3206,2,276,320076,2,2170,1,11,2018,2,,,2,,,5,110,,1,,5.1399998664856,5000
5,32,3206,2,276,320076,3,2170,2,,,,,,,,,,,,,,,
5,32,3206,2,276,320078,2,2170,1,11,2018,2,,,2,,,3,110,,2,,7.96500015258789,3000
5,32,3213,2,128,320186,2,2160,2,,,,,,,,,,,,,,,
5,32,3213,2,128,320186,2,2170,1,12,2018,1,7,,2,,,3,110,,0,,3.50999999046326,1500
5,32,3203,2,1420,329001,1,2170,2,,,,,,,,,,,,,,,
5,32,3203,2,1420,329001,1,3190,2,,,,,,,,,,,,,,,
5,32,3203,2,1420,329001,2,2170,2,,,,,,,,,,,,,,,
5,32,3203,2,1420,329002,1,2170,2,,,,,,,,,,,,,,,
5,32,3203,2,1420,329002,1,3040,2,,,,,,,,,,,,,,,
5,32,3203,2,1420,329003,1,2170,1,12,2018,2,,,2,,,24,110,,1,,5.1399998664856,14000
5,32,3203,2,1420,329003,3,2030,1,11,2018,2,,,2,,,24,110,,1,,7.1399998664856,48000
5,32,3203,2,1420,329009,6,2170,1,8,2018,2,,,2,,,50,110,,1,,5.1399998664856,75000
5,32,3203,2,1420,329009,7,2170,2,,,,,,,,,,,,,,,
5,32,3203,2,1420,329010,2,2170,1,12,2018,2,,,2,,,7,110,,2,,7.96500015258789,14000
5,32,3203,2,0,329011,1,2030,2,,,,,,,,,,,,,,,
5,32,3203,2,0,329011,9,2170,2,,,,,,,,,,,,,,,
5,32,3203,2,0,329011,10,2170,2,,,,,,,,,,,,,,,
5,32,3203,2,1420,329012,1,2030,1,1,2018,2,,,2,,,72,110,,1,,7.1399998664856,42000
5,32,3203,2,1420,329012,1,2160,1,1,2018,1,6,,2,,,15,80,,1,,2.73499989509583,4500
5,32,3203,2,1420,329012,1,2170,1,1,2018,1,7,,2,,,36,110,,1,,5.1399998664856,54000
5,32,3213,2,282,329062,1,3180,1,8,2018,2,,,2,,,200,100,,1,,25,80000
5,32,3213,2,282,329062,8,3180,1,8,2018,2,,,2,,,100,100,,2,,27,40000
5,32,3213,2,282,329062,9,3180,1,8,2018,2,,,2,,,200,100,,1,,25,80000
5,32,3213,2,282,329066,3,2170,1,12,2018,1,7,,2,,,2,110,,2,,7.96500015258789,1000
5,32,3213,2,0,329078,3,2170,2,,,,,,,,,,,,,,,
5,32,3213,2,1358,329080,1,2170,1,11,2018,2,,,2,,,40,110,,1,,5.1399998664856,40000
5,32,3223,2,668,329092,2,3180,1,10,2018,1,7,,2,,,200,100,,1,,25,40000
5,32,3223,2,668,329095,6,2170,2,,,,,,,,,,,,,,,
5,32,3223,2,668,329096,1,2170,2,,,,,,,,,,,,,,,
5,32,3223,2,668,329096,5,2170,1,10,2018,2,,,2,,,5,110,,0,,3.50999999046326,1500
3,33,3323,2,92,330040,2,3160,2,,,,,,,,,,,,,,,
2,34,3409,2,500,349063,2,3040,1,9,2018,1,5,,1,9,2018,15,30,,2,2,,15000
2,34,3409,2,500,349064,1,3040,2,,,,,,,,,,,,,,,
2,34,3409,2,500,349067,2,2030,1,9,2018,2,,,2,,,15,110,,2,,21.6200008392334,22500
2,34,3409,2,500,349067,2,3040,1,7,2018,2,,,2,,,1,130,,12,2,100,45000
2,34,3409,2,500,349068,3,2030,1,8,2018,2,,,2,,,10,100,,2,,2.11999988555908,30000
2,34,3409,2,500,349071,2,2030,1,9,2018,1,2,,2,,,25,110,,1,,7.1399998664856,37000
2,34,3409,2,500,349071,2,3180,1,9,2018,2,,,2,,,15,140,,2,,,35000
2,34,3409,2,500,349072,1,3180,1,9,2018,2,,,1,9,2018,5,100,,2,,27,13500
2,34,3409,2,500,349072,2,3180,1,10,2018,1,2,,2,,,7,140,,1,,,16100
1,37,3704,2,214,379064,2,2030,1,4,2018,2,,,2,,,25,110,,1,,7.1399998664856,75000
1,37,3704,2,214,379064,2,2170,1,6,2018,2,,,2,,,10,110,,2,,7.96500015258789,8000
1,37,3705,2,32,379073,4,3180,2,,,,,,,,,,,,,,,
1,37,3705,2,32,379073,5,2170,1,7,2018,2,,,2,,,120,110,,2,,7.96500015258789,150000
