"zone","state","lga","sector","ea","hhid","item_cd","sa7q1","sa7q2","sa7q3","sa7q4a","sa7q4b","sa7q5"
2,2,209,2,1040,20002,2,1,600,,"N5",,2
2,2,209,2,1040,20006,2,1,8000,,"N2","N3",
2,2,209,2,1040,20006,3,1,9500,,"N4",,
2,2,209,2,1040,20006,6,1,1500,,"N5",,
2,2,209,2,1040,20006,7,1,2000,,,,
2,2,209,2,1040,20006,9,1,500,,,,
2,2,209,2,1040,20007,1,1,5000,,"N4",,2
2,2,209,2,1040,20009,2,1,700,,"N2",,2
2,2,201,2,60,20022,1,1,4500,,"N2",,2
2,2,201,2,60,20022,2,1,6000,,"N2",,2
2,2,201,2,60,20022,3,1,8500,,"N4",,2
2,2,201,2,60,20022,4,1,2500,,"N2",,2
2,2,201,2,60,20022,6,1,600,,,,
2,2,201,2,60,20022,7,1,3000,,,,
2,2,201,2,60,20022,8,1,5000,,,,
2,2,201,2,60,20022,9,1,2000,,,,
2,2,201,2,60,20025,1,1,10000,,"N1",,2
2,2,201,2,60,20025,3,1,2000,,"N4",,2
2,2,201,2,60,20028,2,1,1500,,"N4",,2
2,2,201,2,60,20028,3,1,,,"N4",,2
2,2,203,2,1224,20041,3,1,200,,"N2",,2
2,2,203,2,1224,20044,2,1,2000,,"N6",,2
2,2,203,2,1224,20047,2,1,2000,,"N5",,1
2,2,203,2,1224,20049,2,1,1600,,"N2",,1
2,2,212,2,956,20051,2,1,2500,0,"N6",,2
2,2,212,2,956,20051,3,1,5000,0,"N6",,2
2,2,212,2,956,20051,6,1,500,0,"N6",,
2,2,212,2,956,20051,7,1,1000,0,,,
2,2,212,2,956,20052,2,1,3000,0,"N5",,1
2,2,212,2,956,20053,1,1,40000,,"N4",,2
2,2,212,2,956,20054,1,1,4000,,"N2",,2
2,2,212,2,956,20054,2,1,2400,0,"N3",,2
2,2,212,2,956,20054,4,1,2000,0,"N4",,2
2,2,212,2,956,20054,6,1,1400,0,"N5",,2
2,2,212,2,956,20055,1,1,2000,,"N3",,2
2,2,212,2,956,20055,2,1,1000,0,"N1",,2
2,2,212,2,956,20055,3,1,2000,0,"N1",,2
2,2,212,2,956,20055,4,1,10000,0,"N3",,2
2,2,212,2,956,20055,5,1,1500,0,"N3",,2
2,2,212,2,956,20055,6,1,400,0,,,2
2,2,212,2,956,20055,7,1,1300,0,,,
2,2,212,2,956,20056,2,1,4000,0,"N5",,2
2,2,212,2,956,20056,3,1,3500,0,"N5",,2
2,2,212,2,956,20056,6,1,600,0,"N5",,2
2,2,212,2,956,20059,2,1,2000,0,"N4",,1
2,2,210,2,1300,20063,2,1,3000,,"N3",,1
2,2,210,2,1300,20063,4,1,4000,,"N4",,1
2,2,210,2,1300,20064,2,1,2000,,"N1",,2
2,2,210,2,1300,20070,2,1,3400,,"N4",,2
2,2,210,2,1300,20070,3,1,1200,,"N3",,2
2,2,214,2,898,20072,2,1,5000,,"N2",,2
2,2,214,2,898,20072,3,1,6000,,"N1",,2
2,2,214,2,898,20072,4,1,10000,,"N3",,2
2,2,214,2,898,20074,2,1,20000,,"N2",,
2,2,214,2,898,20074,3,1,15000,5000,"N3","N3",
2,2,214,2,898,20074,4,1,,40000,"N4",,
2,2,214,2,898,20075,2,1,34500,,"N3",,2
2,2,214,2,898,20075,3,1,10000,,"N2",,2
2,2,214,2,898,20075,4,1,30000,,"N4",,2
2,2,214,2,898,20078,2,1,3000,,"N1",,2
2,2,215,1,8,20085,2,1,1800,,"N2",,2
2,2,215,1,8,20085,6,1,200,,"N2",,
2,2,215,1,8,20088,2,1,3000,1000,"N4","N4",2
2,2,207,2,1302,20096,3,1,2500,,"N9",,1
2,2,205,2,712,20102,7,1,3000,,"N2","N3",
2,2,218,2,1592,20114,2,1,48000,,"N7",,2
2,2,218,2,1592,20117,2,1,2000,,"N3",,1
2,2,218,2,1592,20117,3,1,3000,,"N4",,1
2,2,218,2,1592,20118,2,1,3000,,"N3","N1",
2,2,218,2,1592,20119,4,1,,40000,"N3",,2
5,3,307,1,634,30045,3,1,800,,"N2",,2
5,3,307,1,634,30049,2,1,6000,,"N2",,2
5,3,321,2,364,30056,2,1,52000,,"N2",,2
5,3,321,2,364,30056,3,1,6000,,"N2",,2
5,3,321,2,364,30056,6,1,15000,,"N3",,2
5,3,301,1,1198,30105,1,1,6000,,"N1",,2
5,3,326,2,74,30113,2,1,6400,,"N3",,2
5,3,326,2,74,30113,5,1,1500,,"N3",,2
5,3,326,2,74,30113,6,1,300,,"N5",,2
5,3,305,2,1542,30121,2,1,44800,,"N4",,2
5,3,305,2,1542,30121,6,1,3200,,"N5",,2
5,3,305,2,1542,30121,9,1,1500,,"N4",,2
5,3,305,2,1542,30122,2,1,24000,,"N5",,2
5,3,305,2,1542,30122,3,1,1500,,"N4",,2
5,3,305,2,1542,30122,6,1,1200,,"N1",,2
5,3,305,2,1542,30128,1,1,,2000,,,
5,3,305,2,1542,30128,2,1,5000,500,"N2",,2
5,3,305,2,1542,30128,3,1,1000,,"N1",,2
5,3,312,2,20,30134,2,1,4800,,"N5",,2
5,3,312,2,20,30134,6,1,400,,"N6",,
4,4,415,1,2108,40046,2,1,,100,"N1",,2
4,4,419,2,296,40085,2,1,6000,,"N2",,2
4,4,419,2,296,40085,6,1,800,,"N3",,2
4,4,419,2,296,40086,2,1,5000,,"N1",,2
4,4,401,1,1460,40095,2,1,25000,,"N1",,2
4,4,401,1,1460,40095,3,1,10000,,"N2",,2
4,4,410,1,3414,40151,2,1,5000,,"N2",,2
4,4,410,1,3414,40151,3,1,1200,,"N3",,2
4,4,410,1,3414,40151,6,1,300,,"N4",,2
4,4,401,2,2106,40197,2,1,200000,,"N4",,2
4,4,401,2,2106,40197,3,1,10000,,"N4",,2
4,4,401,2,2106,40197,9,1,50000,,"N5",,
4,4,403,2,836,40214,2,1,3800,,,,2
4,4,403,2,836,40214,3,1,350,,,,2
4,4,403,2,836,40214,6,1,450,,,,2
2,5,502,1,2194,50011,2,1,4500,,"N1",,2
2,5,502,1,2194,50011,6,1,500,,"N2",,2
2,5,502,1,2194,50013,2,1,1000,,"N1",,2
2,5,515,2,18,50023,2,1,6000,,"N2",,2
2,5,515,2,18,50023,3,1,900,,"N4",,2
2,5,515,2,18,50024,2,1,10000,,"N1",,2
2,5,515,2,18,50024,3,1,1350,,"N3",,2
2,5,515,2,18,50024,7,1,1200,,,,
2,5,515,2,18,50026,2,1,1400,,"N2",,2
2,5,515,2,18,50027,2,1,8700,,"N2",,2
2,5,515,2,18,50027,3,1,1100,,"N3",,2
2,5,515,2,18,50029,2,1,1500,,"N1",,2
2,5,502,2,3878,50034,1,1,5000,,"N5",,2
2,5,502,2,3878,50034,3,1,2000,,"N4",,2
2,5,502,2,3878,50035,1,1,3000,,"N2",,2
2,5,502,2,3878,50035,2,1,9000,,"N3",,2
2,5,502,2,3878,50036,1,1,1000,,"N1",,2
2,5,502,2,3878,50036,2,1,1000,,"N2",,2
2,5,502,2,3878,50039,2,1,2000,,"N2",,
2,5,502,2,3878,50039,4,1,3000,,"N3",,
2,5,502,2,3878,50040,1,1,,,"N4",,2
2,5,502,2,3878,50040,2,1,,,"N3",,2
2,5,502,2,3878,50040,3,1,,,"N3",,2
2,5,504,2,708,50043,2,1,11000,,"N2",,2
2,5,504,2,708,50043,3,1,1200,,"N3",,2
2,5,504,2,708,50044,2,1,5100,,"N1",,2
2,5,504,2,708,50044,3,1,500,,"N2",,2
2,5,504,2,708,50046,2,1,1900,,"N2",,2
2,5,504,2,708,50047,2,1,6000,,"N1",,2
2,5,504,2,708,50050,2,1,7000,,"N1",,2
2,5,513,2,348,50051,2,1,900,,"N1",,2
2,5,513,2,348,50051,3,1,,,"N2",,2
2,5,513,2,348,50052,3,1,2000,,"N3",,2
2,5,513,2,348,50052,7,1,2000,,"N4",,2
2,5,513,2,348,50053,2,1,3000,,"N1",,2
2,5,513,2,348,50054,2,1,2000,,"N1",,2
2,5,513,2,348,50054,3,1,1000,,"N2",,2
2,5,513,2,348,50054,6,1,2000,,"N1",,2
2,5,513,2,348,50055,3,1,700,,"N5",,2
2,5,513,2,348,50056,3,1,1300,,"N6",,2
2,5,513,2,348,50057,2,1,800,,"N2",,2
2,5,513,2,348,50058,2,1,3000,,"N2",,2
2,5,513,2,348,50058,7,1,250,,"N3",,2
2,5,513,2,348,50059,2,1,1500,,"N1",,2
2,5,513,2,348,50059,3,1,2000,,"N2",,2
2,5,513,2,348,50060,2,1,2000,,"N1",,2
2,5,513,2,348,50060,3,1,,,"N2",,2
2,5,514,2,710,50061,2,1,2300,,"N2",,2
2,5,514,2,710,50062,2,1,8000,,"N1",,2
2,5,514,2,710,50064,2,1,2000,,"N2",,2
2,5,514,2,710,50065,2,1,5000,,"N4","N5",2
2,5,514,2,710,50065,3,1,1350,,"N3",,2
2,5,514,2,710,50066,2,1,1200,,"N3",,2
2,5,514,2,710,50070,2,1,10000,,"N3",,2
2,5,514,2,710,50070,3,1,2400,,"N2",,2
2,5,501,2,60,50072,2,1,4000,,"N2",,2
2,5,501,2,60,50073,2,1,17000,,"N9",,2
2,5,501,2,60,50073,3,1,2400,,"N15",,2
2,5,501,2,60,50076,2,1,600,,"N1",,2
2,5,501,2,60,50080,1,1,12000,,"N3",,2
2,5,501,2,60,50080,2,1,8500,,"N1",,2
2,5,501,2,60,50080,3,1,5000,,"N2",,2
2,5,516,2,942,50082,2,1,2100,,"N3",,2
2,5,516,2,942,50082,3,1,1800,,"N3",,2
2,5,516,2,942,50083,2,1,16650,,"N3",,2
2,5,516,2,942,50083,6,1,1550,,"N4",,2
2,5,516,2,942,50084,2,1,3500,,"N1",,2
2,5,516,2,942,50085,2,1,3500,,"N2","N3",2
2,5,516,2,942,50086,2,1,4800,,"N2",,2
2,5,516,2,942,50087,2,1,4700,,"N2",,2
2,5,516,2,942,50088,2,1,2900,,"N5",,2
2,5,516,2,942,50088,3,1,3800,,"N5",,2
2,5,516,2,942,50089,2,1,13000,,"N7",,2
2,5,516,2,942,50089,3,1,780,,"N6",,2
2,5,516,2,942,50089,6,1,300,,"N8",,2
2,5,516,2,942,50090,2,1,7500,,"N3",,2
2,5,516,2,942,50090,3,1,2000,,"N4",,2
2,5,516,2,942,50090,6,1,250,,,,
2,5,516,2,942,50090,7,1,300,,"N5",,
2,5,508,2,984,50091,7,1,1000,,"N4",,
2,5,508,2,984,50092,2,1,2000,,"N4",,2
2,5,508,2,984,50092,3,1,500,,"N3",,2
2,5,508,2,984,50093,2,1,600,,"N1",,2
2,5,508,2,984,50094,2,1,5000,,"N2",,2
2,5,508,2,984,50097,2,1,12000,,"N1",,2
2,5,508,2,984,50098,3,1,600,,"N4",,
2,5,508,2,984,50098,7,1,300,,"N5",,
2,5,508,2,718,50118,2,1,2500,,"N1",,2
2,5,508,2,718,50119,2,1,2000,,"N3",,2
2,5,510,1,872,50125,2,1,5400,,"N1",,2
2,5,510,1,872,50126,3,1,8200,,"N3",,2
2,5,510,1,872,50127,2,1,500,,"N2",,2
2,5,510,1,872,50127,3,1,450,,"N1",,2
2,5,518,2,1588,50134,2,1,1000,,"N1",,2
2,5,518,2,1588,50137,2,1,3000,,"N1",,2
2,5,518,2,1588,50137,3,1,2000,,"N2",,2
2,5,518,2,1588,50137,6,1,500,,"N3",,
2,5,518,2,1588,50138,3,1,,,"N1",,2
2,5,518,2,1588,50138,7,1,1000,,"N4",,
2,5,510,2,1516,50142,2,1,15000,,"N2",,2
2,5,510,2,1516,50142,6,1,1500,,"N3",,2
2,5,510,2,1516,50143,2,1,5000,,"N5",,2
2,5,510,2,1516,50145,2,1,1000,,"N4",,2
2,5,510,2,1516,50145,3,1,3500,,"N4",,2
2,5,510,2,1516,50146,2,1,5300,,"N5",,2
2,5,510,2,1516,50147,2,1,800,,"N5",,2
2,5,510,2,1516,50149,2,1,22000,,"N2",,2
2,5,510,2,1516,50149,6,1,3000,,"N3",,2
2,5,510,2,1516,50150,2,1,14000,,"N2",,2
2,5,510,2,1516,50150,6,1,1000,,"N4",,2
2,5,518,2,1304,50153,2,1,11000,,"N1",,2
2,5,518,2,1304,50153,3,1,1200,,"N2",,2
2,5,518,2,1304,50153,6,1,600,,"N3",,2
2,5,518,2,1304,50154,2,1,600,,"N1",,2
2,5,518,2,1304,50155,2,1,4000,,"N1",,2
2,5,518,2,1304,50155,3,1,1000,,"N2",,2
2,5,518,2,1304,50156,7,1,500,,"N5",,2
2,5,518,2,1304,50157,7,1,1000,,"N6",,
2,5,518,2,1304,50159,2,1,10000,,"N3",,2
2,5,518,2,1304,50159,3,1,400,,"N4",,2
2,5,518,2,1304,50159,6,1,750,,"N5",,2
2,5,520,2,1756,50161,2,1,4500,,"N3",,2
2,5,520,2,1756,50163,2,1,7500,,"N1",,2
2,5,520,2,1756,50166,2,1,1300,,"N4",,2
2,5,520,2,1756,50167,2,1,40000,,"N2",,2
2,5,520,2,1756,50167,3,1,300,,"N1",,2
2,5,520,2,1756,50169,2,1,900,,"N3",,
2,5,520,2,1756,50170,2,1,650,,"N2",,
5,6,601,2,640,60048,5,1,4000,1800,"N3",,2
1,7,713,2,304,70156,5,1,4000,,"N2",,2
2,8,821,1,5062,80025,2,1,10000,,"N1",,2
2,8,821,1,5062,80026,2,1,3000,2000,"N2","N1",2
2,8,821,1,5062,80026,6,1,100,,"N2",,2
2,8,821,1,5062,80026,8,1,100,,,,
2,8,816,2,1270,80033,9,1,300,500,"N1",,
2,8,816,2,1270,80035,2,1,1000,1000,"N1",,
2,8,816,2,1270,80035,4,1,200,,,,
2,8,816,2,1270,80037,1,1,1600,4500,"N3",,2
2,8,816,2,1270,80037,2,1,5000,,"N1",,2
2,8,816,2,1270,80038,4,1,6000,,"N2",,2
2,8,816,2,1270,80040,4,1,5000,,"N2",,2
2,8,803,1,944,80042,6,1,800,,"N1",,2
2,8,803,1,944,80042,9,1,600,,"N2",,
2,8,803,1,944,80044,2,1,5500,,"N1",,2
2,8,803,1,944,80045,2,1,500,,"N2",,2
2,8,803,1,944,80045,3,1,700,,"N2",,2
2,8,803,1,944,80045,9,1,2600,,"N3",,
2,8,803,1,944,80047,2,1,3000,2000,"N1",,
2,8,803,1,944,80047,6,1,100,300,"N1",,
2,8,811,1,1558,80057,6,1,500,,"N1",,2
2,8,811,1,1558,80057,9,1,200,,"N2",,
2,8,811,1,1558,80060,2,1,1400,,"N1",,2
2,8,811,2,390,80061,1,1,12000,,"N4",,2
2,8,811,2,390,80061,2,1,8000,,"N4",,2
2,8,811,2,390,80061,3,1,2000,,"N5",,2
2,8,811,2,390,80063,1,1,,1000,"N2",,
2,8,811,2,390,80063,2,1,3000,,,,
2,8,811,2,390,80063,6,1,1000,,,,
2,8,811,2,390,80068,4,1,800,,"N4",,2
2,8,811,2,390,80070,2,1,1500,,"N2",,2
2,8,802,2,1152,80074,1,1,5000,,"N2",,
2,8,802,2,1152,80074,3,1,10000,,"N1",,
2,8,802,2,1152,80078,1,1,1000,,,,2
2,8,802,2,1152,80080,3,1,5000,,"N2",,2
2,8,802,2,1152,80080,4,1,700,,"N3",,2
2,8,812,2,866,80081,2,1,1000,300,"N1",,2
2,8,812,2,866,80081,6,1,200,,"N1",,2
2,8,812,2,866,80082,2,1,400,,"N3",,2
2,8,812,2,866,80082,3,1,1000,,"N3",,2
2,8,812,2,866,80088,2,1,1000,,"N1",,2
2,8,812,2,866,80088,3,1,500,,"N3",,2
2,8,805,2,46,80091,1,1,500,,"N2",,2
2,8,805,2,46,80091,2,1,1700,,"N3",,2
2,8,805,2,46,80091,3,1,1000,,"N3",,2
2,8,805,2,46,80091,6,1,500,,"N4",,2
2,8,805,2,46,80100,2,1,2500,,"N1",,2
2,8,805,2,46,80100,3,1,250,,"N2",,2
2,8,827,2,804,80102,1,1,1800,200,"N3",,1
2,8,827,2,804,80102,2,1,3000,1600,"N1",,2
2,8,827,2,804,80102,6,1,100,,"N2",,2
2,8,827,2,804,80106,2,1,3000,,"N2",,2
2,8,827,2,804,80106,3,1,500,,"N3",,2
2,8,807,2,946,80113,1,1,35000,3000,"N2",,
2,8,807,2,946,80114,4,1,600,,"N5",,2
2,8,807,2,946,80117,2,1,600,,"N1",,2
2,8,807,2,946,80117,3,1,350,,"N1",,2
2,8,807,2,946,80118,2,1,1600,,"N1",,2
2,8,807,2,946,80118,3,1,530,,"N2",,2
2,8,807,2,946,80118,6,1,2450,,"N1",,2
2,8,807,2,2396,80121,2,1,300,,"N5",,2
2,8,807,2,2396,80121,3,1,1000,,"N5",,2
2,8,807,2,2396,80123,6,1,300,100,"N1",,2
2,8,807,2,2396,80127,1,1,1000,,"N4",,2
2,8,807,2,2396,80128,2,1,1000,,"N1",,2
2,8,807,2,2396,80130,2,1,600,,"N1","N2",
2,8,807,2,1438,80131,2,1,1000,500,"N1",,2
2,8,807,2,1438,80132,2,1,500,,"N3",,
2,8,807,2,1438,80132,3,1,1000,,"N2",,
2,8,807,2,1438,80135,2,1,1500,3000,"N1",,2
2,8,807,2,1438,80135,6,1,,1500,"N2",,2
2,8,807,2,1438,80137,2,1,1500,,"N1",,2
2,8,807,2,1438,80137,6,1,400,,"N3",,2
2,8,807,2,1438,80138,2,1,2500,,"N2",,2
2,8,807,2,1438,80140,1,1,1300,,"N2",,2
2,8,807,2,1438,80140,2,1,6000,,"N3",,
2,8,807,2,1438,80140,3,1,1500,,"N1",,
2,8,824,2,768,80156,2,1,4000,1000,"N2",,2
2,8,817,1,2476,80167,1,1,15000,,"N3",,2
2,8,817,1,2476,80167,2,1,30000,,"N3",,2
2,8,823,2,548,80171,3,1,2000,,"N1",,2
2,8,823,2,548,80178,2,1,2000,500,"N1",,2
2,8,823,2,548,80179,3,1,3000,,"N2",,2
2,8,809,2,1748,80181,3,1,1000,,"N1",,2
2,8,809,2,1748,80182,2,1,1000,500,"N2",,2
2,8,809,2,1748,80182,6,1,200,,"N1",,2
2,8,809,2,1748,80184,3,1,1000,,"N1",,2
2,8,809,2,1748,80190,2,1,,15000,,,
2,8,826,2,926,80193,4,1,5000,2000,"N2",,2
2,8,826,2,926,80194,2,1,1000,2000,"N1",,2
2,8,826,2,926,80196,2,1,12000,,"N1",,2
2,8,826,2,926,80198,2,1,1000,,"N3",,2
2,8,826,2,926,80199,2,1,1500,,"N3",,2
2,8,826,2,926,80199,3,1,600,,"N3",,2
2,8,826,2,926,80200,2,1,2500,,"N4",,2
2,8,826,2,926,80200,3,1,600,,"N4",,2
2,8,815,2,362,80201,2,1,2100,,"N3",,2
2,8,815,2,362,80203,1,1,500,,"N1",,2
2,8,815,2,362,80203,2,1,1500,,"N3",,2
2,8,815,2,362,80203,3,1,2000,,"N4",,2
2,8,815,2,362,80203,6,1,1000,,"N1",,
2,8,815,2,362,80203,7,1,600,,"N4",,
5,9,908,1,278,90010,2,1,2000,,"N2",,2
5,9,908,1,278,90010,3,1,300,,"N1",,2
5,9,908,1,278,90010,6,1,200,,"N3",,2
5,9,903,2,48,90014,2,1,2200,,"N2",,2
5,9,903,2,48,90018,1,1,,10000,"N1",,2
5,10,1010,2,20,100075,2,1,6000,,"N1",,1
5,10,1018,1,634,100115,2,1,120000,,"N3",,2
5,10,1018,1,634,100115,6,1,8000,,"N4",,2
4,11,1108,2,492,110059,1,1,220000,,"N3",,
4,11,1108,2,492,110059,2,1,950000,,"N1",,
4,11,1108,2,492,110059,3,1,170000,,"N2",,
4,11,1108,2,492,110059,4,1,180000,,"N4","N5",
4,11,1108,2,492,110059,6,1,16500,,,,
5,12,1208,2,526,120045,2,1,500,,"N1",,2
5,12,1208,2,526,120047,2,1,,1500,"N2",,2
5,12,1216,2,618,120052,2,1,700,500,"N2",,2
5,12,1216,2,618,120053,2,1,5000,,"N1","N2",2
5,12,1216,2,618,120053,6,1,1500,,"N1","N2",2
5,12,1216,2,618,120055,2,1,3000,,"N1",,2
5,12,1216,2,618,120055,6,1,200,,"N1",,2
5,12,1216,2,618,120058,2,1,300,600,"N2",,2
5,12,1210,2,462,120063,2,1,6800,,"N3","N4",2
5,12,1210,2,462,120063,6,1,2400,,"N3","N4",2
5,12,1210,2,462,120064,2,1,,500,"N2",,2
5,12,1210,2,462,120066,2,1,,300,"N2",,2
5,12,1210,2,462,120068,2,1,,200,"N2",,2
5,12,1214,2,452,120094,2,1,2000,,"N12",,2
6,13,1305,1,1232,130046,2,1,1500,,"N1",,2
6,13,1309,2,674,130051,2,1,2100,,"N3",,2
6,13,1309,2,674,130055,2,1,1200,,"N2",,2
6,13,1309,2,674,130058,2,1,1000,,"N2",,2
4,14,1415,2,952,140043,3,1,15000,,"N1",,2
4,14,1415,2,952,140044,2,1,36000,36000,"N3",,2
4,14,1415,2,952,140044,3,1,15000,15000,"N1",,2
4,14,1413,2,670,140075,2,1,20000,,"N1","N1",2
4,14,1413,2,670,140075,3,1,10000,,"N1","N1",2
4,14,1413,2,670,140075,6,1,2000,,,,2
4,14,1408,2,968,140109,2,1,1800,,"N9",,
4,14,1408,2,968,140109,3,1,2000,,"N9",,
4,14,1408,2,968,140109,6,1,1500,,"N9",,
4,14,1411,2,1066,140117,2,1,800,,"N1",,2
4,14,1411,2,1066,140119,1,1,2500,1000,"N2","N3",2
4,14,1416,2,2314,140122,2,1,5000,500,"N2",,2
4,14,1416,2,2314,140122,3,1,300,300,"N2",,2
2,15,1506,1,398,150001,2,1,2500,,"N2",,2
2,15,1506,1,398,150001,7,1,500,,,,
2,15,1506,1,398,150002,2,1,4000,,"N2",,2
2,15,1506,1,398,150002,3,1,2300,,"N2",,2
2,15,1506,1,398,150002,6,1,2000,,"N3",,2
2,15,1508,2,1682,150012,1,1,30000,,"N3",,2
2,15,1508,2,1682,150012,2,1,20000,,"N4",,2
2,15,1508,2,1682,150012,3,1,20000,,"N5",,2
2,15,1508,2,1682,150012,6,1,500,,"N6",,2
2,15,1508,2,1682,150012,8,1,10000,,"N7",,2
2,15,1508,2,1682,150013,3,1,400,,"N1",,2
2,15,1508,2,1682,150014,3,1,500,,"N1",,2
2,15,1508,2,1682,150014,7,1,250,,"N1",,
2,15,1508,2,1682,150015,1,1,6000,,"N4",,
2,15,1508,2,1682,150015,2,1,9000,,"N1",,
2,15,1508,2,1682,150015,3,1,3000,,"N2",,
2,15,1508,2,1682,150015,6,1,2000,,"N3",,
2,15,1508,2,1682,150017,2,1,1500,,"N2",,2
2,15,1508,2,1682,150017,3,1,3000,,"N3",,2
2,15,1508,2,1682,150018,3,1,300,9,,,2
2,15,1511,2,1938,150021,2,1,2900,,"N3",,2
2,15,1511,2,1938,150021,6,1,400,,"N4",,2
2,15,1511,2,1938,150022,3,1,1500,,,,2
2,15,1511,2,1938,150027,3,1,400,,"N2",,2
2,15,1511,2,1938,150030,2,1,5000,,"N2",,2
2,15,1511,2,1938,150030,3,1,1000,,"N2",,2
2,15,1502,2,590,150032,3,1,600,,"N2",,2
2,15,1502,2,590,150038,1,1,,80000,"N3",,2
2,15,1502,2,590,150038,3,1,25000,,"N2",,2
2,15,1502,2,590,150038,4,1,35000,,"N3",,2
2,15,1502,2,590,150038,7,1,4000,,"N4",,
2,15,1502,2,590,150038,9,1,10000,,"N4",,
2,15,1502,2,590,150039,2,1,1000,,"N3",,2
2,15,1502,2,590,150039,3,1,300,,"N2",,2
2,15,1502,2,590,150039,6,1,400,,"N4",,2
2,15,1502,2,590,150040,2,1,2500,,"N2",,2
2,15,1502,2,590,150040,6,1,500,,"N3",,2
2,15,1510,2,616,150041,3,1,1600,,"N1",,2
2,15,1510,2,616,150043,2,1,1500,,"N1",,
2,15,1510,2,616,150043,3,1,700,,"N2",,
2,15,1510,2,616,150043,6,1,500,,,,
2,15,1510,2,616,150043,7,1,2000,,"N3",,
2,15,1510,2,616,150044,2,1,1200,,"N1",,2
2,15,1510,2,616,150044,3,1,600,,"N1",,2
2,15,1510,2,616,150044,6,1,2000,,"N3",,2
2,15,1510,2,616,150047,2,1,30000,,"N1",,2
2,15,1510,2,616,150047,3,1,5000,,"N2",,2
2,15,1507,2,458,150051,2,1,5000,,"N2",,2
2,15,1507,2,458,150051,3,1,1700,,"N2",,2
2,15,1507,2,458,150051,6,1,600,,"N2",,2
2,15,1507,2,458,150051,7,1,2000,,"N3",,
2,15,1507,2,458,150052,1,1,4000,,"N3",,2
2,15,1507,2,458,150052,2,1,10000,,"N4",,2
2,15,1507,2,458,150052,3,1,4000,,"N2",,2
2,15,1507,2,458,150052,6,1,1000,,"N5",,2
2,15,1507,2,458,150053,1,1,7000,,"N2",,2
2,15,1507,2,458,150055,1,1,5000,,"N2",,2
2,15,1503,2,634,150068,1,1,500,,"N2",,2
2,15,1503,2,634,150069,1,1,2000,,"N2",,2
2,15,1503,2,634,150069,2,1,10000,,"N3",,2
2,15,1503,2,634,150069,3,1,5000,,"N4",,2
2,15,1503,2,634,150069,6,1,100,,"N5",,2
2,15,1503,2,634,150069,8,1,1000,,"N6",,2
2,15,1506,1,148,150077,1,1,3000,,"N1",,2
2,15,1506,1,148,150077,2,1,5000,,"N1",,2
2,15,1506,1,148,150077,3,1,25000,,"N2",,2
2,15,1506,1,148,150077,4,1,10000,,"N2",,2
2,15,1506,1,148,150077,5,1,5000,,"N2",,2
2,15,1506,1,148,150077,6,1,4000,,"N2",,2
2,15,1506,1,148,150077,7,1,1000,,"N1",,2
2,15,1506,1,148,150078,2,1,36000,,"N3",,2
2,15,1506,1,148,150078,3,1,10000,,"N2",,2
2,15,1506,1,148,150078,7,1,4000,,,,
4,16,1616,2,296,160061,2,1,72500,,"N2",,2
4,16,1616,2,296,160061,3,1,12000,,"N2",,2
4,16,1616,2,296,160061,5,1,15000,,"N3",,2
4,16,1616,2,296,160061,6,1,10000,,"N5",,2
4,16,1620,2,106,160078,2,1,22000,,"N1",,2
4,16,1620,2,106,160078,3,1,5000,,"N2",,2
4,16,1620,2,106,160078,6,1,400,,"N1",,2
4,16,1601,2,954,160092,2,1,25000,,"N2",,2
4,16,1601,2,954,160092,3,1,6000,,"N3",,2
4,16,1601,2,954,160092,6,1,6000,,"N3",,2
4,16,1612,2,108,160186,2,1,20000,,"N4",,2
4,16,1612,2,108,160186,3,1,1000,,"N3",,2
3,17,1706,2,284,170001,2,1,30000,,"N4",,2
3,17,1706,2,284,170002,2,1,10000,,"N1",,2
3,17,1706,2,284,170003,2,1,4000,,"N4",,2
3,17,1706,2,284,170003,3,1,2000,,"N4",,2
3,17,1706,2,284,170004,2,1,500,,"N1",,2
3,17,1706,2,284,170004,3,1,2000,,"N2",,2
3,17,1706,2,284,170004,6,1,500,,"N1",,2
3,17,1706,2,284,170005,2,1,7000,,"N2",,2
3,17,1706,2,284,170006,2,1,100,,"N1",,2
3,17,1706,2,284,170008,2,1,20000,,,,2
3,17,1706,2,284,170008,5,1,18000,,,,2
3,17,1706,2,284,170010,2,1,300,,"N1",,2
3,17,1719,2,1354,170011,2,1,5000,,"N1",,2
3,17,1719,2,1354,170012,2,1,3000,,"N3",,2
3,17,1719,2,1354,170013,2,1,6000,,"N4",,2
3,17,1719,2,1354,170016,2,1,320,,"N1",,2
3,17,1719,2,1354,170017,2,1,4000,,"N1",,2
3,17,1719,2,1354,170017,3,1,2500,,"N2",,2
3,17,1719,2,1354,170018,2,1,1200,,"N1",,2
3,17,1719,2,1354,170020,3,1,360,,"N2",,2
3,17,1704,2,1080,170021,2,1,2000,,"N1",,2
3,17,1704,2,1080,170022,2,1,2000,,"N1",,2
3,17,1704,2,1080,170024,2,1,4000,,"N1",,2
3,17,1704,2,1080,170026,2,1,3000,,"N1",,2
3,17,1704,2,1080,170027,2,1,1000,,"N1",,2
3,17,1704,2,1080,170028,2,1,1000,300,"N1",,2
3,17,1704,2,1080,170030,2,1,5000,,"N2",,2
3,17,1704,1,2074,170037,2,1,3000,,"N2",,2
3,17,1722,2,96,170041,2,1,20000,,"N1",,2
3,17,1722,2,96,170041,3,1,7000,,"N2",,2
3,17,1722,2,96,170042,2,1,10000,,"N3",,2
3,17,1722,2,96,170043,2,1,3000,,,,2
3,17,1722,2,96,170043,5,1,1000,,,,2
3,17,1722,2,96,170046,2,1,3000,,"N2",,2
3,17,1722,2,96,170048,2,1,160,,"N2",,2
3,17,1722,2,96,170049,2,1,1200,,"N2",,2
3,17,1722,2,96,170049,6,1,140,,"N2",,2
3,17,1715,2,2244,170051,2,1,4000,,"N6",,2
3,17,1715,2,2244,170052,2,1,7000,,"N1",,2
3,17,1715,2,2244,170052,3,1,500,,"N1",,2
3,17,1715,2,2244,170053,2,1,4000,,"N2",,2
3,17,1715,2,2244,170053,3,1,500,,"N2",,2
3,17,1715,2,2244,170053,6,1,200,,"N2",,2
3,17,1715,2,2244,170054,2,1,10000,,,,2
3,17,1715,2,2244,170056,2,1,1500,,"N2",,2
3,17,1715,2,2244,170059,2,1,4000,,"N1",,2
3,17,1715,2,2244,170059,3,1,1000,,"N2",,2
3,17,1715,2,2244,170060,2,1,20000,,"N1",,2
3,17,1710,2,546,170061,2,1,5000,,"N1",,2
3,17,1710,2,546,170061,3,1,4500,,"N1",,2
3,17,1710,2,546,170062,2,1,3000,,"N1",,2
3,17,1710,2,546,170062,3,1,1000,,"N2",,2
3,17,1710,2,546,170064,2,1,1000,,"N6",,2
3,17,1710,2,546,170064,3,1,1200,,"N6",,2
3,17,1710,2,546,170064,6,1,200,,"N6",,2
3,17,1710,2,546,170070,2,1,10000,,"N3",,2
3,17,1713,1,226,170079,2,1,4000,,"N1","N2",2
3,17,1716,2,1452,170081,2,1,400,,"N1",,2
3,17,1716,2,1452,170082,2,1,1000,,"N3",,2
3,17,1716,2,1452,170082,3,1,5000,,"N3",,2
3,17,1716,2,1452,170082,6,1,100,,"N3",,2
3,17,1716,2,1452,170084,2,1,3000,,"N3",,2
3,17,1716,2,1452,170089,2,1,8000,,"N3",,2
3,17,1716,2,1452,170089,3,1,2500,,"N3",,2
3,17,1716,2,1452,170089,6,1,100,,"N3",,2
3,17,1716,2,1452,170090,3,1,40,,"N2",,2
3,17,1702,2,510,170091,2,1,2000,,"N5",,2
3,17,1702,2,510,170092,2,1,10000,,"N1",,2
3,17,1702,2,510,170095,2,1,6000,,"N2",,2
3,17,1702,2,510,170096,2,1,420,,"N2",,2
3,17,1702,2,510,170097,2,1,5000,,"N2",,2
3,17,1702,2,510,170097,3,1,3000,,"N2",,2
3,17,1702,2,510,170098,2,1,10000,,"N4",,2
3,17,1702,2,510,170099,2,1,20000,,,,2
3,17,1702,2,510,170099,3,1,5000,,"N5",,2
3,17,1702,2,510,170099,6,1,400,,,,2
3,17,1702,2,510,170100,2,1,3000,,"N1","N2",2
3,17,1727,2,634,170103,2,1,7000,,"N1",,2
3,17,1727,2,634,170103,6,1,700,,,,2
3,17,1727,2,634,170104,2,1,20000,,"N1",,2
3,17,1727,2,634,170104,3,1,2000,,"N2",,2
3,17,1727,2,634,170106,2,1,25000,,"N1","N2",2
3,17,1727,2,634,170107,2,1,9000,,"N2",,2
3,17,1727,2,634,170108,2,1,6000,,"N1",,2
3,17,1727,2,634,170109,2,1,2000,,"N1",,2
3,17,1727,2,634,170110,2,1,7000,,"N2",,2
3,17,1712,2,794,170112,2,1,1500,,"N3",,2
3,17,1712,2,794,170115,2,1,4000,,"N1",,2
3,17,1712,2,794,170117,2,1,4000,,"N1",,2
3,17,1712,2,794,170117,3,1,500,,"N2",,2
3,17,1712,2,794,170119,2,1,20000,,,,2
3,17,1712,2,794,170120,2,1,10000,,"N5",,2
3,17,1712,2,794,170120,3,1,5000,,"N5",,2
3,17,1712,2,794,170120,4,1,2000,,"N5",,2
3,17,1712,2,794,170120,6,1,500,,"N5",,2
3,17,1724,2,786,170121,2,1,20000,,"N2",,2
3,17,1724,2,786,170121,3,1,1600,,"N2",,2
3,17,1724,2,786,170124,2,1,4000,,"N3",,2
3,17,1724,2,786,170125,2,1,10000,,"N1",,2
3,17,1724,2,786,170125,3,1,12,,"N2",,2
3,17,1724,2,786,170126,2,1,20000,,"N2",,2
3,17,1724,2,786,170128,2,1,15000,,"N2",,2
3,17,1724,2,786,170128,6,1,120,,"N2",,2
3,17,1724,2,786,170129,2,1,6000,,"N1",,2
3,17,1724,2,786,170130,2,1,1000,,"N1",,2
3,18,1804,1,2690,180001,2,1,1200,,"N1","N2",2
3,18,1804,1,2690,180004,2,1,2000,300,"N1","N3",2
3,18,1804,1,2690,180004,3,1,100,,"N2",,2
3,18,1804,1,2690,180006,2,1,13200,,"N1",,2
3,18,1804,1,2690,180006,6,1,1500,,"N1",,2
3,18,1804,1,2690,180008,2,1,6000,,"N1",,2
3,18,1804,1,2690,180008,6,1,200,,"N2",,2
3,18,1804,1,2690,180008,7,1,400,,"N1",,2
3,18,1803,2,840,180032,2,1,5000,,"N1",,2
3,18,1803,2,840,180032,6,1,200,,"N1",,2
3,18,1803,2,840,180034,7,1,1500,,"N3",,
3,18,1803,2,840,180038,7,1,2500,,"N1",,
3,18,1803,2,840,180040,3,1,1300,500,"N4",,2
3,18,1816,1,378,180041,2,1,3500,,"N1",,2
3,18,1816,1,378,180043,2,1,1800,,"N1",,2
3,18,1805,2,534,180057,2,1,1800,,"N1",,2
3,18,1805,2,534,180057,6,1,200,,"N1",,2
3,18,1805,2,534,180059,2,1,10000,,"N4",,2
3,18,1805,2,534,180059,3,1,5500,,"N4",,2
3,18,1805,2,534,180059,6,1,800,,"N5",,2
3,18,1817,2,370,180065,7,1,400,1200,"N2",,
3,18,1808,2,1726,180071,7,1,500,,"N1",,
3,18,1808,2,1726,180072,2,1,11350,,"N2",,2
3,18,1808,2,1726,180072,3,1,2000,,"N3",,2
3,18,1808,2,1726,180075,2,1,400,,"N2",,2
3,18,1808,2,1726,180076,2,1,500,,"N3",,2
3,18,1808,2,1726,180076,6,1,500,,"N3",,2
3,18,1808,2,1726,180076,7,1,100,,"N3",,2
3,18,1811,2,364,180081,2,1,300,,"N2",,2
3,18,1811,2,364,180081,3,1,2000,,"N2",,2
3,18,1811,2,364,180081,6,1,300,,"N2",,2
3,18,1811,2,364,180084,2,1,4000,1000,"N3",,2
3,18,1811,2,364,180084,3,1,600,,"N2",,2
3,18,1811,2,364,180085,7,1,200,,"N4",,
3,18,1811,2,364,180088,2,1,3500,,"N3",,2
3,18,1811,2,364,180088,3,1,500,,"N2",,2
3,18,1811,2,364,180088,6,1,300,,"N2",,2
3,18,1820,2,450,180099,2,1,1200,,"N1",,2
3,18,1822,2,1654,180102,2,1,1700,,"N1",,2
3,18,1822,2,1654,180102,9,1,700,,"N2",,
3,18,1822,2,1654,180110,3,1,2400,600,"N3",,2
3,18,1814,2,678,180111,2,1,1900,,"N3",,2
3,18,1814,2,678,180111,3,1,,1000,"N3",,2
3,18,1814,2,678,180111,6,1,500,,"N4",,2
3,18,1814,2,678,180111,7,1,5000,,"N5",,
3,18,1814,2,678,180112,2,1,4500,,"N2",,2
3,18,1814,2,678,180112,6,1,300,,"N2",,2
3,18,1814,2,678,180112,7,1,1800,,"N2",,2
3,18,1814,2,678,180113,1,1,,50000,"N1",,2
3,18,1814,2,678,180116,2,1,13000,,"N1",,2
3,18,1814,2,678,180116,3,1,1600,,"N2",,2
3,18,1814,2,678,180117,2,1,3000,,"N2",,2
3,18,1814,2,678,180117,6,1,200,,"N2",,2
3,18,1814,2,678,180117,7,1,2800,,"N2",,
3,19,1943,2,668,190023,2,1,3000,,"N1",,2
3,19,1916,2,1516,190034,2,1,10000,,"N2",,2
3,19,1916,2,1516,190037,2,1,3650,,"N1","N2",2
3,19,1916,2,1516,190038,2,1,2100,,"N1",,2
3,19,1916,2,1516,190039,2,1,2500,,"N1",,
3,19,1916,2,1516,190039,6,1,600,,"N2",,
3,19,1916,2,1516,190040,2,1,1200,,"N3",,
3,19,1916,2,1516,190040,6,1,800,,"N4",,
3,19,1901,2,640,190041,2,1,5000,,"N4",,2
3,19,1901,2,640,190041,3,1,1000,,"N4",,2
3,19,1901,2,640,190041,6,1,800,,"N5",,2
3,19,1901,2,640,190042,2,1,1800,,"N3",,
3,19,1901,2,640,190042,6,1,800,,"N4",,
3,19,1901,2,640,190043,2,1,1000,,"N3",,
3,19,1901,2,640,190044,1,1,25000,,"N1",,2
3,19,1901,2,640,190044,2,1,3000,,"N2",,2
3,19,1901,2,640,190045,2,1,6200,,"N5","N2",2
3,19,1901,2,640,190046,1,1,28000,,"N1",,2
3,19,1901,2,640,190046,2,1,4000,,"N2",,2
3,19,1901,2,640,190047,2,1,10000,,"N3",,2
3,19,1901,2,640,190047,3,1,1000,,"N2",,2
3,19,1901,2,640,190048,2,1,3000,,"N2",,2
3,19,1901,2,640,190049,2,1,2800,,"N1",,2
3,19,1901,2,640,190050,2,1,4000,,"N1","N1",2
3,19,1901,2,640,190050,6,1,200,,,,2
3,19,1937,2,432,190051,2,1,2000,,"N1",,2
3,19,1937,2,432,190051,7,1,800,,"N1",,2
3,19,1937,2,432,190054,2,1,12000,,"N1",,
3,19,1937,2,432,190059,2,1,1800,,"N4",,2
3,19,1937,2,432,190059,7,1,900,,"N5",,2
3,19,1936,2,1994,190061,1,1,20000,,"N2",,2
3,19,1936,2,1994,190061,2,1,8000,,"N1","N2",2
3,19,1936,2,1994,190063,2,1,3000,,"N1","N2",2
3,19,1936,2,1994,190064,2,1,5000,,"N6",,
3,19,1936,2,1994,190064,3,1,2000,,"N7",,
3,19,1936,2,1994,190064,6,1,800,,"N8",,
3,19,1936,2,1994,190065,2,1,3000,,"N5",,2
3,19,1936,2,1994,190065,3,1,1400,,"N6",,2
3,19,1936,2,1994,190065,6,1,1000,,"N7",,2
3,19,1936,2,1994,190066,2,1,5000,,"N2",,2
3,19,1936,2,1994,190067,2,1,3000,,"N2",,
3,19,1936,2,1994,190067,7,1,300,,"N1",,
3,19,1936,2,1994,190068,2,1,5000,,"N1","N2",
3,19,1936,2,1994,190070,2,1,2000,,"N5",,
3,19,1936,2,1994,190070,3,1,1000,,"N6",,
3,19,1936,2,1994,190070,6,1,400,,"N7",,
3,19,1902,2,52,190071,2,1,15000,5000,"N2","N3",2
3,19,1902,2,52,190074,2,1,1000,200,"N1",,2
3,19,1902,2,52,190076,1,1,5000,7000,,,
3,19,1902,2,52,190076,2,1,2000,,,,
3,19,1902,2,52,190077,2,1,1500,,"N1",,2
3,19,1902,2,52,190077,3,1,1000,,"N1",,2
3,19,1902,2,52,190077,6,1,700,,"N1",,2
3,19,1902,2,52,190078,2,1,2000,,"N3",,2
3,19,1902,2,52,190078,3,1,800,,"N4",,2
3,19,1902,2,52,190078,6,1,1000,,"N5",,2
3,19,1902,2,52,190079,2,1,3500,,"N1","N2",2
3,19,1902,2,52,190080,2,1,2900,,"N1","N2",2
3,19,1914,2,934,190083,2,1,4000,,"N1",,2
3,19,1914,2,934,190083,6,1,300,,"N1",,2
3,19,1914,2,934,190084,2,1,6000,,"N1",,2
3,19,1914,2,934,190086,2,1,15000,,"N2",,2
3,19,1914,2,934,190089,2,1,1200,,"N1",,2
3,19,1914,2,934,190089,6,1,600,,"N2",,2
3,19,1914,2,934,190090,2,1,1200,,"N5",,2
3,19,1914,2,934,190090,6,1,900,,"N6",,2
3,19,1941,2,518,190091,2,1,1300,,"N2",,2
3,19,1941,2,518,190091,5,1,800,,"N3",,2
3,19,1941,2,518,190092,2,1,4000,,"N1","N2",2
3,19,1941,2,518,190093,1,1,27000,,"N1","N1",2
3,19,1941,2,518,190093,2,1,3000,,"N1","N1",2
3,19,1941,2,518,190095,2,1,10000,,"N1",,2
3,19,1941,2,518,190096,2,1,15000,,"N2",,2
3,19,1941,2,518,190097,2,1,4000,,"N3",,
3,19,1941,2,518,190097,6,1,1200,,"N4",,
3,19,1941,2,518,190099,1,1,8000,,"N1",,2
3,19,1941,2,518,190099,2,1,2000,,"N1",,2
3,19,1941,2,518,190100,3,1,1200,,"N3",,2
3,19,1941,2,518,190100,6,1,1000,,"N4",,2
3,20,2021,1,3300,200010,2,1,3600,,"N1",,2
3,20,2021,1,3300,200010,6,1,900,,"N2",,2
3,20,2021,1,3300,200010,9,1,300,,"N1",,
3,20,2018,2,1134,200016,2,1,4000,,"N2",,2
3,20,2018,2,1134,200016,6,1,350,,"N3",,2
3,20,2018,2,1134,200017,2,1,2100,,"N2",,
3,20,2018,2,1134,200017,3,1,1000,,"N1",,
3,20,2018,2,1134,200017,6,1,200,,"N3",,
3,20,2018,2,1134,200018,2,1,8000,,"N4",,2
3,20,2018,2,1134,200018,3,1,3400,,"N4",,2
3,20,2018,2,1134,200018,6,1,640,,"N5",,2
3,20,2018,2,1134,200018,7,1,500,,"N6",,2
3,20,2005,2,970,200026,2,1,2000,,"N1",,2
3,20,2005,2,970,200029,2,1,16000,,"N1",,2
3,20,2003,2,784,200031,2,1,2500,,"N1",,
3,20,2003,2,784,200031,3,1,300,,"N1",,
3,20,2003,2,784,200032,2,1,2500,,"N1",,2
3,20,2003,2,784,200032,3,1,300,,"N2",,2
3,20,2003,2,784,200033,2,1,1000,,"N1",,2
3,20,2003,2,784,200035,2,1,3000,,"N1",,2
3,20,2003,2,784,200037,2,1,10000,,"N2",,2
3,20,2003,2,784,200037,6,1,3000,,"N2",,2
3,20,2003,2,784,200037,7,1,1500,,"N2",,
3,20,2003,2,784,200040,2,1,3800,,"N2",,2
3,20,2003,2,784,200040,6,1,200,,"N3",,2
3,20,2030,2,1050,200041,2,1,5000,,"N1",,2
3,20,2030,2,1050,200042,2,1,2700,,"N2",,2
3,20,2030,2,1050,200043,2,1,1200,,"N2",,2
3,20,2030,2,1050,200044,2,1,6000,,"N1",,2
3,20,2030,2,1050,200044,6,1,300,,"N2",,2
3,20,2030,2,1050,200045,3,1,700,,"N1",,2
3,20,2030,2,1050,200047,2,1,300,,"N1",,2
3,20,2030,2,1050,200048,2,1,3400,,"N1",,2
3,20,2030,2,1050,200048,6,1,500,,"N2",,2
3,20,2030,2,1050,200049,2,1,2600,,"N1",,2
3,20,2030,2,1050,200049,6,1,200,,"N2",,2
3,20,2030,2,1050,200050,2,1,4200,,"N1",,2
3,20,2030,2,1050,200050,6,1,500,,"N2",,2
3,20,2032,1,1390,200051,2,1,4000,,"N1",,2
3,20,2032,1,1390,200051,6,1,300,,"N2",,2
3,20,2032,1,1390,200052,2,1,3600,,"N2",,2
3,20,2032,1,1390,200052,6,1,120,,"N3",,2
3,20,2032,1,1390,200053,2,1,1600,,"N2",,2
3,20,2032,1,1390,200059,2,1,6000,,"N1",,
3,20,2032,2,1772,200061,2,1,10000,,"N1",,2
3,20,2032,2,1772,200062,2,1,10000,,"N1",,2
3,20,2032,2,1772,200063,2,1,8000,,"N1",,2
3,20,2032,2,1772,200064,2,1,4000,,"N1",,2
3,20,2032,2,1772,200065,2,1,1800,,"N1",,2
3,20,2032,2,1772,200065,7,1,400,,"N2",,2
3,20,2032,2,1772,200066,2,1,2700,,"N1",,2
3,20,2032,2,1772,200066,6,1,400,,"N2",,2
3,20,2032,2,1772,200067,2,1,3800,,"N1",,2
3,20,2032,2,1772,200067,6,1,340,,"N1",,2
3,20,2032,2,1772,200068,2,1,10000,,"N1",,2
3,20,2015,2,1746,200072,2,1,1000,,"N2",,2
3,20,2015,2,1746,200072,6,1,600,,"N3","N4",2
3,20,2015,2,1746,200072,9,1,300,,"N2",,
3,20,2015,2,1746,200073,2,1,6000,,"N2",,2
3,20,2015,2,1746,200073,6,1,2600,,"N3","N3",2
3,20,2015,2,1746,200074,2,1,6000,,"N1",,2
3,20,2015,2,1746,200075,2,1,3100,,"N1",,2
3,20,2015,2,1746,200075,6,1,400,,"N2",,2
3,20,2015,2,1746,200076,2,1,3600,,"N1",,2
3,20,2015,2,1746,200076,6,1,300,,"N2",,2
3,20,2015,2,1746,200077,2,1,1600,,"N1",,2
3,20,2015,2,1746,200077,6,1,150,,"N2",,2
3,20,2015,2,1746,200078,2,1,7000,,"N1",,2
3,20,2015,2,1746,200079,2,1,7000,,"N1",,2
3,20,2015,2,1746,200080,2,1,3000,,"N1",,2
3,20,2022,2,1130,200081,2,1,1800,,"N1",,2
3,20,2022,2,1130,200081,6,1,300,,"N2",,2
3,20,2022,2,1130,200082,2,1,1200,,"N1",,2
3,20,2022,2,1130,200083,2,1,1200,,"N1",,2
3,20,2022,2,1130,200084,2,1,2600,,"N1",,2
3,20,2022,2,1130,200084,6,1,150,,"N2",,2
3,20,2022,2,1130,200085,2,1,700,,"N1",,2
3,20,2022,2,1130,200086,2,1,2000,,"N1",,2
3,20,2022,2,1130,200087,2,1,2000,,"N1",,2
3,20,2022,2,1130,200089,2,1,200,,"N1","N2",2
3,20,2022,2,1130,200089,7,1,1500,,"N1",,
3,20,2001,2,1354,200091,2,1,3500,,"N1",,2
3,20,2001,2,1354,200093,2,1,16000,,"N1",,2
3,20,2001,2,1354,200094,2,1,2000,,,,
3,20,2001,2,1354,200096,2,1,1200,,"N3",,1
3,20,2001,2,1354,200097,2,1,2000,,"N2",,2
3,20,2001,2,1354,200097,3,1,1200,,"N1",,2
3,20,2025,2,1304,200113,2,1,3000,,"N1",,2
3,20,2025,2,1304,200113,6,1,500,,"N3",,2
3,20,2025,2,1304,200117,2,1,1200,,"N2",,2
3,20,2019,2,344,200123,2,1,2500,,"N1",,2
3,20,2019,2,344,200124,2,1,1400,,"N3",,2
3,20,2019,2,344,200127,2,1,2500,100,"N4",,1
3,20,2019,2,344,200130,2,1,2500,,"N1",,2
3,20,2009,2,240,200133,2,1,4500,,"N2",,2
3,20,2009,2,240,200138,2,1,4000,,"N1",,2
3,20,2008,2,1474,200143,2,1,2500,,"N2",,1
3,20,2008,2,1474,200148,2,1,2800,,"N1",,2
3,20,2008,2,1474,200149,2,1,3500,,"N2",,2
3,20,2013,2,1232,200153,3,1,150,,"N2",,2
3,20,2013,2,1232,200157,1,1,4500,,"N1",,2
3,20,2013,2,1232,200157,2,1,5000,,"N2",,2
3,20,2013,2,1232,200158,2,1,2800,,"N1",,2
3,20,2013,2,1232,200159,2,1,4500,,"N1",,2
3,20,2028,2,498,200164,2,1,2000,,"N2",,2
3,20,2028,2,498,200165,2,1,250,,,,2
3,20,2028,2,498,200166,1,1,2400,,"N1","N2",2
3,20,2028,2,498,200168,2,1,1200,,,,2
3,20,2028,2,498,200170,2,1,850,,,,2
3,21,2106,2,2822,210002,1,1,10000,,"N2",,2
3,21,2106,2,2822,210002,2,1,8000,,"N2",,2
3,21,2106,2,2822,210002,3,1,1000,,"N1",,2
3,21,2106,2,2822,210008,2,1,6000,,"N1",,2
3,21,2106,2,2822,210008,7,1,600,,"N1",,
3,21,2106,2,236,210011,2,1,4000,,"N4",,2
3,21,2106,2,236,210011,3,1,1000,,"N3","N3",2
3,21,2106,2,236,210012,2,1,3500,,"N1",,2
3,21,2106,2,236,210012,3,1,200,,"N1",,2
3,21,2106,2,236,210012,5,1,150,,"N1",,2
3,21,2106,2,236,210013,2,1,400,,"N3",,1
3,21,2106,2,236,210013,6,1,2000,,"N4",,1
3,21,2106,2,236,210015,2,1,3000,,"N1",,2
3,21,2106,2,236,210015,3,1,250,,"N1",,2
3,21,2106,2,236,210019,2,1,4000,,"N1",,2
3,21,2109,2,38,210021,2,1,3000,,"N2",,2
3,21,2109,2,38,210022,2,1,5000,,"N1",,2
3,21,2109,2,38,210023,2,1,2000,,"N6",,2
3,21,2109,2,38,210024,2,1,10000,,"N1",,1
3,21,2109,2,38,210024,3,1,400,,"N2",,1
3,21,2109,2,38,210029,2,1,20000,,"N1",,2
3,21,2109,2,38,210030,2,1,2000,,"N1",,2
3,21,2119,2,3956,210031,2,1,200,,"N1",,2
3,21,2119,2,3956,210031,3,1,300,,"N1",,2
3,21,2119,2,3956,210032,2,1,1500,,"N1",,2
3,21,2119,2,3956,210032,3,1,5000,,"N1",,2
3,21,2119,2,3956,210038,2,1,2000,,"N3",,2
3,21,2119,2,3956,210040,2,1,4000,,"N2",,1
3,21,2119,2,2146,210041,2,1,2400,,"N2",,2
3,21,2119,2,2146,210041,6,1,200,,"N3",,2
3,21,2119,2,2146,210041,7,1,800,,"N4",,
3,21,2119,2,2146,210043,2,1,2000,,"N2",,1
3,21,2119,2,2146,210044,2,1,7000,,"N1",,2
3,21,2119,2,2146,210045,2,1,23000,,"N3",,2
3,21,2119,2,2146,210045,3,1,3000,,"N2",,2
3,21,2119,2,2146,210046,2,1,6000,,"N3",,1
3,21,2119,2,2146,210046,3,1,2000,,"N2",,1
3,21,2119,2,2146,210046,6,1,450,,"N2",,1
3,21,2119,2,2146,210048,1,1,,50000,"N5",,2
3,21,2119,2,2146,210048,2,1,33600,,"N1","N5",2
3,21,2119,2,2146,210048,3,1,8500,,"N2","N4",2
3,21,2119,2,2146,210048,5,1,3000,,"N1",,2
3,21,2119,2,2146,210048,6,1,1500,,"N5",,2
3,21,2119,2,2146,210048,7,1,1000,,,,
3,21,2119,2,2146,210050,1,1,600,,"N3",,2
3,21,2119,2,2146,210050,2,1,2130,,"N2",,2
3,21,2119,2,2146,210050,6,1,600,,"N3",,2
3,21,2119,2,2146,210050,7,1,200,,"N2",,
3,21,2119,2,2146,210050,8,1,2000,,"N4",,
3,21,2115,2,926,210051,4,1,1600,,"N2",,1
3,21,2115,2,926,210053,2,1,4000,,"N1",,1
3,21,2115,2,926,210053,3,1,500,,"N2",,2
3,21,2115,2,926,210054,1,1,4000,2000,"N2",,2
3,21,2115,2,926,210054,2,1,2000,,"N1",,2
3,21,2115,2,926,210054,3,1,1000,,"N1",,2
3,21,2115,2,926,210055,2,1,7500,,"N1",,2
3,21,2115,2,926,210055,3,1,3000,,"N1",,2
3,21,2115,2,926,210056,2,1,12000,,"N2",,2
3,21,2115,2,926,210057,2,1,18000,,"N2",,2
3,21,2115,2,926,210058,2,1,7000,,"N1",,2
3,21,2115,2,926,210058,3,1,2000,,"N1",,2
3,21,2117,2,554,210062,2,1,1500,,"N4",,2
3,21,2117,2,554,210063,2,1,12000,,"N1",,2
3,21,2117,2,554,210063,7,1,400,,"N1",,
3,21,2117,2,554,210065,2,1,2000,,"N1",,2
3,21,2117,2,554,210066,2,1,5000,,"N1",,2
3,21,2117,2,554,210067,2,1,3000,,"N1",,2
3,21,2117,2,554,210068,2,1,5000,,"N1",,2
3,21,2108,1,520,210072,2,1,50000,,"N2",,2
3,21,2108,1,520,210074,2,1,3000,,"N1",,2
3,21,2108,1,520,210076,2,1,5500,,"N1",,2
3,21,2102,2,1124,210081,2,1,240,,,,2
3,21,2102,2,1124,210081,3,1,500,,,,2
3,21,2102,2,1124,210085,2,1,2500,,"N1",,2
3,21,2102,2,1124,210089,2,1,200,,"N1",,2
3,21,2102,2,1124,210090,2,1,300,,"N1",,2
3,21,2111,2,180,210093,1,1,1500,,"N1","N2",1
3,21,2111,2,180,210093,2,1,4000,,"N3",,1
3,21,2111,2,180,210093,6,1,50,,"N4",,1
3,21,2111,2,180,210094,2,1,1500,,"N1",,1
3,21,2111,2,180,210094,3,1,850,,"N3",,2
3,21,2111,2,180,210095,2,1,2000,,,,
3,21,2111,2,180,210097,2,1,4000,,"N1",,2
3,21,2111,2,180,210097,3,1,1000,,"N1",,2
3,21,2111,2,180,210098,2,1,12000,,"N2",,1
3,21,2111,2,180,210098,3,1,2000,,"N3",,2
3,21,2111,2,180,210100,2,1,2400,,"N1",,1
3,21,2111,2,180,210100,6,1,150,,"N2",,1
1,22,2211,2,594,220012,1,1,3600,,"N1",,2
1,22,2211,2,594,220012,2,1,5000,,"N4",,2
1,22,2211,2,594,220012,3,1,3600,,"N3",,2
1,22,2209,1,792,220049,9,1,600,,"N1",,
1,23,2308,1,5180,230001,2,1,18000,,"N2",,2
1,23,2308,1,5180,230002,2,1,1500,,,,2
1,23,2308,1,5180,230002,3,1,500,,,,2
1,23,2308,1,5180,230003,2,1,4000,,"N1",,2
1,23,2308,1,5180,230006,2,1,8000,,"N1",,2
1,23,2308,1,5180,230008,2,1,1500,,"N1",,2
1,23,2308,1,5180,230009,2,1,2000,,"N1",,2
1,23,2307,1,2316,230018,2,1,1000,,"N1",,2
1,23,2307,1,2316,230019,2,1,2000,,"N1","N2",2
1,23,2307,1,78,230024,2,1,3500,,"N3",,2
1,23,2307,1,78,230027,2,1,2400,,"N1",,2
1,23,2307,1,78,230028,2,1,1000,,"N1",,2
1,23,2307,1,78,230030,2,1,600,,"N1",,2
1,23,2306,1,970,230031,2,1,600,,"N1",,
1,23,2306,1,970,230031,6,1,120,,"N1",,
1,23,2306,1,970,230037,2,1,1500,,"N2",,2
1,23,2308,1,556,230041,2,1,36000,,"N1",,2
1,23,2308,1,556,230046,2,1,500,,"N1",,2
1,23,2308,1,556,230050,2,1,2000,,"N1",,2
1,23,2315,2,924,230051,2,1,1500,,"N2",,2
1,23,2315,2,924,230056,2,1,7200,,"N1",,2
1,23,2309,2,998,230061,2,1,6000,,"N3",,2
1,23,2309,2,998,230063,2,1,1200,,,,2
1,23,2309,2,998,230065,2,1,1500,,"N3",,2
1,23,2309,2,998,230068,2,1,2500,,"N2",,
1,23,2304,2,322,230071,2,1,2000,,"N3",,2
1,23,2304,2,322,230074,2,1,30000,,"N1",,2
1,23,2304,2,322,230074,3,1,3000,,"N1",,2
1,23,2304,2,322,230074,6,1,2000,,,,2
1,23,2304,2,322,230076,2,1,2000,,"N2",,2
1,23,2304,2,322,230077,2,1,5600,,"N2",,2
1,23,2304,2,322,230077,6,1,480,,"N2",,2
1,23,2311,2,516,230083,2,1,2000,,"N2",,2
1,23,2311,2,516,230083,3,1,750,,"N1",,2
1,23,2311,2,516,230087,2,1,900,,"N1",,2
1,23,2311,2,516,230088,2,1,1000,,"N1",,2
1,23,2302,2,1982,230091,2,1,110000,,"N3",,2
1,23,2302,2,1982,230091,3,1,15000,,"N3",,2
1,23,2302,2,1982,230092,1,1,4800,,"N3",,2
1,23,2302,2,1982,230092,2,1,55000,,"N1",,2
1,23,2302,2,1982,230092,3,1,2000,,"N2",,2
1,23,2302,2,1982,230093,2,1,220000,,"N6",,2
1,23,2302,2,1982,230094,2,1,35000,,"N4",,2
1,23,2302,2,1982,230094,3,1,10000,,"N3",,2
1,23,2302,2,1982,230094,6,1,2000,,"N5",,2
1,23,2302,2,1982,230095,1,1,116650,,"N4",,2
1,23,2302,2,1982,230095,2,1,15000,,"N1",,2
1,23,2302,2,1982,230095,3,1,4000,,"N3",,2
1,23,2302,2,1982,230096,2,1,28000,,"N1",,2
1,23,2302,2,1982,230096,3,1,2500,,"N1",,2
1,23,2302,2,1982,230097,2,1,160000,,"N5",,2
1,23,2302,2,1982,230098,2,1,30000,,"N5",,2
1,23,2302,2,1982,230098,3,1,10000,,"N4",,2
1,23,2302,2,1982,230098,6,1,2000,,"N6",,2
1,23,2302,2,1982,230099,2,1,110000,,"N6",,2
1,23,2302,2,1982,230100,2,1,15000,,"N3",,2
1,23,2302,2,1982,230100,3,1,8000,,"N2",,2
1,23,2302,2,1982,230100,6,1,1000,,"N4",,2
1,23,2316,1,140,230101,1,1,22100,,"N3",,2
1,23,2316,1,140,230101,2,1,3000,,"N1",,2
1,23,2316,1,140,230104,2,1,3000,,"N2",,
1,23,2316,1,140,230104,3,1,500,,"N3",,2
1,23,2316,1,140,230105,1,1,10800,,"N2",,
1,23,2316,1,140,230107,2,1,3000,,"N1",,2
1,23,2316,1,140,230108,2,1,3000,,"N1",,2
1,23,2316,1,140,230109,1,1,25200,,"N3",,2
1,23,2316,1,140,230110,2,1,4000,,"N2",,2
1,23,2303,2,2348,230111,1,1,31800,,"N3",,2
1,23,2303,2,2348,230111,2,1,7000,,"N4",,2
1,23,2303,2,2348,230112,2,1,3000,,"N6",,2
1,23,2303,2,2348,230114,2,1,1500,,"N3",,2
1,23,2303,2,2348,230114,3,1,600,,"N2",,2
1,23,2303,2,2348,230117,2,1,5000,,"N2",,2
1,23,2303,2,2348,230117,6,1,500,,"N2",,2
1,23,2303,2,2348,230118,2,1,1500,,"N1","N2",2
1,23,2303,2,2348,230118,6,1,400,,"N1",,2
1,23,2303,2,2348,230119,1,1,18000,,"N3",,2
1,23,2303,2,2348,230119,2,1,3000,,"N1",,2
6,24,2407,2,396,240168,2,1,500,,"N1","N2",2
1,25,2508,1,2788,250005,2,1,3000,,"N3",,2
1,25,2508,1,2788,250005,6,1,1500,,"N3",,2
1,25,2504,2,222,250015,3,1,4000,2,"N1",,2
1,25,2504,2,222,250020,2,1,50,,"N2",,2
1,25,2504,2,222,250020,3,1,1500,,"N2",,2
1,25,2509,2,248,250028,3,1,100,,"N2",,2
1,25,2502,2,728,250053,2,1,5200,,"N3",,2
1,25,2502,2,728,250053,3,1,6000,,"N3",,2
1,25,2502,2,728,250054,2,1,40000,,"N2",,2
1,25,2502,2,728,250054,3,1,5000,,"N2",,2
1,25,2502,2,728,250056,2,1,5000,,"N1",,2
1,25,2502,2,728,250056,3,1,3500,,"N1",,2
1,25,2502,2,728,250056,6,1,500,,"N1",,2
1,25,2502,2,728,250057,2,1,1200,,"N4",,2
1,25,2502,2,728,250057,3,1,4000,,"N4",,2
1,25,2502,2,728,250057,8,1,3000,,"N5",,
1,25,2502,2,728,250058,2,1,24000,,"N2",,2
1,25,2502,2,728,250058,3,1,50000,,"N2",,2
1,25,2502,2,728,250058,8,1,30000,,"N3",,2
1,25,2511,2,1424,250068,4,1,15000,,"N1",,2
1,25,2511,2,1424,250068,6,1,3000,,"N1",,2
1,25,2511,2,1424,250069,2,1,2000,,"N2",,2
1,26,2618,2,1276,260021,2,1,5000,,"N1",,2
1,26,2618,2,1276,260022,2,1,2500,,"N1",,2
1,26,2618,2,1276,260024,2,1,10000,,"N3",,2
1,26,2618,2,1276,260029,2,1,6000,,"N1",,2
1,26,2615,2,2196,260051,2,1,2000,,"N1",,2
1,26,2615,2,2196,260052,2,1,18000,,,,2
1,26,2615,2,2196,260053,2,1,50000,,"N1",,2
1,26,2615,2,2196,260053,3,1,80000,,"N1",,2
1,26,2615,2,2196,260054,2,1,20000,,"N1",,2
1,26,2615,2,2196,260054,3,1,50000,,"N1",,2
1,26,2615,2,2196,260055,2,1,1200,,"N1",,2
1,26,2615,2,2196,260056,2,1,250,,"N1",,2
1,26,2615,2,2196,260057,2,1,3200,,"N1",,2
1,26,2615,2,2196,260058,2,1,1000,,"N1",,2
1,26,2615,2,2196,260059,2,1,2000,,"N1",,2
1,26,2615,2,2196,260060,2,1,3000,,"N1",,2
1,26,2615,2,2178,260067,2,1,6000,,"N1",,2
1,26,2621,2,100,260071,2,1,6000,,"N1",,2
1,26,2621,2,100,260072,2,1,2500,,"N1",,2
1,26,2621,2,100,260073,2,1,2500,,"N1",,2
1,26,2621,2,100,260074,2,1,3000,,"N1",,2
1,26,2621,2,100,260075,2,1,2500,,"N1",,2
1,26,2621,2,100,260076,2,1,6700,,"N1",,2
1,26,2621,2,100,260077,2,1,9000,,"N1",,2
1,26,2621,2,100,260077,7,1,150,,"N1",,
1,26,2621,2,100,260078,2,1,17350,,"N1",,2
1,26,2621,2,100,260078,5,1,1500,,"N1",,2
1,26,2621,2,100,260079,2,1,3000,,"N1",,2
1,26,2621,2,100,260080,2,1,4000,,"N1",,2
1,26,2605,2,594,260091,3,1,28000,,"N1",,2
1,26,2605,2,594,260092,1,1,9000,,"N10",,2
1,26,2605,2,594,260092,2,1,7000,,"N10",,2
1,26,2605,2,594,260092,3,1,2000,,"N10",,2
1,26,2605,2,594,260094,2,1,3000,,"N1",,2
1,26,2605,2,594,260094,3,1,800,,"N2",,2
1,26,2605,2,594,260094,6,1,500,,"N3",,2
1,26,2605,2,594,260096,2,1,24000,,"N4",,2
1,26,2605,2,594,260099,9,1,400,,"N5",,
1,26,2603,1,1786,260110,2,1,2000,,"N1",,
1,26,2603,1,1786,260110,6,1,500,,"N1",,
1,26,2613,2,2248,260126,3,1,10000,,"N2",,2
1,26,2613,2,2248,260127,2,1,1000,,"N2",,
1,26,2608,2,820,260136,2,1,3000,,"N1",,
1,26,2601,2,822,260141,2,1,2000,,"N1",,2
1,26,2601,2,822,260141,6,1,500,,"N1",,2
1,26,2601,2,822,260145,2,1,8000,,"N2",,2
1,26,2601,2,822,260145,3,1,6000,,"N2",,2
1,26,2601,2,822,260148,2,1,10000,,"N2",,2
1,26,2601,2,822,260148,3,1,15000,,"N2",,2
1,26,2613,2,1462,260154,2,1,200,,"N1",,2
1,26,2616,2,254,260169,2,1,1200,,"N1",,2
1,26,2616,2,254,260170,2,1,600,,"N1",,2
1,26,2625,2,926,260172,2,1,2000,,"N1",,2
1,26,2625,2,926,260172,3,1,3000,,"N2",,2
1,26,2625,2,926,260174,2,1,1200,,"N1",,2
1,26,2625,2,926,260174,3,1,3000,,"N2",,2
6,28,2806,1,164,280020,2,1,2500,,"N3",,2
6,28,2816,2,3944,280072,2,1,500,,"N6",,2
6,28,2813,2,612,280118,2,1,4000,,"N3",,2
6,28,2813,2,612,280118,3,1,1500,,"N3",,2
6,29,2930,1,530,290003,2,1,1600,,"N3",,2
6,29,2930,1,530,290007,2,1,800,200,"N1",,2
6,29,2930,1,1418,290023,2,1,6000,0,,,2
6,29,2930,1,1418,290023,3,1,1000,0,,,2
6,29,2930,1,1300,290039,2,1,2000,,"N2",,2
6,29,2909,2,220,290043,2,1,5000,2,"N4",,2
6,29,2909,2,220,290043,3,1,,,"N2",,2
6,29,2909,2,220,290047,2,1,1000,1500,"N3",,2
6,29,2909,2,220,290047,3,1,600,,"N4",,2
6,29,2909,2,220,290050,2,1,1200,0,"N6",,2
6,29,2905,1,384,290065,2,1,3800,0,"N1",,2
6,29,2905,1,384,290066,2,1,1000,0,"N1",,2
6,29,2905,1,384,290067,2,1,1000,,"N1",,2
6,29,2911,1,746,290094,2,1,2200,,"N2",,2
6,29,2911,2,1870,290103,2,1,800,400,"N3","N4",2
6,29,2911,2,1870,290105,2,1,14000,,"N2",,2
6,29,2911,2,1870,290105,3,1,2000,,"N3",,2
6,29,2911,2,1870,290108,2,1,2000,,"N2",,2
6,29,2923,2,1126,290111,2,1,2500,0,"N4",,2
6,29,2923,2,1126,290112,2,1,1200,0,"N1",,2
6,29,2923,2,1126,290113,2,1,1000,,"N5",,2
6,29,2923,2,1126,290114,2,1,5000,0,"N4",,2
6,29,2923,2,1126,290116,2,1,4500,0,"N4",,2
6,29,2923,2,1126,290117,2,1,30000,,"N7",,
6,29,2923,1,396,290124,2,1,,2000,"N4",,
6,29,2923,1,396,290124,3,1,1500,,,,
6,29,2923,1,396,290126,2,1,1000,0,"N2",,2
6,29,2923,1,396,290127,2,1,2000,,"N4",,2
6,29,2923,1,396,290128,2,1,2000,,"N3",,2
6,29,2923,1,396,290128,3,1,1000,,"N1",,2
6,29,2923,1,396,290128,5,1,300,500,"N4",,2
6,29,2923,1,396,290129,2,1,1500,,"N3",,2
6,29,2923,1,396,290129,3,1,500,,"N3",,2
6,29,2923,1,396,290129,5,1,1700,,"N2",,2
6,29,2923,1,396,290130,2,1,1000,,"N4",,2
6,29,2902,1,1028,290135,2,1,4000,,"N1",,2
6,29,2902,1,1028,290137,2,1,1000,,"N2",,2
6,29,2920,1,506,290142,2,1,2000,500,"N2","N3",2
6,29,2920,1,506,290142,3,1,1800,,"N1",,2
6,29,2920,1,1210,290155,2,1,900,,"N1",,2
6,29,2914,1,214,290161,2,1,250000,7500,"N1","N2",
6,29,2914,1,214,290161,3,1,,10000,"N2",,
6,29,2914,1,214,290161,5,1,2000,1500,"N3","N2",
6,29,2914,1,214,290161,6,1,,500,,"N2",
6,29,2914,1,214,290161,9,1,5000,,"N4",,
6,29,2914,1,214,290162,2,1,7000,,"N5",,2
6,29,2914,1,214,290162,3,1,2500,,"N6",,2
6,29,2914,1,214,290163,2,1,3000,,"N2",,2
6,29,2914,1,214,290165,2,1,2000,,"N2",,2
6,29,2914,1,214,290166,2,1,500,,"N3",,2
6,29,2914,1,214,290167,2,1,2000,,"N4",,2
6,29,2914,1,214,290168,2,1,2000,,"N2",,2
6,29,2914,1,214,290168,3,1,600,,"N3",,2
6,29,2914,1,214,290169,2,1,700,,"N2",,2
6,29,2920,2,1628,290176,2,1,2500,,"N1",,
6,29,2920,2,1628,290176,6,1,700,,"N2",,
6,29,2920,2,1628,290177,2,1,500,,"N1",,2
6,29,2920,2,1628,290177,6,1,200,,"N2",,2
6,29,2920,2,1628,290178,2,1,2000,,"N3",,2
6,29,2920,2,1628,290178,6,1,300,,"N4",,2
6,29,2920,2,1628,290179,2,1,1000,,"N3",,2
6,29,2920,2,1628,290179,6,1,400,,"N4",,2
6,30,3014,2,120,300044,1,1,28200,1000,"N1",,2
6,30,3020,1,322,300129,1,1,450000,,"N7",,2
6,30,3020,1,322,300129,2,1,1200000,,"N1",,2
6,30,3020,1,322,300129,3,1,55000,,"N1",,2
6,30,3020,1,322,300129,5,1,58000,,,,2
6,30,3020,1,322,300129,6,1,15000,,,,2
6,30,3020,1,322,300129,7,1,10000,,,,2
6,30,3030,1,946,300151,1,1,9000,,,,
6,30,3023,2,622,300171,2,1,1500,200,"N3",,2
6,30,3023,2,622,300180,2,1,300,1800,"N1",,2
6,30,3033,2,554,300183,2,1,3000,520,"N4",,2
6,30,3033,2,554,300184,2,1,,2000,,,2
6,30,3033,2,554,300186,2,1,1200,200,"N6",,2
6,30,3033,2,554,300187,2,1,20000,,"N1",,2
6,30,3033,2,554,300187,4,1,,50000,"N2",,2
6,30,3033,2,554,300188,2,1,15000,60000,"N2",,2
6,30,3033,2,554,300189,2,1,1200,4000,"N1","N2",2
6,30,3033,2,554,300189,3,1,1500,,"N1",,2
6,30,3033,2,554,300190,2,1,2000,,"N1",,2
6,30,3033,2,554,300190,3,1,4000,,"N1",,2
6,30,3032,2,520,300211,2,1,1000,150,"N3",,2
6,30,3004,2,216,300227,2,1,2000,500,"N3",,2
1,31,3101,2,604,310017,3,1,250,,"N2",,
1,31,3115,2,680,310022,3,1,500,,"N4",,2
1,31,3115,2,680,310030,2,1,600,,"N1","N2",2
1,31,3115,2,680,310030,3,1,400,,"N2",,2
1,31,3111,2,2966,310033,3,1,2480,,"N3",,2
1,31,3111,2,2966,310033,4,1,7600,,"N2",,2
1,31,3111,2,2966,310035,2,1,2000,,"N2",,2
1,31,3111,2,2966,310035,3,1,20000,,"N2",,2
1,31,3111,2,2966,310036,3,1,1500,,"N2",,1
1,31,3111,2,2966,310037,3,1,3000,,"N2",,2
1,31,3111,2,2966,310038,2,1,2000,,"N1",,
1,31,3111,2,2966,310038,3,1,150,,"N2",,
1,31,3111,2,2966,310040,2,1,20000,,,,2
1,31,3111,2,2966,310040,3,1,60000,,,,2
1,31,3107,2,1092,310043,2,1,600,,"N4",,2
1,31,3107,2,1092,310043,3,1,1100,,"N3",,2
1,31,3107,2,1092,310046,3,1,140,,"N3",,2
1,31,3107,2,1092,310049,3,1,1500,,"N2",,2
1,31,3107,1,724,310052,2,1,3000,,"N1",,2
1,31,3107,1,724,310052,3,1,4000,,"N1",,2
1,31,3107,1,724,310055,3,1,600,,"N1",,1
1,31,3113,2,332,310063,3,1,150,,"N2",,2
1,31,3113,2,332,310066,2,1,2000,,"N4",,2
1,31,3113,2,332,310067,2,1,3000,,"N1",,2
1,31,3113,2,332,310068,3,1,400,,"N2",,2
1,31,3109,2,1026,310072,3,1,300,,"N2",,2
1,31,3109,2,1026,310073,3,1,1500,,"N3",,
1,31,3109,2,1026,310074,3,1,1200,,"N4",,2
1,31,3109,2,1026,310076,3,1,1500,,"N2",,2
1,31,3109,2,1026,310080,3,1,3000,,"N2",,2
1,31,3112,2,350,310089,3,1,2050,,"N3",,1
1,31,3116,2,1344,310092,3,1,500,,"N1",,2
1,31,3103,2,874,310101,2,1,800,,"N3",,2
1,31,3103,2,874,310101,3,1,1500,,"N4",,2
1,31,3103,2,874,310103,3,1,400,,"N1",,2
1,31,3103,2,874,310104,2,1,500,,"N2",,2
1,31,3103,2,874,310104,3,1,1000,,"N2",,2
1,31,3103,2,874,310104,8,1,1500,,"N3",,
1,31,3103,2,874,310105,3,1,80,,"N3",,2
1,31,3103,2,874,310106,2,1,4000,,"N3",,2
1,31,3103,2,874,310106,3,1,12000,,"N3",,2
1,31,3103,2,874,310109,3,1,50,,"N3",,2
5,32,3201,2,2034,320104,2,1,500,150,"N2",,2
5,32,3203,2,2644,320124,2,1,300,200,"N1",,2
5,32,3203,2,2644,320126,2,1,500,200,"N1",,2
5,32,3203,2,2644,320126,5,1,2000,500,"N1",,2
5,32,3203,2,2644,320126,6,1,500,100,"N1",,2
5,32,3202,2,84,320135,2,1,600,200,"N1",,2
5,32,3202,2,84,320135,5,1,1200,500,"N1",,2
5,32,3202,2,84,320136,2,1,500,200,"N1",,2
5,32,3202,2,84,320136,5,1,2000,300,"N1",,2
5,32,3202,2,84,320136,6,1,500,150,"N1",,2
5,32,3216,2,1184,320144,2,1,500,150,"N1",,2
5,32,3216,2,1184,320144,5,1,1500,500,"N1",,2
3,33,3321,1,1182,330005,3,1,400,,"N1",,2
3,33,3321,1,1182,330006,2,1,10000,,"N1",,2
3,33,3321,1,1182,330008,1,1,2000,,,,2
3,33,3321,1,1182,330008,2,1,800,,,,2
3,33,3321,1,1182,330008,3,1,800,,,,2
3,33,3321,1,1182,330008,6,1,400,,,,2
3,33,3321,1,1182,330009,1,1,3000,,,,2
3,33,3321,1,1182,330009,2,1,10000,,,,2
3,33,3321,1,1182,330009,4,1,2000,,,,2
3,33,3321,1,1182,330009,5,1,200,,,,2
3,33,3321,1,1182,330009,6,1,1000,,,,2
3,33,3321,1,1182,330010,2,1,60000,,"N2",,2
3,33,3321,1,1182,330010,5,1,1000,,"N4",,2
3,33,3321,1,1182,330010,6,1,3000,,"N3",,2
3,33,3311,1,702,330011,2,1,25000,,"N3",,2
3,33,3311,1,702,330011,5,1,4000,,"N4",,2
3,33,3311,1,702,330011,6,1,5000,,"N4",,2
3,33,3311,1,702,330012,2,1,15000,,"N1",,2
3,33,3311,1,702,330012,5,1,,,"N2",,2
3,33,3311,1,702,330012,6,1,,,"N2",,2
3,33,3311,1,702,330012,9,1,2000,,"N3",,
3,33,3311,1,702,330013,2,1,10000,,"N3",,2
3,33,3311,1,702,330016,2,1,6000,,"N1",,2
3,33,3311,1,702,330016,6,1,1000,,"N2",,2
3,33,3311,1,702,330018,2,1,2000,,"N2",,2
3,33,3311,1,702,330019,2,1,2400,,"N3",,2
3,33,3310,2,476,330021,2,1,30000,,"N2",,2
3,33,3310,2,476,330021,6,1,400,,"N3",,2
3,33,3310,2,476,330022,2,1,6000,,"N1",,2
3,33,3310,2,476,330022,6,1,600,,"N2",,2
3,33,3310,2,476,330023,2,1,48000,,"N1",,2
3,33,3310,2,476,330023,6,1,2400,,"N1",,2
3,33,3310,2,476,330024,2,1,17000,,"N1",,2
3,33,3310,2,476,330025,2,1,11000,,"N2",,2
3,33,3310,2,476,330026,2,1,30000,,"N2",,2
3,33,3310,2,476,330027,2,1,25000,,"N1",,2
3,33,3310,2,476,330028,2,1,6000,,"N2",,2
3,33,3310,2,476,330029,2,1,7000,,"N2",,2
3,33,3310,2,476,330030,2,1,12000,,"N2",,2
3,33,3310,2,476,330030,6,1,600,,"N3",,2
3,33,3323,2,92,330031,2,1,1500,,"N1",,2
3,33,3323,2,92,330032,2,1,15000,,"N2",,2
3,33,3323,2,92,330033,2,1,40000,,"N3",,2
3,33,3323,2,92,330034,2,1,22000,,"N2",,2
3,33,3323,2,92,330034,6,1,3000,,"N3",,2
3,33,3323,2,92,330035,2,1,8000,,"N1",,2
3,33,3323,2,92,330036,2,1,11000,,"N2",,2
3,33,3323,2,92,330038,2,1,60000,,"N4",,2
3,33,3323,2,92,330038,4,1,1200,,"N5",,2
3,33,3323,2,92,330039,2,1,7000,,"N1",,2
3,33,3323,2,92,330040,2,1,25000,,"N2",,2
3,33,3318,2,30,330041,2,1,4000,,"N1",,2
3,33,3318,2,30,330041,6,1,600,,"N2",,2
3,33,3318,2,30,330042,2,1,2000,,"N1",,2
3,33,3318,2,30,330044,2,1,1500,,"N1",,2
3,33,3318,2,30,330049,2,1,40000,,"N1",,2
3,33,3313,2,930,330051,2,1,3000,,"N2",,2
3,33,3313,2,930,330052,2,1,8000,,"N1",,2
3,33,3313,2,930,330053,2,1,7200,,"N2",,2
3,33,3313,2,930,330053,6,1,800,,"N2",,2
3,33,3313,2,930,330055,2,1,2000,,"N2",,2
3,33,3313,2,930,330056,2,1,15000,,"N2",,2
3,33,3313,2,930,330057,2,1,17000,,"N1",,2
3,33,3313,2,930,330058,2,1,25000,,"N2",,2
3,33,3313,2,930,330059,2,1,2400,,"N2",,2
3,33,3313,2,930,330060,2,1,10000,,"N1",,2
3,33,3313,2,930,330060,6,1,1200,,"N2",,2
3,33,3304,2,418,330061,2,1,10000,,"N1",,2
3,33,3304,2,418,330063,2,1,10000,,"N2",,2
3,33,3304,2,418,330064,2,1,20000,,"N1",,2
3,33,3304,2,418,330064,6,1,1500,,"N2",,2
3,33,3304,2,418,330066,2,1,20000,,"N2",,2
3,33,3304,2,418,330066,6,1,1000,,"N3",,2
3,33,3304,2,418,330067,2,1,3200,,"N2",,2
3,33,3304,2,418,330068,2,1,20000,,"N2",,2
3,33,3307,2,688,330071,2,1,22000,,"N1",,
3,33,3307,2,688,330072,2,1,10000,,"N2",,2
3,33,3307,2,688,330075,2,1,4000,,"N1",,
3,33,3307,2,688,330076,2,1,6000,,"N1",,2
3,33,3307,2,688,330079,2,1,10000,,"N2",,2
3,33,3307,2,688,330079,3,1,500,,"N1",,2
3,33,3307,2,688,330079,6,1,2000,,"N3",,1
3,33,3307,2,688,330080,2,1,20000,,"N3",,2
2,34,3401,2,526,340001,1,1,5000,,"N2",,2
2,34,3401,2,526,340001,2,1,17000,,"N1",,2
2,34,3401,2,526,340001,6,1,1000,,"N1",,2
2,34,3401,2,526,340001,7,1,500,,"N1",,
2,34,3401,2,526,340001,9,1,1000,,"N1",,
2,34,3401,2,526,340002,2,1,200,200,"N4",,2
2,34,3401,2,526,340003,1,1,5000,,"N1",,2
2,34,3401,2,526,340003,2,1,7000,,"N1",,2
2,34,3401,2,526,340003,5,1,3000,,"N2",,2
2,34,3401,2,526,340003,6,1,1300,,"N3",,2
2,34,3401,2,526,340004,2,1,300,,"N2",,2
2,34,3401,2,526,340005,2,1,4000,,"N3",,2
2,34,3401,2,526,340005,5,1,3000,,"N3",,2
2,34,3401,2,526,340005,6,1,1300,,"N3",,2
2,34,3401,2,526,340007,2,1,1500,,,,
2,34,3401,2,526,340007,3,1,6000,,,,
2,34,3401,2,526,340008,2,1,2000,,"N6",,2
2,34,3401,2,526,340008,3,1,2000,,"N6",,2
2,34,3401,2,526,340009,1,1,6000,,"N1",,2
2,34,3401,2,526,340009,2,1,2300,,"N1",,2
2,34,3401,2,526,340009,4,1,3000,,"N1",,2
2,34,3405,2,1706,340021,2,1,3500,,"N1",,2
2,34,3405,2,1706,340027,2,1,1500,,"N2",,2
2,34,3405,2,1706,340027,6,1,150,,"N3",,2
2,34,3405,2,1706,340028,2,1,3000,,"N1",,2
2,34,3405,2,1706,340028,3,1,2500,,"N1",,2
2,34,3405,2,1706,340029,2,1,,2000,"N3",,2
2,34,3405,2,1706,340030,2,1,6000,,"N1",,2
2,34,3405,2,456,340035,2,1,3000,,"N2",,2
2,34,3410,2,42,340044,2,1,300,,"N3",,2
2,34,3410,2,42,340045,2,1,2500,,,,2
2,34,3410,2,42,340045,6,1,300,,,,2
2,34,3410,2,42,340047,2,1,1500,,"N3",,2
2,34,3410,2,42,340047,3,1,500,,"N3",,2
2,34,3410,2,42,340048,2,1,3000,,"N2",,2
2,34,3408,2,870,340081,2,1,1500,,"N1",,2
2,34,3408,2,870,340084,2,1,600,,"N3",,2
2,34,3408,2,870,340085,4,1,20000,,"N2",,2
2,34,3408,2,870,340086,2,1,1800,,"N2",,2
2,34,3408,2,870,340086,3,1,1000,,"N2",,2
2,35,3503,1,54,350002,2,1,1000,,"N1",,2
2,35,3503,1,54,350003,2,1,6000,,"N1",,
2,35,3503,1,54,350003,6,1,1000,,"N2",,2
2,35,3503,1,54,350004,2,1,70000,,"N1",,2
2,35,3503,1,54,350004,4,1,50000,,"N2",,2
2,35,3503,1,54,350006,2,1,2000,,"N1",,2
2,35,3503,1,54,350010,2,1,1200,500,"N3","N4",2
2,35,3507,2,746,350013,2,1,1500,,"N1",,2
2,35,3507,2,746,350014,1,1,7500,,"N1",,2
2,35,3507,2,746,350016,2,1,1200,2,"N1","N2",2
2,35,3507,2,746,350017,2,1,1700,,"N3",,2
2,35,3507,2,746,350017,6,1,550,,"N4",,2
2,35,3507,2,746,350019,2,1,2000,,"N1","N2",2
2,35,3515,2,316,350022,2,1,10000,,"N3",,2
2,35,3515,2,316,350022,6,1,500,,"N4",,2
2,35,3515,2,316,350025,2,1,7000,,,,
2,35,3515,2,316,350026,2,1,1000,,"N2",,2
2,35,3515,2,316,350026,6,1,500,,"N3",,2
2,35,3515,2,316,350027,2,1,3000,,"N4",,2
2,35,3515,2,316,350028,2,1,3500,,"N2",,2
2,35,3515,2,316,350029,2,1,5000,,"N2",,2
2,35,3515,2,316,350029,6,1,500,,"N3",,2
2,35,3516,2,1632,350034,2,1,12000,,,,2
2,35,3516,2,1632,350034,6,1,1000,,,,2
2,35,3516,2,1632,350036,6,1,3500,,"N3",,2
2,35,3516,2,1632,350038,2,1,5000,,"N5",,2
2,35,3516,2,1632,350038,6,1,400,,"N6",,2
2,35,3516,2,1632,350040,2,1,1500,,"N2",,2
2,35,3506,2,1040,350041,2,1,800,,"N3",,2
2,35,3506,2,1040,350046,2,1,2700,,"N3",,2
2,35,3506,2,1040,350046,6,1,650,,"N4",,2
2,35,3506,2,1040,350047,2,1,2000,,"N4",,2
2,35,3506,2,1040,350047,6,1,400,,"N5",,2
2,35,3506,2,1040,350050,2,1,18000,,"N2",,2
2,35,3506,2,1040,350050,6,1,5000,,"N3",,2
2,35,3511,2,1646,350054,2,1,1500,,"N3",,2
2,35,3511,2,1646,350057,2,1,1500,,"N3",,2
2,35,3511,2,1646,350060,2,1,2000,,"N1",,2
2,35,3513,2,576,350062,2,1,1000,,"N1","N2",2
2,35,3513,2,576,350070,2,1,2000,1500,"N4","N5",2
2,35,3501,2,1228,350084,1,1,5000,,"N1",,
2,35,3501,2,1228,350088,2,1,6000,,"N3",,2
2,35,3501,2,1228,350088,6,1,1000,,"N4",,2
2,35,3501,1,702,350093,2,1,1300,,"N2",,2
2,35,3501,1,702,350093,7,1,200,,"N3",,
2,35,3509,2,1310,350105,2,1,5000,,"N1",,2
2,35,3509,2,1310,350105,6,1,200,,"N2",,2
2,35,3509,2,1310,350107,2,1,1500,,"N1",,2
2,35,3509,2,1310,350107,6,1,200,,"N2",,2
2,35,3509,2,1310,350109,1,1,1000,,"N3",,2
2,35,3509,2,1310,350109,3,1,2300,,"N4",,2
2,35,3509,2,1310,350110,2,1,2000,,"N2",,2
2,35,3509,2,2276,350111,2,1,6000,,"N4",,2
2,35,3509,2,2276,350112,2,1,1500,,"N2",,2
2,35,3509,2,2276,350112,6,1,300,,"N3",,2
2,35,3509,2,2276,350114,2,1,4000,,"N3",,2
2,35,3509,2,2276,350116,2,1,2700,,"N4",,2
2,35,3509,2,2276,350116,6,1,1000,,"N5",,2
2,35,3509,2,2276,350118,2,1,10000,,"N4",,2
2,35,3504,2,1288,350123,2,1,3000,,"N3",,2
2,35,3504,2,1288,350125,2,1,2500,,"N1",,2
2,35,3504,2,1288,350125,6,1,500,,"N2",,2
2,35,3504,2,1288,350126,2,1,4000,,"N1",,2
2,35,3504,2,1288,350130,2,1,3000,,"N1",,2
2,35,3504,2,1288,350130,6,1,500,,"N2",,2
3,36,3607,1,2596,360001,1,1,3000,,"N4",,2
3,36,3607,1,2596,360001,2,1,3200,,"N5",,2
3,36,3607,1,2596,360003,2,1,4500,300,"N1",,2
3,36,3607,1,2596,360003,6,1,250,50,"N2",,2
3,36,3605,2,240,360011,2,1,5000,2000,"N6",,2
3,36,3605,2,240,360011,3,1,2500,,"N5",,2
3,36,3605,2,240,360011,6,1,400,200,,,2
3,36,3605,2,240,360011,7,1,3000,,,,
3,36,3605,2,240,360012,2,1,300,400,"N3",,2
3,36,3605,2,240,360012,3,1,600,120,"N3",,2
3,36,3605,2,240,360012,6,1,120,,"N2",,2
3,36,3605,2,240,360013,2,1,6000,,"N1",,2
3,36,3605,2,240,360013,3,1,1000,,"N3",,2
3,36,3605,2,240,360014,2,1,4000,,"N11",,2
3,36,3605,2,240,360015,2,1,6000,,"N3",,2
3,36,3605,2,240,360016,2,1,10000,,"N4",,2
3,36,3605,2,240,360017,2,1,15000,,"N1",,1
3,36,3605,2,240,360017,3,1,4000,,"N2",,1
3,36,3605,2,240,360018,3,1,1500,,"N2",,2
3,36,3605,2,240,360020,2,1,1000,,"N2",,2
3,36,3603,2,978,360021,2,1,500,,"N3",,2
3,36,3603,2,978,360022,2,1,35000,,"N1",,2
3,36,3603,2,978,360025,2,1,5000,500,"N2","N3",2
3,36,3603,2,978,360025,3,1,1850,200,"N2","N3",2
3,36,3603,2,978,360025,6,1,600,200,"N4",,2
3,36,3603,2,978,360026,2,1,10000,,"N1",,2
3,36,3603,2,978,360026,3,1,2000,,"N2",,2
3,36,3603,2,978,360027,2,1,100000,,"N1",,2
3,36,3603,2,978,360029,2,1,20000,,"N1",,2
3,36,3608,2,2078,360031,2,1,10000,,"N2",,2
3,36,3608,2,2078,360032,2,1,60000,,"N1",,2
3,36,3608,2,2078,360033,2,1,20000,5000,"N3",,2
3,36,3608,2,2078,360034,2,1,10400,1500,"N1","N2",2
3,36,3608,2,2078,360034,6,1,600,100,"N3",,2
3,36,3608,2,2078,360035,2,1,16000,20000,"N2",,2
3,36,3608,2,2078,360036,2,1,8000,,,,2
3,36,3608,2,2078,360037,2,1,10000,,"N2",,1
3,36,3613,2,1066,360041,2,1,,13000,"N2",,2
3,36,3613,2,1066,360044,2,1,70000,,"N4",,2
3,36,3613,2,1066,360045,2,1,50000,,"N1",,2
3,36,3613,2,1066,360045,3,1,7000,,"N2",,2
3,36,3613,2,1066,360045,6,1,5000,,"N3",,2
3,36,3613,2,1066,360047,2,1,7000,1000,"N2",,2
3,36,3613,2,1066,360047,3,1,2500,300,"N2",,2
3,36,3613,2,1066,360047,6,1,700,250,"N3",,2
3,36,3610,2,1826,360051,2,1,15000,,"N1",,2
3,36,3610,2,1826,360051,3,1,2000,,"N2",,2
3,36,3610,2,1826,360053,2,1,16000,,"N1","N2",1
3,36,3610,2,1826,360055,2,1,30000,,"N3",,2
3,36,3610,2,1826,360056,2,1,2000,,"N3",,2
3,36,3610,2,1826,360057,2,1,20000,,,,2
3,36,3610,2,1826,360058,2,1,45000,,"N1",,1
3,36,3610,2,1826,360058,3,1,15000,,"N2",,1
3,36,3610,2,1826,360059,2,1,2000,500,"N2","N3",1
3,36,3601,2,1214,360061,2,1,22000,4000,"N2","N3",2
3,36,3601,2,1214,360061,7,1,,3500,"N4",,2
3,36,3601,2,1214,360063,2,1,25000,,"N3",,2
3,36,3601,2,1214,360065,2,1,15000,25000,"N1",,2
3,36,3601,2,1214,360067,2,1,10000,16000,"N1",,2
3,36,3601,2,1214,360068,2,1,10000,15000,"N3",,2
3,36,3601,2,1214,360069,2,1,19200,2000,"N2",,2
3,36,3601,2,1214,360069,6,1,,1200,"N3",,2
3,36,3601,2,1214,360070,2,1,19500,,"N4",,2
3,36,3601,2,1214,360070,3,1,1100,,"N3",,2
3,36,3601,2,1214,360070,6,1,2000,,,,2
3,36,3612,1,1474,360071,2,1,30000,,"N2",,2
3,36,3612,1,1474,360074,2,1,26000,11000,"N1","N2",2
3,36,3612,1,1474,360076,2,1,20000,,"N2",,2
3,36,3612,1,1474,360077,2,1,15000,1000,"N3",,2
3,36,3612,1,1474,360077,3,1,3000,300,"N2",,2
3,36,3612,1,1474,360077,6,1,700,150,"N4",,2
3,36,3612,1,1474,360078,2,1,10000,6000,"N1","N2",2
3,36,3612,1,1474,360080,2,1,25000,10000,"N1","N2",2
3,36,3606,2,1956,360081,2,1,20000,16000,"N2",,2
3,36,3606,2,1956,360081,3,1,500,,"N3",,2
3,36,3606,2,1956,360082,2,1,2000,,,,2
3,36,3606,2,1956,360083,2,1,12500,1500,"N1",,2
3,36,3606,2,1956,360083,6,1,750,,"N2",,2
3,36,3606,2,1956,360084,2,1,3000,300,"N1",,2
3,36,3606,2,1956,360086,2,1,12000,1000,"N1",,2
3,36,3606,2,1956,360086,6,1,500,100,"N2",,2
3,36,3606,2,1956,360087,2,1,1250,,"N3",,2
3,36,3606,2,1956,360087,6,1,100,,"N4",,2
3,36,3606,2,1956,360088,2,1,2000,,"N1",,2
3,36,3606,2,1956,360089,2,1,3500,700,"N2",,
3,36,3606,2,1956,360089,6,1,800,,"N3",,2
3,36,3606,2,1956,360090,2,1,20000,50000,"N1","N2",2
