"hhid","hhno","qn01","qn02","saaq10","saaq11"
10011,21,2,2,2,1
10012,9,2,2,2,1
10013,6,2,2,3,1
10014,11,2,2,3,1
10015,4,2,2,2,1
10016,24,2,2,4,1
10017,19,2,2,4,1
10018,16,2,2,5,1
10019,14,2,2,5,1
10020,1,2,2,3,1
10021,4,2,2,2,1
10022,10,2,2,2,1
10023,3,2,2,2,1
10024,13,2,2,3,1
10025,7,2,2,3,1
10026,2,2,2,3,1
10027,9,2,2,4,1
10029,6,2,2,5,1
10030,8,2,2,5,1
10034,10,2,2,2,1
10039,27,2,2,4,1
10061,8,2,2,4,1
10062,2,2,2,4,1
10063,12,2,2,2,1
10064,9,2,2,2,1
10065,6,2,2,2,1
10066,8,2,2,3,1
10067,5,2,2,3,1
10068,4,2,2,3,1
10069,1,2,2,5,1
10070,10,2,2,5,1
10071,3,2,2,3,1
10072,16,2,2,3,1
10073,6,2,2,2,1
10074,1,2,2,2,1
10075,15,2,2,4,1
10076,9,2,2,4,1
10077,7,2,2,4,1
10078,2,2,2,5,1
10079,8,2,2,5,1
10080,10,2,2,5,1
10081,19,2,2,4,1
10082,1,2,2,4,1
10084,25,2,2,2,1
10085,7,2,2,2,1
10086,16,2,2,3,1
10087,40,2,2,3,1
10088,10,2,2,3,1
10091,18,2,2,5,1
10092,11,2,2,5,1
10093,2,2,2,3,1
10094,7,2,2,3,1
10095,13,2,2,4,1
10096,5,2,2,4,1
10097,14,2,2,4,1
10099,4,2,2,2,1
10100,17,2,2,5,1
10102,12,2,2,3,1
10103,23,2,2,3,1
10105,7,2,2,2,1
10106,21,2,2,2,1
10107,3,2,2,5,1
10108,18,2,2,4,1
10109,32,2,2,4,1
10110,14,2,2,5,1
20001,4,2,2,2,1
20002,9,2,2,5,1
20003,17,2,2,3,1
20004,12,2,2,3,1
20005,1,2,2,4,1
20006,14,2,2,3,1
20007,22,2,2,4,1
20008,6,2,2,2,1
20009,20,2,2,5,1
20010,36,2,2,5,1
20021,1,2,2,2,1
20022,5,2,2,3,1
20023,13,2,2,3,1
20024,9,2,2,5,1
20025,22,3,3,4,1
20026,15,2,2,5,1
20027,7,2,2,2,1
20028,18,2,2,3,1
20029,3,2,2,5,1
20030,11,2,2,4,1
20031,16,2,2,5,1
20032,32,2,2,2,1
20033,4,2,2,4,1
20034,35,3,3,3,1
20035,1,2,2,4,1
20036,10,2,2,5,1
20037,19,2,2,2,1
20038,22,2,2,2,1
20039,26,2,2,3,1
20040,7,2,2,4,1
20041,7,2,2,3,1
20042,18,2,2,2,1
20043,8,2,2,4,1
20044,3,2,2,5,1
20045,12,2,2,4,1
20046,1,2,2,5,1
20047,16,2,2,2,1
20048,14,2,2,3,1
20049,5,2,2,2,1
20050,10,2,2,4,1
20051,16,3,3,3,1
20052,15,2,2,2,1
20053,9,2,2,4,1
20054,18,2,2,5,1
20055,7,2,2,3,1
20056,13,2,2,3,1
20057,3,2,2,5,1
20058,5,2,2,4,1
20059,1,2,2,2,1
20060,11,2,2,5,1
20061,13,2,2,5,1
20062,21,2,2,4,1
20063,18,2,2,2,1
20064,10,2,2,3,1
20065,26,2,2,5,1
20066,31,2,2,3,1
20067,2,2,2,3,1
20068,5,2,2,2,1
20069,15,2,2,4,1
20070,23,2,2,5,1
20072,67,2,2,2,1
20073,26,2,2,3,1
20074,58,3,3,4,1
20075,54,4,4,5,1
20077,40,2,2,4,1
20078,12,2,2,3,1
20080,3,2,2,5,1
20081,4,2,2,2,1
20082,28,2,2,5,1
20083,15,2,2,5,1
20085,6,2,2,3,1
20086,17,3,3,2,1
20087,1,3,3,5,1
20088,31,2,2,4,1
20089,23,2,2,3,1
20090,26,2,2,3,1
20091,1,2,2,5,1
20092,5,2,2,4,1
20093,10,2,2,4,1
20094,6,2,2,2,1
20095,2,2,2,3,1
20096,11,2,2,2,1
20097,12,2,2,3,1
20098,9,2,2,2,1
20099,7,2,2,4,1
20100,4,2,2,5,1
20101,28,2,2,2,1
20102,19,3,3,4,1
20103,28,2,2,2,1
20104,6,2,2,4,1
20105,26,2,2,2,1
20106,21,2,2,5,1
20107,12,2,2,4,1
20108,8,2,2,4,1
20109,15,2,2,5,1
20110,17,2,2,5,1
20111,44,2,2,2,1
20112,19,2,2,4,1
20113,23,2,2,4,1
20114,12,2,2,5,1
20115,18,2,2,5,1
20116,1,2,2,5,1
20117,41,2,2,2,1
20118,30,2,2,3,1
20119,33,2,2,4,1
20120,26,2,2,2,1
30001,1,2,2,2,1
30005,13,2,2,5,1
30009,22,2,2,2,1
30020,39,2,2,2,1
30021,1,2,2,2,1
30026,19,2,2,4,1
30028,36,2,2,4,1
30030,42,2,2,2,1
30032,35,2,2,5,1
30033,41,2,2,5,1
30035,59,2,2,4,1
30036,65,2,2,2,1
30038,77,2,2,,
30040,89,2,2,2,1
30042,2,2,2,4,1
30043,3,2,2,5,1
30045,5,2,2,2,1
30047,7,2,2,4,1
30048,8,2,2,3,1
30049,10,2,2,2,1
30052,20,2,2,3,1
30054,30,2,2,5,1
30056,44,2,2,5,1
30057,49,2,2,4,1
30058,54,2,2,2,1
30059,59,2,2,4,1
30060,68,2,2,4,1
30061,4,0,0,2,1
30062,9,2,2,3,1
30063,5,0,1,2,1
30065,25,2,2,4,1
30067,36,2,2,2,1
30069,47,2,2,5,1
30070,57,2,2,5,1
30071,6,2,2,2,1
30072,11,2,2,3,1
30074,36,2,2,2,1
30075,42,2,2,5,1
30076,47,2,2,5,1
30077,52,2,2,4,1
30078,62,2,2,4,1
30080,72,2,2,3,1
30081,4,2,2,4,1
30084,17,2,2,5,1
30085,20,2,2,4,1
30087,30,2,2,5,1
30088,33,2,2,5,1
30089,39,2,2,2,1
30090,43,2,2,2,1
30091,2,2,2,5,1
30094,20,2,2,3,1
30096,25,2,2,4,1
30097,27,2,2,4,1
30099,31,2,2,5,1
30100,34,2,2,3,1
30101,17,2,2,5,1
30102,21,2,2,5,1
30103,26,2,2,4,1
30104,30,2,2,2,1
30105,35,2,2,5,1
30107,44,2,2,2,1
30108,48,2,2,3,1
30109,53,2,2,4,1
30110,57,2,2,3,1
30111,1,2,2,4,1
30112,3,2,2,4,1
30113,6,2,2,5,1
30115,15,2,2,3,1
30116,19,2,2,3,1
30117,21,2,2,3,1
30118,26,2,2,4,1
30119,28,2,2,2,1
30120,30,2,2,2,1
30121,2,2,2,5,1
30122,3,2,2,5,1
30123,5,2,2,5,1
30124,8,2,2,4,1
30125,10,2,2,2,1
30126,12,2,2,4,
30127,13,2,2,3,1
30128,14,2,2,2,1
30129,15,2,2,3,1
30130,16,2,2,2,1
30131,1,2,2,4,1
30133,6,2,2,5,1
30134,9,2,2,5,1
30135,14,2,2,2,1
30137,22,2,2,2,
30138,27,2,2,3,1
30139,30,2,2,4,1
30140,37,2,2,2,1
30141,1,2,2,2,1
30142,2,2,2,5,1
30143,3,2,2,3,1
30144,4,2,2,3,1
30145,5,2,2,2,1
30147,7,2,2,4,1
30148,8,2,2,5,1
30149,9,2,2,5,1
40031,1,2,2,3,2
40033,18,2,2,5,2
40034,5,2,2,5,2
40037,8,2,2,10,2
40041,3,2,2,5,2
40042,4,2,2,5,2
40043,1,2,2,5,2
40044,6,2,2,3,2
40045,9,2,2,3,2
40046,23,2,2,3,2
40047,11,2,2,4,2
40049,18,2,2,10,2
40050,21,2,2,10,2
40051,6,2,2,7,1
40053,10,2,2,9,1
40054,4,2,2,9,1
40055,5,2,2,8,1
40056,3,2,2,8,1
40058,7,2,2,6,1
40060,9,2,2,6,1
40061,15,2,2,9,1
40062,14,2,2,6,1
40063,19,2,2,8,1
40064,12,2,2,8,1
40065,10,2,2,7,1
40066,6,2,2,8,1
40067,3,2,2,5,1
40068,1,2,2,7,1
40069,5,2,2,9,1
40070,8,2,2,9,1
40071,10,2,2,8,1
40072,8,2,2,7,1
40073,2,2,2,7,1
40074,1,2,2,8,1
40075,7,2,2,8,1
40076,9,2,2,6,1
40077,6,2,2,6,1
40078,5,2,2,6,1
40079,4,2,2,9,1
40080,3,2,2,9,1
40081,19,2,2,8,1
40082,1,2,2,8,1
40083,21,2,2,9,1
40084,8,2,2,9,1
40085,6,2,2,6,1
40086,12,2,2,6,1
40087,3,2,2,9,1
40088,10,2,2,7,1
40089,15,2,2,7,1
40090,17,2,2,7,1
40091,4,2,2,6,1
40093,12,2,2,8,1
40094,9,2,2,8,1
40095,10,2,2,9,1
40096,3,2,2,7,1
40097,6,2,2,7,1
40098,11,2,2,9,1
40099,1,2,2,6,1
40101,1,2,2,4,2
40103,3,2,2,4,2
40104,6,2,2,10,2
40105,5,2,2,10,2
40106,4,2,2,10,2
40107,7,2,2,5,2
40108,8,2,2,5,2
40109,10,2,2,3,2
40110,9,2,2,3,2
40111,19,2,2,4,2
40112,3,2,2,4,2
40113,6,2,2,10,2
40114,4,2,2,10,2
40115,7,2,2,5,2
40116,9,2,2,5,2
40117,11,2,2,5,2
40118,12,2,2,3,2
40119,16,2,2,3,2
40120,22,2,2,3,2
40122,2,2,2,3,2
40123,3,2,2,5,2
40124,15,2,2,5,2
40125,5,2,2,5,2
40126,4,2,2,4,2
40128,8,2,2,10,2
40129,10,2,2,10,2
40130,10,2,2,10,2
40131,1,2,2,7,1
40132,4,2,2,8,1
40133,10,2,2,7,1
40134,6,2,2,6,1
40135,7,2,2,6,1
40136,9,2,2,6,1
40137,8,2,2,8,1
40138,3,2,2,9,1
40139,2,2,2,8,1
40140,5,2,2,9,1
40141,9,2,2,9,1
40142,10,2,2,9,1
40144,5,2,2,6,1
40145,1,2,2,6,1
40146,8,2,2,6,1
40148,7,2,2,8,1
40149,6,2,2,8,1
40151,5,2,2,9,1
40152,2,2,2,8,1
40155,10,2,2,6,1
40156,8,2,2,7,1
40158,3,2,2,8,1
40159,1,2,2,9,1
40160,9,2,2,9,1
40161,8,2,2,9,1
40162,11,2,2,9,1
40163,11,2,2,9,1
40164,10,2,2,8,1
40165,7,2,2,8,1
40166,1,2,2,6,1
40167,3,2,2,6,1
40168,2,2,2,7,1
40169,4,2,2,7,1
40170,5,2,2,7,1
40172,13,2,2,6,1
40174,12,2,2,7,1
40176,3,2,2,9,1
40177,5,2,2,9,1
40178,2,2,2,8,1
40179,6,2,2,8,1
40180,1,2,2,8,1
40181,4,2,2,3,2
40182,3,2,2,3,2
40183,1,2,2,3,2
40184,10,2,2,5,2
40185,8,2,2,5,2
40186,6,2,2,5,2
40187,11,2,2,4,2
40188,13,2,2,4,2
40189,15,2,2,10,2
40190,12,2,2,10,2
40191,5,2,2,6,1
40192,10,2,2,9,1
40193,4,2,2,7,1
40194,8,2,2,8,1
40195,3,2,2,7,1
40196,7,2,2,9,1
40197,1,2,2,6,1
40198,6,2,2,8,1
40199,9,2,2,9,1
40200,2,2,2,7,1
40201,1,2,2,4,2
40202,7,2,2,10,2
40204,11,2,2,10,2
40205,13,2,2,5,2
40206,15,2,2,5,2
40207,16,2,2,3,2
40208,18,2,2,3,2
40209,22,2,2,4,2
40210,24,2,2,4,2
40212,2,2,2,4,2
40213,3,2,2,10,2
40214,4,2,2,3,2
40215,5,2,2,3,2
40216,6,2,2,3,2
40217,7,2,2,10,2
40218,8,2,2,5,2
40219,9,2,2,5,2
40220,10,2,2,5,2
50001,1,2,2,5,1
50002,20,2,2,4,1
50003,5,2,2,3,1
50004,7,2,2,4,1
50005,23,2,2,6,1
50006,10,2,2,3,1
50007,12,2,2,9,1
50008,14,2,2,7,1
50009,16,3,3,5,1
50010,25,2,2,6,1
50011,2,2,2,5,1
50013,43,2,2,9,1
50016,23,3,3,3,1
50021,2,2,2,7,2
50022,6,2,2,7,2
50023,10,2,2,4,2
50024,14,2,2,4,2
50025,18,2,2,7,2
50026,23,2,2,6,2
50027,26,2,2,4,2
50028,30,2,2,6,2
50029,41,2,2,6,2
50030,33,2,2,6,2
50031,3,2,2,3,1
50032,1,2,2,3,1
50033,6,2,2,5,1
50034,8,2,2,3,1
50035,10,2,2,9,1
50036,12,2,2,5,1
50037,24,2,2,9,1
50038,17,2,2,9,1
50039,19,2,2,9,1
50040,21,2,2,3,1
50041,4,2,2,6,2
50042,5,3,3,7,2
50043,7,2,2,4,2
50044,8,2,2,4,2
50045,17,3,3,7,2
50046,11,2,2,6,2
50047,13,2,2,4,2
50048,16,2,2,7,2
50049,10,2,2,6,2
50050,20,2,2,4,2
50051,1,2,2,5,1
50052,5,2,2,3,1
50053,8,2,2,9,1
50054,12,2,2,5,1
50055,15,2,2,3,1
50056,19,2,2,3,1
50057,22,2,2,9,1
50058,26,2,2,9,1
50059,29,3,3,5,1
50060,26,2,2,5,1
50061,3,2,2,6,2
50062,7,2,2,4,2
50063,11,2,2,7,2
50064,23,2,2,6,2
50065,19,2,2,4,2
50066,23,2,2,6,2
50067,27,2,2,7,2
50068,31,2,2,7,2
50069,35,2,2,7,2
50070,39,2,2,4,2
50072,3,2,2,9,1
50073,4,2,2,5,1
50074,6,2,2,9,1
50075,18,2,2,9,1
50076,6,3,3,5,1
50077,11,2,2,3,1
50079,15,2,2,3,1
50080,17,3,3,5,1
50081,1,2,2,6,2
50082,3,2,2,6,2
50083,4,2,2,4,2
50084,6,2,2,6,2
50085,7,2,2,7,2
50086,9,2,2,7,2
50087,11,2,2,7,2
50088,12,2,2,6,2
50089,14,2,2,4,2
50090,15,2,2,4,2
50091,2,2,2,3,1
50092,6,3,3,5,1
50093,9,2,2,5,1
50094,13,2,2,9,1
50095,16,2,2,5,1
50096,20,2,2,9,1
50097,24,2,2,9,1
50098,27,2,2,3,1
50099,31,2,2,3,1
50100,34,2,2,3,1
50101,1,2,2,4,2
50102,2,2,2,40,2
50103,4,2,2,7,2
50107,10,2,2,4,2
50109,13,2,2,7,2
50110,14,2,2,7,2
50111,1,2,2,3,1
50112,23,2,2,9,1
50113,5,2,2,3,1
50114,8,2,3,9,1
50115,10,2,2,9,1
50116,12,2,2,3,1
50117,14,2,2,3,1
50118,16,2,2,5,1
50119,19,2,2,5,1
50120,21,2,2,5,1
50121,1,2,2,4,2
50124,4,2,2,6,2
50125,5,2,2,7,2
50126,6,2,2,6,2
50127,7,2,2,4,2
50131,1,2,2,9,1
50132,3,2,2,9,1
50133,26,2,2,9,1
50134,8,2,2,9,1
50135,11,2,2,5,1
50136,13,2,2,3,1
50137,28,3,3,5,1
50138,18,2,2,3,1
50139,21,2,2,3,1
50140,23,2,2,5,1
50141,2,2,2,6,2
50142,7,2,2,4,2
50143,13,2,2,7,2
50144,18,2,2,7,2
50145,23,2,2,6,2
50146,28,2,2,7,2
50147,34,2,2,6,2
50148,39,2,2,7,2
50149,44,2,2,4,2
50150,49,2,2,4,2
50151,1,2,2,9,1
50152,3,2,2,9,1
50153,19,2,2,5,1
50154,6,2,2,9,1
50155,8,2,2,9,1
50156,10,2,2,3,1
50157,12,2,2,3,1
50158,21,2,2,3,1
50159,15,3,3,5,1
50160,19,2,2,5,1
50161,1,2,2,7,2
50162,2,2,2,7,2
50163,3,2,2,4,2
50164,5,2,2,7,2
50165,6,2,2,40,2
50166,7,2,2,6,2
50167,8,2,2,4,2
50168,9,2,2,60,2
50169,11,2,2,60,2
50170,12,2,2,60,2
60003,4,2,2,2,1
60004,6,2,2,2,1
60005,11,2,2,3,1
60007,14,2,2,3,1
60008,18,2,2,3,1
60009,21,2,2,3,1
60010,24,2,2,2,1
60015,9,1,2,2,1
60016,12,2,2,3,1
60017,13,2,2,3,1
60020,20,2,2,3,1
60021,2,2,2,3,1
60022,3,2,2,2,1
60025,6,2,2,2,1
60026,7,2,2,3,1
60027,8,2,2,3,1
60028,9,2,2,2,1
60029,10,2,2,2,1
60030,12,2,2,3,1
60037,16,2,2,2,1
60038,17,2,2,3,1
60040,20,2,2,3,1
60048,28,2,2,3,1
70001,1,2,2,4,1
70002,2,2,2,5,1
70003,3,2,2,3,1
70004,4,2,2,5,1
70005,5,2,2,3,1
70006,6,2,2,5,1
70007,7,2,2,4,1
70008,8,2,2,3,1
70009,9,2,2,4,1
70010,10,2,2,5,1
70011,1,2,2,3,1
70012,3,2,2,3,1
70013,4,2,2,3,1
70014,6,2,2,4,1
70015,7,2,2,4,1
70016,19,2,2,4,1
70017,11,2,2,3,1
70018,18,2,2,5,1
70019,20,2,2,5,1
70020,15,2,2,5,1
70021,1,2,2,4,1
70022,3,2,2,5,1
70023,5,2,2,3,1
70024,7,2,2,3,1
70025,9,2,2,4,1
70026,11,2,2,5,1
70027,13,2,2,4,1
70028,15,2,2,3,1
70029,18,2,2,5,1
70030,26,2,2,5,1
70031,1,2,2,3,1
70032,2,2,2,3,1
70033,4,2,2,5,1
70034,14,2,2,3,1
70035,16,2,2,5,1
70036,17,2,2,4,1
70037,9,2,2,5,1
70038,10,2,2,4,1
70039,11,2,2,4,1
70040,12,2,2,4,1
70041,1,2,2,4,1
70042,2,2,2,4,1
70043,4,2,2,5,1
70044,15,2,2,5,1
70045,7,2,2,5,1
70046,16,2,2,3,1
70047,9,2,2,4,1
70048,11,2,2,3,1
70049,12,2,2,3,1
70050,14,2,2,3,1
70051,1,2,2,4,1
70052,23,2,2,5,1
70053,5,2,2,4,1
70054,6,2,2,5,1
70055,8,2,2,5,1
70056,9,2,2,3,1
70057,12,2,2,4,1
70058,14,2,2,5,1
70059,15,2,2,3,1
70060,7,2,2,3,1
70061,1,2,2,5,1
70062,3,2,2,5,1
70063,4,2,2,4,1
70064,16,2,2,3,1
70066,9,2,2,4,1
70067,10,2,2,3,1
70068,12,2,2,4,1
70069,1,1,2,3,1
70070,15,2,2,4,1
70071,16,2,2,3,1
70072,2,2,2,5,1
70073,4,2,2,5,1
70074,5,2,2,5,1
70075,7,2,2,4,1
70076,8,2,2,4,1
70077,10,2,2,3,1
70078,11,2,2,4,1
70079,13,2,2,3,1
70080,14,2,2,3,1
70083,48,2,2,6,2
70088,61,2,2,8,2
70091,15,2,2,8,2
70092,24,2,2,6,2
70093,3,2,2,6,2
70094,1,2,2,7,2
70095,22,2,2,6,2
70096,28,2,2,7,2
70097,11,2,2,8,2
70098,5,2,2,8,2
70099,13,2,2,8,2
70100,26,2,2,6,2
70101,1,2,2,8,2
70102,2,2,2,6,2
70103,3,2,2,8,2
70104,4,2,2,7,2
70105,6,2,2,7,2
70106,7,2,2,6,2
70107,8,2,2,6,2
70108,17,2,2,7,2
70109,13,2,2,8,2
70110,11,2,2,7,2
70111,24,2,2,8,2
70112,27,2,2,6,2
70113,10,1,2,6,2
70114,2,2,2,6,6
70115,33,2,2,8,2
70116,5,2,2,7,2
70117,8,2,2,7,2
70118,15,2,2,7,2
70119,21,2,2,7,2
70120,18,2,2,8,2
70121,27,2,2,6,2
70122,11,2,2,7,2
70123,20,2,2,8,2
70124,17,2,2,6,2
70125,23,2,2,8,2
70126,1,2,2,6,2
70127,4,2,2,6,2
70128,7,2,2,8,2
70129,39,2,2,7,2
70130,7,2,2,8,2
70131,14,2,2,6,2
70132,5,2,2,7,2
70133,2,2,2,8,2
70134,3,2,2,8,2
70135,15,2,2,7,2
70136,4,2,2,6,2
70137,10,2,2,7,2
70138,11,2,2,7,2
70139,1,2,2,6,2
70140,12,2,2,6,2
70141,6,2,2,8,2
70142,24,2,2,7,2
70143,30,2,2,6,2
70150,1,2,2,6,2
70154,8,2,2,7,2
70156,2,2,2,6,2
70157,41,2,2,8,2
80011,1,2,2,4,1
80012,12,2,2,10,1
80013,3,2,2,11,1
80014,5,2,2,6,1
80015,6,2,2,6,1
80016,7,2,2,5,1
80018,9,2,2,9,1
80019,11,2,2,8,1
80020,13,3,3,9,1
80023,8,3,3,3,1
80025,16,2,2,11,1
80026,20,2,2,4,1
80028,27,2,2,9,1
80030,35,2,2,11,1
80031,1,2,2,10,2
80032,4,2,2,10,2
80033,8,2,2,4,2
80034,11,2,2,11,2
80035,15,2,2,4,2
80036,18,2,2,3,2
80037,21,2,2,8,2
80038,25,2,2,5,2
80039,28,2,2,9,2
80040,32,2,2,5,2
80041,9,2,2,4,1
80042,12,2,2,11,1
80043,20,2,2,9,1
80044,27,2,2,5,1
80045,34,2,2,11,1
80047,49,2,2,4,1
80048,56,2,2,9,1
80049,63,2,2,8,1
80051,1,2,2,8,2
80053,3,2,2,3,2
80054,4,2,2,9,2
80055,6,2,2,4,2
80057,8,2,2,11,2
80058,9,2,2,11,2
80059,10,2,2,9,2
80060,12,2,2,3,2
80061,1,2,2,8,1
80062,2,2,2,9,1
80063,4,1,2,4,1
80064,5,2,2,4,1
80065,6,2,2,8,1
80066,7,2,2,3,1
80067,9,3,3,10,1
80068,10,2,2,11,1
80070,12,2,2,5,1
80071,1,2,2,3,2
80072,2,2,2,4,2
80073,4,2,2,10,2
80074,3,1,2,102,10
80075,5,2,2,8,2
80076,6,2,2,8,2
80077,11,2,2,3,2
80078,8,3,3,5,2
80079,9,2,2,4,2
80080,10,2,2,11,2
80081,1,2,2,4,1
80082,2,2,2,11,1
80083,4,2,2,8,1
80084,5,2,2,5,1
80085,7,2,2,9,1
80086,8,2,2,4,1
80087,9,2,2,10,1
80088,15,2,2,3,1
80089,12,2,2,9,1
80090,14,2,2,11,1
80091,1,2,2,11,1
80095,5,2,2,4,1
80098,11,2,2,9,1
80099,12,3,3,5,1
80100,14,2,2,3,1
80101,1,2,2,11,2
80102,2,2,2,4,2
80103,4,2,2,10,2
80104,6,2,2,10,2
80105,8,2,2,5,2
80106,9,2,2,3,2
80107,11,2,3,9,2
80108,13,1,2,8,2
80109,14,2,2,5,2
80110,16,2,2,9,2
80111,1,2,2,8,1
80112,3,2,2,10,1
80113,5,1,2,4,1
80114,6,1,2,11,1
80115,8,2,2,10,1
80116,10,2,2,11,1
80117,12,2,2,4,1
80118,14,2,2,3,1
80119,15,2,2,4,1
80120,17,2,2,10,1
80121,1,3,3,11,2
80122,5,2,2,10,2
80123,8,2,2,4,2
80124,12,2,2,6,2
80125,15,2,2,11,2
80126,18,2,2,9,2
80127,21,3,3,8,2
80128,24,2,2,8,2
80129,28,3,3,5,2
80130,31,2,2,3,2
80131,1,2,2,4,2
80132,3,2,2,11,2
80133,5,2,2,10,2
80134,6,1,2,6,2
80135,8,3,3,4,2
80136,10,2,2,9,2
80137,12,2,2,3,2
80138,14,2,2,5,2
80139,15,2,2,5,2
80140,17,2,2,8,2
80141,1,2,2,3,1
80142,3,2,2,10,1
80143,5,2,2,4,1
80144,7,2,2,11,1
80145,9,2,2,4,1
80146,11,2,2,8,1
80147,13,2,2,5,1
80148,15,2,2,5,1
80149,17,2,2,3,1
80150,19,2,2,8,1
80151,1,2,2,11,1
80156,18,2,2,8,1
80159,14,2,2,5,1
80160,16,2,2,4,1
80167,7,2,2,8,2
80171,1,2,2,11,1
80172,3,1,2,4,1
80173,4,1,2,4,1
80174,6,2,2,5,1
80175,7,2,2,10,1
80176,9,1,2,5,1
80177,16,2,2,8,1
80178,12,2,2,8,1
80179,13,2,2,9,1
80180,15,2,2,3,1
80181,1,2,2,11,2
80182,2,1,2,4,2
80183,3,2,2,3,2
80184,4,2,2,11,2
80185,5,2,2,10,1
80186,6,1,2,8,2
80187,7,2,2,9,1
80188,8,2,2,8,2
80190,10,2,2,5,2
80191,1,2,2,10,2
80192,3,2,2,10,2
80193,5,2,2,4,2
80194,7,2,2,4,2
80195,9,2,2,11,2
80196,11,2,2,5,2
80197,13,2,2,9,2
80198,15,2,2,8,2
80199,17,2,2,3,2
80200,19,2,2,3,2
80201,1,2,2,11,1
80202,4,2,2,9,1
80203,3,2,2,4,1
80206,11,2,2,8,1
80207,7,2,2,8,1
80208,12,2,2,5,1
90010,11,2,2,5,1
90011,7,2,2,2,1
90014,53,2,2,30,1
90015,32,2,2,3,1
90016,48,2,2,2,1
90018,15,2,2,5,1
90019,40,2,2,4,1
90020,44,2,2,4,1
90021,5,2,2,2,1
90022,6,2,2,2,1
90025,8,2,2,4,1
90026,9,2,2,4,1
90027,10,2,2,5,1
90028,13,2,2,5,1
90029,1,2,2,5,1
90030,1,2,2,4,1
90032,35,2,2,2,1
90033,41,2,2,2,1
90035,19,2,2,3,1
90036,32,2,2,3,1
90037,22,3,3,4,1
90038,16,2,2,4,1
90039,13,2,2,5,1
90040,26,2,2,5,1
90041,8,2,2,2,1
90042,33,2,2,2,1
90043,26,2,2,2,1
90044,19,2,2,30,1
90045,15,2,2,3,1
90046,12,2,2,3,1
90047,24,2,2,4,1
90048,30,2,2,4,1
90049,17,2,2,4,1
90051,2,2,2,2,1
90052,3,2,2,2,1
90053,4,2,2,4,1
90054,1,2,2,4,1
90055,5,2,2,4,1
90056,6,2,2,5,1
90057,8,2,2,5,1
90058,7,2,2,5,1
90059,9,2,2,3,1
90060,10,2,2,3,1
90061,8,2,2,2,1
90062,7,2,2,2,1
90063,3,2,2,3,1
90064,6,2,2,3,1
90065,5,2,2,3,1
90066,1,2,2,5,1
90067,9,3,3,4,1
90068,2,2,2,4,1
90069,12,2,2,5,1
90070,10,2,2,5,1
90071,11,2,2,3,1
90072,14,2,2,3,1
90073,12,2,2,3,1
90074,15,2,2,4,1
90075,3,2,2,4,1
90076,9,2,2,4,1
90077,4,2,2,2,1
90078,1,2,2,2,1
90079,7,2,2,5,1
90080,6,2,2,5,1
90081,24,2,2,2,1
90082,11,2,2,2,1
90083,9,2,2,2,1
90084,18,2,2,3,1
90085,16,2,2,3,1
90086,13,2,2,4,1
90087,26,2,2,4,1
90088,15,2,2,5,1
90089,7,2,2,5,1
90090,20,2,2,5,1
90091,5,2,2,2,1
90092,8,2,2,2,1
90093,1,2,2,3,1
90094,6,2,2,3,1
90095,9,2,2,3,1
90096,10,2,2,4,1
90097,4,1,2,4,1
90098,3,2,2,4,1
90099,7,2,2,5,1
90100,7,2,2,5,1
90101,14,2,2,2,1
90102,15,3,3,2,1
90103,16,2,2,2,1
90104,11,2,2,3,1
90106,9,2,2,4,1
90107,21,2,2,4,1
90108,1,2,2,5,1
90109,2,2,2,5,1
90110,12,2,2,5,1
90112,16,2,2,2,1
90113,7,2,2,2,1
90114,5,2,2,3,1
90115,3,2,2,3,1
90116,11,2,2,3,1
90117,1,2,2,4,1
90118,1,2,2,4,1
90119,9,2,2,4,1
90120,26,2,2,5,1
90121,2,2,2,2,1
90122,10,2,2,2,1
90123,7,2,2,2,1
90124,11,2,3,3,1
90125,9,2,2,3,1
90126,1,2,2,5,1
90127,5,2,2,5,1
90128,6,2,2,5,1
90129,2,2,2,4,1
90130,12,2,2,4,1
100002,6,2,2,4,1
100003,3,2,2,4,1
100004,4,2,2,6,1
100005,8,2,2,6,1
100006,11,2,2,4,1
100007,1,2,2,8,1
100008,5,2,2,8,1
100009,2,2,2,8,1
100010,10,2,2,6,1
100013,12,2,2,6,1
100014,9,2,2,6,1
100015,7,2,2,8,1
100017,11,2,2,8,1
100020,2,2,2,4,1
100021,1,2,2,6,1
100023,10,2,2,4,1
100024,7,2,2,8,1
100025,5,2,2,4,1
100026,6,2,2,6,1
100029,15,2,2,8,1
100030,8,2,2,6,1
100031,1,2,2,6,1
100032,5,2,2,8,1
100033,3,2,2,4,1
100034,2,2,2,6,1
100035,9,2,2,8,1
100036,8,2,2,4,1
100037,6,2,2,6,1
100038,11,2,2,8,1
100039,7,2,2,4,1
100040,4,2,2,6,1
100042,5,2,2,6,1
100043,4,2,2,4,1
100044,17,2,2,8,1
100045,2,2,2,6,1
100046,8,2,2,4,1
100047,1,1,2,8,1
100048,13,2,2,6,1
100049,18,2,2,4,1
100050,6,2,2,8,1
100055,30,2,2,4,1
100056,23,2,2,8,1
100075,13,2,2,3,2
100082,6,2,2,3,2
100093,18,2,2,5,2
100094,20,2,2,3,2
100101,24,2,2,3,2
100102,30,2,2,7,2
100104,75,2,2,3,2
100105,11,2,2,3,2
100108,62,2,2,5,2
100115,10,2,2,5,2
100127,9,2,2,3,2
110011,30,2,2,2,1
110012,27,2,2,2,1
110013,23,2,2,5,1
110014,20,2,2,2,1
110015,15,2,2,5,1
110016,13,2,2,3,1
110017,18,2,2,4,1
110018,11,2,2,3,1
110020,25,2,2,4,1
110021,4,2,2,4,1
110022,31,2,2,3,1
110023,12,2,2,3,1
110024,1,2,2,3,1
110025,34,2,2,4,1
110026,20,2,2,5,1
110027,6,2,2,2,1
110028,39,2,2,2,1
110029,37,2,2,5,1
110030,28,2,2,5,1
110031,16,2,2,5,1
110032,6,2,2,2,1
110033,15,2,2,2,1
110034,13,2,2,5,1
110035,3,2,2,5,1
110036,4,2,2,4,1
110037,1,2,2,3,1
110038,7,2,2,3,1
110039,9,2,2,4,1
110040,10,2,2,4,1
110041,2,2,2,2,1
110042,5,2,2,5,1
110043,12,2,2,2,1
110044,9,2,2,5,1
110045,1,2,2,2,1
110046,3,2,2,4,1
110047,6,2,2,4,1
110048,7,2,2,3,1
110049,15,2,2,3,1
110050,10,2,2,3,1
110051,1,2,2,5,1
110053,5,2,2,2,1
110055,8,2,2,5,1
110057,7,2,2,4,1
110059,4,2,2,3,1
110061,12,2,2,5,1
110062,17,2,2,5,1
110063,9,2,2,2,1
110064,20,2,2,2,1
110065,8,2,2,2,1
110066,6,2,2,3,1
110067,1,2,2,4,1
110068,13,3,3,4,1
110069,16,2,2,3,1
110070,14,2,2,4,1
110071,17,2,2,5,1
110072,27,2,2,5,1
110073,36,2,2,2,1
110074,46,2,2,2,1
110075,4,2,2,5,1
110076,39,2,2,3,1
110077,23,2,2,3,1
110078,11,2,2,4,1
110079,30,2,2,4,1
110081,6,2,2,2,1
110082,24,2,2,2,1
110083,9,2,2,3,1
110084,21,2,2,2,1
110085,4,3,3,5,1
110086,8,2,2,3,1
110087,1,2,2,3,1
110088,13,2,2,4,1
110089,18,2,2,5,1
110090,23,3,3,4,1
110091,19,2,2,4,1
110092,1,2,2,3,1
110093,6,2,2,4,1
110094,15,2,2,4,1
110095,4,2,2,3,1
110096,22,2,2,2,1
110097,7,2,2,2,1
110098,14,2,2,5,1
110099,11,2,2,5,1
110100,3,2,2,5,1
110101,2,2,2,2,1
110102,38,2,2,5,1
110103,65,2,2,2,1
110105,52,2,2,2,1
110106,29,2,2,3,1
110107,47,2,2,3,1
110108,20,2,2,4,1
110109,11,2,2,4,1
110110,61,2,2,3,1
110111,20,2,2,3,1
110112,18,2,2,2,1
110113,10,2,2,3,1
110114,25,2,2,5,1
110115,1,2,2,4,1
110116,3,2,2,4,1
110117,27,2,2,4,1
110118,16,2,2,2,1
110119,22,2,2,5,1
110120,23,2,2,2,1
110121,3,2,2,5,1
110122,11,2,2,5,1
110123,6,2,2,5,1
110124,16,2,2,3,1
110125,5,2,2,3,1
110126,1,2,2,3,1
110127,7,2,2,4,100
110128,13,2,2,4,1
110129,12,2,2,2,1
110130,4,2,2,2,1
110131,11,2,2,5,1
110132,3,2,2,5,1
110133,8,2,2,2,1
110134,14,2,2,2,1
110135,4,2,2,2,1
110136,2,2,2,3,1
110137,10,2,2,3,1
110138,12,2,2,4,1
110139,5,2,2,4,1
110140,13,2,2,4,1
120002,2,2,2,2,1
120005,5,2,2,2,1
120009,9,2,2,3,1
120010,10,1,1,3,1
120022,12,2,2,4,1
120041,1,2,2,5,1
120044,9,2,2,4,1
120045,14,2,2,5,1
120046,17,2,2,2,1
120047,19,2,2,3,1
120048,22,2,2,4,1
120049,27,2,2,2,1
120051,7,2,2,2,1
120052,4,2,2,3,1
120053,5,2,2,5,1
120054,2,2,2,2,1
120055,8,2,2,5,1
120056,10,2,2,2,1
120057,11,2,2,4,1
120058,12,2,2,3,1
120059,14,2,2,5,1
120060,15,2,2,4,1
120061,1,2,2,4,1
120063,5,2,2,5,1
120064,6,2,2,3,1
120065,8,2,2,4,1
120066,10,2,2,3,1
120068,10,2,2,3,1
120069,21,2,2,2,1
120070,23,2,2,2,1
120071,2,2,2,4,1
120072,3,2,2,2,1
120073,4,2,2,5,1
120075,6,2,2,5,1
120077,9,2,2,2,1
120078,10,2,2,4,1
120079,11,2,2,2,1
120080,12,2,2,5,1
120091,1,2,2,5,1
120092,2,2,2,4,1
120093,3,2,2,2,1
120094,4,2,2,5,1
120095,5,2,2,4,1
120096,6,2,2,2,1
120098,8,2,2,3,1
120099,9,2,2,4,1
120100,10,2,2,3,1
130006,21,2,2,3,1
130007,26,2,2,3,1
130010,33,2,2,4,1
130015,9,2,2,2,1
130016,10,2,2,4,1
130017,11,2,2,4,1
130018,12,2,2,3,1
130021,11,2,2,3,1
130025,15,2,2,4,1
130032,4,2,2,3,1
130034,8,2,2,4,1
130037,11,2,2,3,1
130038,12,2,2,4,1
130042,13,2,2,2,1
130046,27,2,2,3,1
130048,36,2,2,2,1
130050,41,2,2,4,1
130051,1,2,2,2,1
130052,2,2,2,4,1
130053,3,2,2,2,1
130054,4,2,2,3,1
130055,5,2,2,2,1
130056,6,2,2,3,1
130057,8,2,2,3,1
130058,9,2,2,4,1
130059,10,2,2,4,1
130060,11,2,2,3,1
130062,2,2,2,2,1
130064,4,2,2,3,1
130078,15,2,2,4,1
140001,40,2,2,4,1
140002,5,2,2,4,1
140003,8,2,2,4,1
140004,12,2,2,5,1
140006,19,2,2,3,1
140007,43,2,2,3,1
140008,26,2,2,3,1
140009,29,2,2,2,1
140010,33,2,2,2,1
140012,2,2,2,4,1
140013,3,2,2,4,1
140015,6,2,2,3,1
140016,7,2,2,3,1
140017,8,2,2,2,1
140019,11,2,2,5,1
140021,1,2,2,5,1
140022,2,2,2,5,1
140023,3,2,2,5,1
140024,4,2,2,2,1
140025,5,2,2,2,1
140026,6,2,2,2,1
140027,7,2,2,3,1
140028,8,2,2,3,1
140030,10,2,2,4,1
140031,1,2,2,5,1
140035,7,2,2,4,1
140036,8,2,2,2,1
140037,16,2,2,2,1
140038,11,2,2,2,1
140039,12,2,2,3,1
140040,19,2,2,3,1
140043,4,2,2,5,1
140044,6,2,2,3,1
140045,7,2,2,3,1
140046,9,2,2,2,1
140047,10,2,2,2,1
140048,12,2,2,2,1
140049,13,2,2,4,1
140050,15,2,2,4,1
140061,42,2,2,2,1
140062,5,2,2,2,1
140063,8,2,2,2,1
140064,11,2,2,5,1
140066,17,1,1,5,1
140067,20,1,1,3,1
140068,23,2,2,3,1
140069,27,2,2,4,1
140070,36,1,1,4,1
140071,1,2,2,3,1
140072,2,2,2,3,1
140073,3,2,2,3,1
140074,4,2,2,2,1
140075,6,2,2,2,1
140076,7,2,2,4,1
140077,8,2,2,4,1
140078,9,2,2,4,1
140079,1,2,2,5,1
140080,5,2,2,5,1
140081,1,2,2,2,1
140082,21,2,2,2,1
140083,3,2,2,2,1
140084,7,2,2,5,1
140085,9,2,2,5,1
140086,25,2,2,5,1
140087,13,2,2,3,1
140088,15,2,2,3,1
140089,17,2,2,4,1
140090,19,2,2,4,1
140101,1,2,2,4,1
140102,2,2,2,4,1
140103,4,2,2,4,1
140104,5,2,2,3,1
140105,6,2,2,3,1
140106,7,2,2,3,1
140108,10,2,2,2,1
140109,11,2,2,5,1
140111,11,2,2,2,1
140112,3,2,2,2,1
140113,6,2,2,2,1
140115,10,2,2,5,1
140116,12,2,2,5,1
140117,15,1,2,3,1
140118,17,2,2,3,1
140119,19,2,2,4,1
140120,21,2,2,4,1
140121,1,2,2,3,1
140122,14,2,2,3,1
140123,4,2,2,3,1
140125,15,2,2,5,1
140126,7,2,2,2,1
140127,16,2,2,4,1
140129,11,2,2,4,1
140130,12,2,2,4,1
150001,5,2,2,4,1
150002,8,2,2,5,1
150003,10,2,2,2,1
150004,4,2,2,4,1
150011,10,2,2,4,1
150012,9,2,2,5,1
150013,4,2,2,2,1
150014,7,2,2,2,1
150015,11,2,2,5,1
150016,1,2,2,4,1
150017,3,2,2,5,1
150018,8,2,2,2,1
150019,5,2,2,4,1
150020,6,2,2,2,1
150021,6,2,2,5,1
150022,47,2,2,2,1
150024,42,2,2,2,1
150025,11,2,2,4,1
150026,15,2,2,5,1
150027,38,2,2,2,1
150028,20,2,2,4,1
150029,33,2,2,5,1
150030,51,2,2,2,1
150032,19,2,2,2,1
150033,16,2,2,4,1
150034,4,2,2,5,1
150035,24,2,2,4,1
150037,13,2,2,4,1
150038,36,2,2,2,1
150039,22,2,2,5,1
150040,4,2,2,5,1
150041,10,2,2,4,1
150042,7,2,2,5,1
150043,18,2,2,2,1
150044,14,2,2,2,1
150045,5,2,2,4,1
150046,8,2,2,5,1
150047,12,2,2,2,1
150048,3,2,2,4,1
150049,1,2,2,5,1
150050,16,2,2,5,1
150051,6,2,2,2,1
150052,15,2,2,5,1
150053,11,2,2,4,1
150054,4,2,2,2,1
150055,3,2,2,4,1
150056,8,2,2,5,1
150057,17,2,2,4,1
150058,10,2,2,5,1
150059,22,2,2,2,1
150060,13,2,2,4,1
150062,6,2,2,5,1
150063,8,2,2,2,1
150064,1,2,2,2,1
150065,3,2,2,5,1
150066,16,2,2,4,1
150067,18,2,2,2,1
150068,11,2,2,4,1
150069,26,2,2,5,1
150070,21,2,2,2,1
150077,2,2,2,5,1
150078,62,2,2,5,1
160001,9,2,2,7,2
160002,22,2,2,6,2
160008,1,2,2,5,1
160009,24,2,2,6,2
160011,7,2,2,4,1
160012,1,2,2,4,1
160013,5,2,2,4,1
160014,4,2,2,4,1
160016,18,2,2,4,1
160017,6,2,2,4,1
160018,21,2,2,4,1
160019,1,2,2,4,1
160020,4,2,2,4,1
160021,15,2,2,4,1
160022,1,2,2,4,1
160023,2,2,2,4,1
160024,26,2,2,5,1
160025,29,2,2,5,1
160026,2,2,2,5,1
160028,13,2,2,8,1
160029,10,2,2,8,1
160030,15,2,2,4,1
160031,10,2,2,8,1
160032,16,2,2,8,1
160033,19,2,2,5,1
160034,9,2,2,8,1
160035,24,2,2,8,1
160036,9,2,2,8,1
160037,8,2,2,8,1
160038,32,2,2,8,1
160039,35,2,2,8,1
160041,14,2,2,5,1
160042,11,2,2,5,1
160043,7,2,2,5,1
160044,12,2,2,5,1
160046,19,2,2,5,1
160047,4,2,2,5,1
160048,9,2,2,5,1
160049,12,2,2,5,1
160050,14,2,2,5,1
160051,19,2,2,6,2
160052,17,2,2,6,2
160053,9,2,2,6,2
160054,5,2,2,3,2
160055,11,2,2,3,2
160056,3,2,2,3,2
160057,21,2,2,7,2
160058,7,2,2,7,2
160059,1,2,2,7,2
160060,13,2,2,7,2
160061,9,2,2,3,2
160062,4,2,2,3,2
160063,3,2,2,3,2
160064,1,2,2,6,2
160065,10,2,2,6,2
160066,7,2,2,6,2
160067,2,2,2,7,2
160068,6,2,2,7,2
160069,5,2,2,7,2
160070,8,2,2,7,2
160071,3,2,2,3,2
160072,15,2,2,3,2
160073,18,2,2,3,2
160074,16,2,2,7,2
160075,7,2,2,7,2
160076,1,2,2,7,2
160077,9,2,2,6,2
160078,22,2,2,6,2
160079,4,2,2,6,2
160080,10,2,2,6,2
160081,16,2,2,3,2
160082,1,2,2,3,2
160083,12,2,2,3,2
160084,19,2,2,3,2
160085,11,2,2,6,2
160086,7,2,2,6,2
160087,18,2,2,6,2
160088,14,2,2,7,2
160089,4,1,2,7,2
160090,5,2,2,7,2
160091,5,2,2,3,2
160092,11,2,2,3,2
160093,12,2,2,3,2
160094,8,2,2,7,2
160095,9,2,2,7,2
160096,6,2,2,7,2
160097,3,2,2,6,2
160098,2,2,2,6,2
160099,14,2,2,6,2
160100,7,2,2,6,2
160101,13,2,2,4,1
160102,8,2,2,4,1
160103,15,2,2,4,1
160104,6,2,2,8,1
160105,2,2,2,8,1
160106,1,2,2,8,1
160107,20,2,2,5,1
160108,6,2,2,5,1
160109,11,2,2,5,1
160110,20,2,2,5,1
160111,13,2,2,7,2
160112,10,2,2,8,1
160113,6,2,2,5,1
160114,3,2,2,5,1
160115,4,2,2,5,1
160116,8,2,2,5,1
160117,9,2,2,8,1
160118,10,2,2,4,1
160119,6,2,2,4,1
160120,13,2,2,4,1
160121,5,2,2,4,1
160124,4,2,2,8,1
160125,10,2,2,8,1
160126,1,2,2,8,1
160127,16,2,2,8,1
160128,13,2,2,8,1
160129,3,2,2,8,1
160130,22,2,2,4,1
160131,21,2,2,4,1
160132,3,2,2,5,1
160133,11,2,2,5,1
160144,5,2,2,3,2
160145,29,2,2,3,2
160146,19,2,2,7,2
160147,15,2,2,7,2
160148,1,2,2,7,2
160149,11,2,2,7,2
160150,13,2,2,6,2
160151,21,2,2,6,2
160152,3,2,2,6,2
160153,9,2,2,3,2
160154,8,2,2,7,2
160155,19,2,2,6,2
160156,13,2,2,8,1
160157,11,2,2,4,1
160158,5,1,2,5,1
160160,8,2,2,4,1
160162,4,2,2,8,1
160163,26,2,2,4,1
160164,3,2,2,5,1
160165,16,2,2,8,1
160166,13,2,2,4,1
160167,24,2,2,5,1
160168,6,2,2,4,1
160169,3,2,2,5,1
160170,12,2,2,8,1
160171,28,2,2,8,1
160172,7,2,2,5,1
160173,9,2,2,4,1
160174,6,2,2,6,2
160175,5,2,2,6,2
160176,16,2,2,6,2
160177,11,2,2,6,2
160178,28,2,2,3,2
160179,25,2,2,3,2
160180,5,1,2,7,2
160181,7,2,2,6,2
160182,9,2,2,7,2
160183,1,2,2,7,2
160184,34,2,2,3,2
160185,2,2,2,3,2
160186,3,2,2,7,2
160187,8,2,2,7,2
160188,2,2,2,3,2
160189,4,2,2,3,2
160190,10,2,2,3,2
170001,1,2,2,5,1
170002,3,2,2,2,1
170003,5,2,2,2,1
170004,7,2,2,6,1
170005,9,2,2,5,1
170006,11,2,2,4,1
170007,13,2,2,4,1
170008,15,2,2,2,1
170009,18,2,2,4,1
170010,20,2,2,6,1
170011,1,2,2,5,1
170012,3,2,2,5,1
170013,6,2,2,2,1
170014,8,2,2,5,1
170015,10,2,2,4,1
170016,13,2,2,6,1
170017,17,2,2,6,1
170018,15,2,2,6,1
170019,20,2,2,4,1
170020,22,2,2,2,1
170021,2,2,2,5,1
170022,3,2,2,2,1
170023,7,2,2,4,1
170024,10,2,2,5,1
170026,16,2,2,2,1
170027,18,2,2,6,1
170028,21,2,2,6,1
170029,24,2,2,4,1
170030,27,2,2,6,1
170032,6,2,2,4,1
170037,21,2,2,5,1
170038,25,2,2,2,1
170041,1,2,2,2,1
170042,4,2,2,5,1
170043,22,2,2,2,1
170044,25,2,2,2,1
170045,28,2,2,4,1
170046,31,2,2,5,1
170047,34,2,2,4,1
170048,37,2,2,6,1
170049,40,2,2,6,1
170051,1,2,2,5,1
170052,2,2,2,6,1
170053,4,2,2,6,1
170054,6,2,2,2,1
170055,6,2,2,4,1
170056,8,2,2,6,1
170057,9,2,2,4,1
170058,10,2,2,5,1
170059,12,2,2,2,1
170060,13,2,2,5,1
170061,1,2,2,2,1
170062,3,2,2,2,1
170063,4,2,2,6,1
170064,6,2,2,6,1
170065,7,2,2,5,1
170066,9,2,2,4,1
170067,10,2,2,6,1
170068,12,2,2,5,1
170069,13,2,2,4,1
170070,15,2,2,5,1
170074,8,2,2,5,1
170075,10,2,2,5,1
170076,12,2,2,6,1
170077,14,2,2,6,1
170078,16,2,2,5,1
170079,19,2,2,2,1
170081,1,2,2,2,1
170082,2,2,2,6,1
170083,3,2,2,4,1
170084,4,2,2,5,1
170085,5,2,2,4,1
170086,6,2,2,5,1
170087,7,2,2,2,1
170088,8,2,2,4,1
170089,10,2,2,6,1
170090,11,2,2,2,1
170091,2,2,2,2,1
170092,4,2,2,5,1
170093,7,2,2,4,1
170094,9,2,2,4,1
170095,12,2,2,5,1
170096,14,2,2,6,1
170097,17,2,2,6,1
170098,19,2,2,5,1
170099,22,2,2,6,1
170100,24,2,2,2,1
170101,1,2,2,4,1
170102,3,2,2,4,1
170103,5,2,2,6,1
170104,7,2,2,2,1
170105,9,2,2,4,1
170106,11,2,2,2,1
170107,13,2,2,6,1
170108,15,2,2,5,1
170109,18,2,2,2,1
170110,20,2,2,5,1
170112,15,2,2,6,1
170113,4,2,2,2,1
170115,16,2,2,5,1
170116,8,2,2,5,1
170117,9,2,2,2,1
170118,18,2,2,4,1
170119,12,2,2,6,1
170120,14,2,2,6,1
170121,1,2,2,6,1
170122,2,2,2,4,1
170123,3,2,2,4,1
170124,4,2,2,2,1
170125,5,2,2,2,1
170126,6,2,2,5,1
170127,7,2,2,4,1
170128,8,2,2,6,1
170129,9,2,2,5,1
170130,10,2,2,2,1
180001,9,2,2,5,1
180003,26,2,2,3,1
180004,28,2,2,5,3
180006,13,2,2,3,1
180008,18,2,2,5,1
180027,35,2,2,4,1
180031,2,2,2,4,1
180032,5,2,3,2,1
180033,12,2,2,3,1
180034,15,2,2,3,1
180035,18,2,2,5,1
180036,28,2,2,5,1
180037,31,2,2,2,1
180038,41,2,2,3,1
180039,44,2,2,4,1
180040,10,2,2,4,1
180041,2,2,2,5,1
180042,5,2,2,2,1
180043,8,2,2,5,1
180044,19,2,2,4,1
180046,25,2,2,3,1
180047,28,2,2,3,1
180048,34,2,2,2,1
180049,36,2,2,2,1
180052,14,2,2,3,1
180053,6,2,2,4,1
180054,9,2,2,3,1
180055,12,2,2,5,1
180056,14,2,2,3,1
180057,17,2,2,5,1
180058,20,2,2,2,1
180059,22,2,2,4,1
180060,25,2,2,2,1
180061,1,2,2,5,1
180062,5,2,2,3,1
180063,12,2,2,2,1
180064,16,2,2,3,1
180065,19,2,2,3,1
180066,23,2,2,5,1
180067,27,2,2,4,1
180068,30,2,2,4,1
180069,38,2,2,2,1
180070,45,2,2,4,1
180071,1,2,2,3,1
180072,2,2,2,4,1
180073,4,2,2,2,1
180074,6,2,2,5,1
180075,9,2,2,5,1
180076,10,2,2,3,1
180077,7,2,2,4,1
180078,8,2,2,4,1
180079,17,2,2,2,1
180080,19,2,2,2,1
180081,1,2,2,5,1
180083,6,2,2,4,1
180084,9,2,2,4,1
180085,11,2,2,3,1
180086,14,2,2,5,1
180087,19,2,2,2,1
180088,19,2,2,5,1
180089,24,2,2,2,1
180090,36,2,2,2,1
180091,1,2,2,4,1
180092,2,2,2,4,1
180093,3,2,2,5,1
180094,4,2,2,2,1
180095,5,2,2,5,1
180096,6,2,2,3,1
180097,8,2,2,2,1
180098,9,2,2,3,1
180099,11,2,2,5,1
180100,13,2,2,4,1
180101,1,2,2,5,1
180102,3,2,2,5,1
180103,8,2,2,2,10
180104,11,2,2,4,1
180105,13,2,2,4,1
180106,7,2,2,3,1
180107,18,2,2,2,1
180108,21,2,2,5,1
180109,26,2,2,3,1
180110,28,2,2,4,1
180111,1,2,2,4,1
180112,13,2,2,3,1
180113,5,2,2,3,1
180114,7,2,2,5,1
180115,9,2,2,2,1
180116,11,2,2,5,1
180117,13,2,2,3,1
190021,1,2,2,3,1
190022,3,2,2,3,1
190023,4,2,2,9,1
190024,6,2,2,6,1
190025,8,2,2,6,1
190026,9,2,2,6,1
190027,110,2,2,10,1
190028,13,2,2,10,1
190029,14,2,2,9,1
190030,16,2,2,9,1
190031,1,2,2,10,1
190032,3,2,2,10,1
190033,6,2,2,10,1
190034,8,2,2,3,1
190035,10,2,2,3,1
190036,12,2,2,3,1
190037,15,2,2,9,1
190038,17,2,2,9,1
190039,19,2,2,6,1
190040,21,2,2,6,1
190041,1,2,2,6,1
190042,3,2,2,6,1
190043,5,2,2,6,1
190044,8,2,2,9,1
190045,10,2,2,9,1
190046,12,2,2,9,1
190047,16,2,2,3,1
190048,19,2,2,3,1
190049,25,2,2,10,1
190050,23,2,2,10,1
190051,3,2,2,6,1
190053,9,2,2,3,1
190054,7,2,2,3,1
190059,22,2,2,6,1
190061,1,2,2,9,1
190062,3,2,2,9,1
190063,4,2,2,9,1
190064,6,2,2,6,1
190065,11,2,2,6,1
190066,13,2,2,3,1
190067,14,2,2,3,1
190068,16,2,2,10,1
190069,13,2,2,10,1
190070,19,2,2,6,1
190071,1,2,2,3,1
190072,3,2,3,3,1
190073,6,2,2,3,1
190074,8,2,2,10,1
190075,10,2,2,10,1
190076,13,2,2,10,1
190077,15,2,2,6,1
190078,17,2,2,6,1
190079,20,2,2,9,1
190080,22,2,2,9,1
190081,2,2,2,10,1
190082,5,2,2,10,1
190083,8,2,2,9,1
190084,11,2,2,9,1
190085,13,2,2,3,1
190086,16,2,2,3,1
190087,22,2,2,3,1
190088,25,2,2,10,1
190089,28,2,2,6,1
190090,31,2,2,6,1
190091,1,2,2,6,1
190092,16,2,2,9,1
190093,3,2,2,9,1
190094,5,2,2,3,1
190095,6,2,2,3,1
190096,7,2,2,3,1
190097,8,2,2,6,1
190098,9,2,2,10,1
190099,11,2,2,10,1
190100,12,2,2,6,1
200010,10,2,2,7,2
200011,1,2,2,5,2
200012,2,2,2,5,2
200013,13,2,2,7,2
200014,14,2,3,7,2
200015,15,2,2,7,2
200016,7,2,2,6,2
200017,8,2,2,6,2
200018,9,2,2,5,2
200019,10,2,2,5,2
200020,20,2,2,7,2
200021,21,2,2,7,2
200022,22,2,2,7,2
200023,23,2,2,7,2
200024,5,2,2,5,2
200025,7,2,2,5,2
200026,8,2,2,5,2
200027,7,2,2,6,2
200028,8,2,2,6,2
200029,9,2,2,6,2
200030,10,2,2,6,2
200031,1,2,2,5,2
200032,3,2,2,5,2
200033,5,2,2,5,2
200034,7,2,2,5,2
200035,35,2,2,7,2
200036,36,2,2,7,2
200037,37,2,2,7,2
200038,10,2,2,6,2
200039,12,2,2,6,2
200040,12,2,2,6,2
200041,41,2,2,7,2
200042,42,2,2,7,2
200043,43,2,2,7,2
200044,44,2,2,7,2
200045,5,2,2,5,2
200046,6,2,2,5,2
200047,7,2,2,5,2
200048,8,2,2,6,2
200049,9,2,2,6,2
200050,10,2,2,6,2
200051,1,2,2,6,2
200052,2,1,2,6,2
200053,3,2,2,6,1
200056,7,2,2,5,2
200059,59,2,2,7,2
200060,60,2,2,7,2
200061,1,2,2,5,2
200062,3,2,2,5,2
200063,6,2,2,5,1
200064,8,2,2,5,2
200065,11,2,2,6,2
200066,13,2,2,6,2
200067,16,2,2,6,2
200068,68,2,2,7,2
200069,69,2,2,7,2
200071,71,2,2,7,2
200072,72,2,2,7,2
200073,73,2,2,7,2
200074,74,2,2,7,2
200075,5,2,2,60,2
200076,6,2,2,6,2
200077,7,2,2,6,2
200078,8,2,2,5,2
200079,9,2,2,5,2
200080,11,2,2,5,2
200081,1,2,2,6,2
200082,3,2,2,6,2
200083,4,2,2,6,2
200084,6,2,2,6,2
200085,8,2,2,5,2
200086,9,2,2,5,2
200087,11,2,2,5,2
200088,88,2,2,7,2
200089,89,2,2,7,2
200090,90,2,2,7,2
200091,2,2,2,9,1
200092,12,2,2,9,1
200093,11,2,2,9,1
200094,10,2,2,3,1
200095,4,2,2,4,1
200096,6,2,2,4,1
200097,16,3,3,4,1
200098,15,2,2,3,1
200099,5,2,2,3,1
200100,14,2,2,3,1
200103,9,2,2,9,1
200105,3,2,2,9,1
200106,6,2,2,9,1
200108,11,2,2,4,1
200113,6,2,2,4,1
200117,11,2,2,9,1
200120,20,2,2,9,1
200121,1,1,2,9,1
200122,5,2,2,9,1
200123,13,2,2,9,1
200124,17,1,2,4,1
200125,25,2,2,4,1
200126,33,2,2,3,1
200127,41,2,2,4,1
200128,45,2,2,3,1
200129,49,2,2,9,1
200130,57,2,2,9,1
200131,6,2,2,4,1
200132,9,2,2,9,1
200133,13,2,2,9,1
200134,16,2,2,4,1
200135,20,2,2,3,1
200136,23,2,2,3,1
200137,27,2,2,4,1
200138,30,2,2,9,1
200139,37,2,2,4,1
200140,20,2,2,3,1
200141,1,2,2,4,1
200142,2,2,2,3,1
200143,4,2,2,4,1
200144,5,2,2,3,1
200145,6,2,2,4,1
200146,13,2,2,9,1
200147,16,2,2,9,1
200148,17,2,2,9,1
200149,18,2,2,3,1
200150,20,2,2,3,1
200151,4,2,2,3,1
200152,7,2,2,4,1
200153,14,2,2,4,1
200154,19,2,2,4,1
200155,24,2,2,3,1
200156,29,2,2,4,1
200157,22,2,2,9,1
200158,17,2,2,9,1
200159,9,2,2,9,1
200160,32,2,2,3,1
200161,42,2,2,9,1
200162,4,2,2,3,1
200163,7,2,2,4,1
200164,16,2,2,4,1
200165,22,2,2,9,1
200166,27,2,2,3,1
200167,30,2,2,3,1
200168,36,2,2,9,1
200170,1,2,2,9,1
210002,3,2,2,2,1
210007,17,2,2,2,1
210008,19,2,2,2,1
210011,5,2,2,3,1
210012,7,2,2,3,1
210013,9,2,2,4,1
210015,13,2,2,3,1
210016,16,2,2,,1
210018,20,2,2,4,1
210019,22,2,2,,1
210021,1,2,2,2,1
210022,3,2,2,3,1
210023,5,2,2,3,1
210024,7,2,2,3,1
210025,9,2,2,4,1
210026,11,2,2,4,1
210027,2,2,2,,
210028,3,2,2,,
210029,21,2,2,4,1
210030,23,2,2,3,1
210031,1,2,2,2,1
210032,3,2,2,3,1
210033,5,2,2,3,1
210034,7,2,2,2,1
210035,9,2,2,4,1
210036,11,2,2,4,1
210037,13,2,2,4,1
210038,15,2,2,3,1
210039,21,2,2,4,1
210040,29,2,2,2,1
210041,3,2,2,4,1
210042,5,2,2,2,1
210043,8,2,2,2,1
210044,12,2,2,4,1
210045,14,2,2,4,1
210046,16,2,2,2,1
210047,19,2,2,3,1
210048,25,2,2,3,1
210049,27,2,2,4,1
210050,30,2,2,3,1
210051,4,2,2,2,1
210052,5,2,2,2,1
210053,6,2,2,2,1
210054,7,2,2,3,1
210055,8,2,2,3,1
210056,9,2,2,4,1
210057,10,2,2,4,1
210058,11,2,2,3,1
210059,12,2,2,3,1
210060,14,2,2,4,1
210061,2,2,2,4,1
210062,4,2,2,4,1
210063,7,2,2,3,1
210064,9,2,2,4,1
210065,12,2,2,2,1
210066,14,2,2,4,1
210067,16,2,2,3,1
210068,19,2,2,3,1
210069,21,2,2,2,1
210070,33,2,2,2,1
210071,8,2,2,3,1
210072,13,2,2,4,1
210074,28,2,2,3,1
210075,33,2,2,3,1
210076,38,2,2,4,1
210077,43,2,2,2,1
210078,48,2,2,4,1
210079,68,2,2,2,1
210080,73,2,2,2,1
210081,1,2,2,3,1
210082,2,2,2,3,1
210083,7,2,2,4,1
210084,8,2,2,2,1
210085,10,2,2,4,1
210086,11,2,2,4,1
210087,13,2,2,2,1
210088,14,2,2,3,1
210089,16,2,2,2,1
210090,17,2,2,2,1
210091,3,2,2,4,1
210092,6,2,2,2,1
210093,13,2,2,4,1
210094,17,2,2,3,1
210095,20,2,2,3,1
210096,24,2,2,2,1
210097,27,2,2,2,1
210098,34,2,2,3,1
210099,38,2,2,4,1
210100,34,2,2,4,1
220004,4,2,2,6,1
220005,5,2,2,3,1
220007,7,2,2,2,1
220008,8,2,2,3,1
220009,9,2,2,6,1
220011,1,2,2,2,1
220012,2,2,2,2,1
220013,3,2,2,2,1
220014,4,2,2,5,1
220016,6,2,2,5,1
220017,7,2,2,6,1
220019,9,2,2,6,1
220020,10,2,2,3,1
220037,8,2,2,3,1
220040,10,2,2,2,1
220041,1,2,2,3,1
220044,11,2,2,6,1
220045,5,2,2,6,1
220046,3,2,2,6,1
220047,6,2,2,2,1
220049,2,2,2,5,1
220051,7,2,2,5,1
220054,1,2,2,3,1
220056,5,2,2,3,1
220057,21,2,2,2,1
220060,15,2,2,6,1
220062,2,2,2,6,1
220063,3,2,2,6,1
220064,4,2,2,2,1
220066,6,2,2,2,1
220067,7,2,2,5,1
220068,8,2,2,5,1
220069,9,2,2,3,1
220070,10,2,2,3,1
220071,1,2,2,2,1
220072,2,2,2,2,1
220075,5,2,2,3,1
220076,11,2,2,6,1
220077,6,2,2,6,1
220079,9,2,2,5,1
220080,10,2,2,5,1
220082,2,2,2,3,1
220083,11,2,2,2,1
220084,4,2,2,2,1
220085,5,2,2,2,1
220086,10,2,2,5,1
220087,6,2,2,5,1
220088,6,2,2,6,1
220090,8,2,2,6,1
220092,2,2,2,3,1
220093,3,2,2,3,1
220094,6,2,2,2,1
220095,5,2,2,2,1
220096,11,2,2,6,1
220097,12,2,2,6,1
220098,8,2,2,5,1
220099,9,2,2,5,1
220100,7,2,2,5,1
220101,3,2,2,3,1
220106,17,2,2,6,1
220109,22,2,2,5,1
220111,13,2,2,3,1
220112,3,2,2,3,1
220113,1,2,2,6,1
220114,6,2,2,5,1
220115,10,2,2,3,1
220116,4,2,2,2,1
220118,8,2,2,6,1
230001,20,2,2,4,1
230002,27,2,2,3,1
230003,22,2,2,5,1
230004,24,2,2,2,1
230005,15,2,2,3,1
230006,29,2,2,4,1
230007,31,2,2,2,1
230008,3,2,2,5,1
230009,13,2,2,5,1
230018,29,2,2,3,1
230019,13,2,2,5,1
230024,4,2,2,5,1
230027,7,2,2,5,1
230028,8,2,2,3,1
230030,10,2,2,5,1
230031,9,2,2,3,1
230033,16,2,2,2,1
230036,18,2,2,3,1
230037,15,2,2,5,1
230039,20,2,2,2,1
230041,6,2,2,4,1
230044,3,2,2,2,1
230046,22,2,2,3,1
230050,15,2,2,5,1
230051,12,2,2,5,1
230056,13,2,2,4,1
230061,10,2,2,5,1
230062,4,2,2,4,1
230063,3,2,2,3,1
230065,7,2,2,5,1
230066,2,2,2,4,1
230067,5,2,2,2,1
230068,11,2,2,3,1
230070,8,2,2,4,1
230071,10,2,2,5,1
230074,31,2,2,2,1
230076,12,2,2,4,1
230077,20,2,2,3,1
230083,3,2,2,3,1
230087,23,2,2,3,1
230088,19,2,2,2,1
230089,17,2,2,5,1
230090,9,2,2,4,1
230091,19,2,2,2,1
230092,1,2,2,3,1
230093,38,2,2,4,1
230094,24,2,2,5,1
230095,33,2,2,3,1
230096,18,2,2,2,1
230097,12,2,2,4,1
230098,10,2,2,5,1
230099,5,2,2,4,1
230100,31,2,2,5,1
230101,11,2,2,4,1
230102,19,2,2,5,1
230103,7,0,2,2,1
230104,1,2,2,3,1
230105,23,2,2,4,1
230106,13,2,2,5,1
230107,8,2,2,3,1
230108,8,2,2,3,1
230109,22,2,2,4,1
230110,16,2,2,5,1
230111,80,2,2,4,1
230112,75,2,2,5,1
230113,22,2,2,2,1
230114,43,2,2,3,1
230116,162,2,2,5,1
230117,80,2,2,2,1
230118,64,2,2,3,1
230119,151,2,2,4,1
230120,32,2,2,5,1
240161,1,2,2,4,1
240162,2,2,2,4,1
240163,5,2,2,8,2
240164,7,2,2,7,2
240165,12,2,2,5,1
240166,10,2,2,3,1
240167,11,2,2,3,1
240168,13,2,2,6,2
240169,15,2,2,7,2
240170,16,2,2,6,2
250003,7,3,3,2,1
250005,12,2,2,2,1
250007,18,2,2,4,1
250011,1,2,2,2,1
250012,14,2,2,4,1
250013,11,2,2,2,1
250014,4,2,2,4,1
250015,17,2,2,2,1
250016,30,2,2,2,1
250017,20,2,2,4,1
250018,27,2,2,4,1
250020,7,2,2,4,1
250021,12,2,2,2,1
250022,6,2,2,2,1
250023,13,2,2,4,1
250024,10,2,2,2,1
250025,2,2,2,4,1
250026,1,2,2,2,1
250027,9,2,2,4,1
250028,4,3,3,2,1
250029,5,2,2,4,1
250030,8,2,2,2,1
250032,2,2,2,2,1
250033,6,3,3,2,1
250034,9,2,2,4,1
250035,5,2,2,2,1
250036,8,2,2,2,1
250037,3,2,2,2,1
250038,10,3,3,4,1
250039,7,2,2,2,1
250040,1,2,2,4,1
250041,23,2,2,2,1
250042,10,2,2,4,1
250043,5,2,2,2,1
250044,12,2,2,4,1
250045,21,3,3,2,1
250046,16,2,2,4,1
250047,14,2,2,2,1
250048,3,2,2,4,1
250049,1,2,2,2,1
250050,8,2,2,4,1
250052,6,2,2,2,1
250053,10,2,2,4,1
250054,3,2,2,2,1
250055,12,2,2,2,1
250056,15,2,2,2,1
250057,13,2,2,4,1
250058,4,2,2,2,1
250059,1,2,2,2,1
250060,16,2,2,4,1
250062,7,2,2,2,1
250064,9,2,2,2,1
250065,7,2,2,4,1
250066,14,2,2,2,1
250067,6,3,3,4,1
250068,15,3,3,2,1
250069,4,3,3,4,1
250070,1,2,2,2,1
260008,8,1,1,3,1
260021,14,2,2,7,1
260022,2,2,2,7,1
260023,3,2,2,3,1
260024,5,2,2,3,1
260025,6,2,2,8,1
260026,7,2,2,8,1
260029,14,2,2,7,1
260030,14,2,2,3,1
260031,1,2,2,3,1
260032,2,2,2,7,1
260034,6,2,2,8,1
260039,14,2,2,7,1
260040,15,2,2,7,1
260051,1,2,2,3,1
260052,3,2,2,7,1
260053,10,2,2,7,1
260054,5,2,2,7,1
260055,12,2,2,8,1
260056,15,2,2,3,1
260057,17,2,2,8,1
260058,19,2,2,3,1
260059,23,2,2,8,1
260060,26,2,2,3,1
260061,2,2,2,7,1
260063,11,2,2,7,1
260064,17,2,2,7,1
260065,27,2,2,8,1
260066,30,2,2,8,1
260067,33,2,2,3,1
260068,36,2,2,8,1
260069,39,2,2,8,1
260070,42,2,2,3,1
260071,1,2,2,3,1
260072,3,2,2,3,1
260073,5,2,2,7,1
260074,7,2,2,8,1
260075,9,2,2,8,1
260076,11,2,2,,
260077,13,2,2,8,1
260078,18,2,2,3,1
260079,20,2,2,3,1
260080,24,2,2,7,1
260081,2,2,2,7,1
260082,8,2,2,3,1
260083,11,2,2,8,1
260084,14,2,2,8,1
260085,23,2,2,3,1
260086,29,2,2,7,1
260087,32,2,2,8,1
260088,35,2,2,7,1
260089,38,2,2,3,1
260090,41,2,2,7,1
260091,1,2,2,4,2
260092,8,2,2,6,2
260093,67,2,2,9,2
260094,33,2,2,6,2
260095,23,2,2,4,2
260096,52,2,2,4,2
260097,57,2,2,9,2
260098,23,2,2,9,2
260099,57,2,2,9,4
260100,3,2,2,4,2
260102,17,2,2,4,2
260103,10,2,2,9,2
260104,3,2,2,6,2
260107,11,2,2,4,2
260109,13,2,2,6,4
260110,24,2,2,6,2
260121,22,2,2,4,2
260122,17,2,2,9,2
260123,9,2,2,4,2
260124,1,2,2,6,2
260125,12,2,2,4,2
260126,4,2,2,6,2
260127,6,2,2,6,2
260128,25,2,2,6,2
260129,33,2,2,6,2
260130,20,2,2,9,2
260131,33,2,2,4,2
260132,12,2,2,4,2
260133,15,2,2,4,2
260134,26,2,2,6,2
260135,3,2,2,6,2
260136,8,2,2,6,2
260138,1,2,2,9,2
260139,21,2,2,9,2
260140,19,2,2,9,2
260141,11,2,2,6,2
260142,9,2,2,6,2
260143,5,2,2,9,2
260144,7,2,2,4,2
260145,18,2,2,6,2
260146,15,2,2,9,2
260147,2,2,2,9,2
260148,14,2,2,6,2
260149,16,2,2,4,2
260150,12,2,2,4,2
260151,4,2,2,4,2
260152,25,2,2,4,2
260153,28,2,2,4,2
260154,33,2,2,6,2
260155,20,2,2,4,2
260160,22,2,2,9,2
260161,22,2,2,4,2
260162,1,2,2,4,2
260163,17,2,2,4,2
260164,3,2,2,4,2
260165,8,2,2,9,2
260166,13,2,2,9,2
260167,10,2,2,9,2
260168,6,2,2,6,2
260169,27,2,2,6,2
260170,15,2,2,6,2
260171,2,2,2,6,2
260172,3,2,2,6,2
260173,9,2,2,6,2
260174,1,2,2,6,2
260175,8,2,2,9,2
260176,4,2,2,9,2
260177,13,2,2,9,2
260178,15,2,2,4,2
260179,16,2,2,4,2
260180,6,2,2,4,2
270021,10,2,2,2,1
270023,16,2,2,2,1
270024,19,2,2,4,1
270025,39,2,2,3,1
270026,49,2,2,2,1
270027,45,2,2,4,1
270028,23,2,2,3,1
270029,42,2,2,4,1
270030,32,2,2,3,1
270047,18,2,2,3,1
270050,31,2,2,3,1
270082,16,2,2,2,1
270083,19,2,2,3,1
270085,27,2,2,4,1
270086,30,2,2,2,1
270087,33,2,2,2,1
270088,36,2,2,3,1
270089,39,2,2,2,1
270090,42,2,2,4,1
280001,1,2,2,1,1
280012,16,2,2,4,1
280018,4,2,2,2,1
280020,11,2,2,1,1
280021,1,2,2,4,1
280022,4,2,2,4,1
280023,12,2,2,4,1
280024,7,2,2,4,1
280025,11,2,2,2,1
280026,18,2,2,2,1
280027,2,2,2,2,1
280028,14,2,2,2,1
280029,8,2,2,2,1
280030,5,2,2,2,1
280041,6,2,2,2,1
280042,3,2,2,3,1
280044,1,2,2,2,1
280045,9,2,2,4,1
280048,17,2,2,1,1
280049,20,2,2,4,1
280051,3,2,2,1,1
280053,14,2,2,2,1
280054,11,2,2,2,1
280055,1,2,2,2,1
280056,7,2,2,3,1
280057,12,2,2,3,1
280058,10,2,2,4,1
280059,4,2,2,4,1
280060,2,2,2,4,1
280061,3,2,2,3,1
280062,6,2,2,3,1
280066,2,2,2,1,1
280068,4,2,2,2,1
280070,5,2,2,4,1
280071,1,2,2,4,1
280072,4,2,2,1,1
280074,30,2,2,3,1
280075,32,2,2,3,1
280076,27,2,2,2,1
280079,6,2,2,4,1
280080,11,2,2,4,1
280081,1,2,2,2,1
280084,5,2,2,1,1
280086,8,2,2,3,1
280087,6,2,2,4,1
280088,4,2,2,3,1
280090,11,2,2,4,1
280091,1,2,2,1,1
280096,6,2,2,3,1
280097,7,3,3,4,1
280098,8,2,2,3,1
280099,9,2,2,1,1
280100,10,1,2,3,1
280102,2,2,2,1,1
280103,3,2,2,4,1
280108,13,2,2,1,1
280109,14,2,2,4,1
280111,6,2,2,4,1
280112,15,2,2,3,1
280113,12,2,2,3,1
280115,9,2,2,4,1
280116,7,2,2,4,1
280117,17,2,2,1,1
280118,1,2,2,2,1
280119,22,2,2,2,1
280121,2,3,3,2,1
280122,6,2,2,2,1
280123,7,2,2,1,1
280124,9,2,2,3,1
280125,10,2,2,2,1
280126,11,2,2,1,1
280127,14,2,2,3,1
280128,15,2,2,4,1
280129,17,2,2,1,1
280130,19,2,2,4,1
290003,25,2,2,4,2
290007,37,2,2,6,2
290021,15,2,2,3,1
290023,1,2,2,7,1
290039,4,2,2,7,1
290042,2,2,2,5,1
290043,2,2,2,5,1
290046,4,2,2,3,1
290047,7,2,2,7,1
290050,10,2,2,7,1
290054,19,2,2,4,2
290059,17,2,2,8,2
290060,12,2,2,4,2
290065,19,2,2,7,1
290066,23,2,2,7,1
290067,52,2,2,5,1
290068,31,2,2,7,1
290071,1,2,2,7,1
290076,11,2,2,3,1
290082,2,2,2,4,2
290091,24,2,2,6,2
290094,11,2,2,4,2
290097,31,2,2,4,2
290101,1,2,2,4,2
290102,2,2,2,6,2
290103,3,2,2,4,2
290104,4,2,2,6,2
290105,5,2,2,4,2
290106,6,2,2,8,2
290107,7,2,2,4,2
290108,8,2,2,6,2
290109,9,2,2,8,2
290110,10,2,2,8,2
290111,1,2,2,7,1
290112,2,2,2,5,1
290113,3,2,2,5,1
290114,4,2,2,7,1
290116,12,2,2,7,1
290117,7,2,2,5,1
290118,8,2,2,3,1
290120,10,2,2,3,1
290124,5,2,2,3,1
290126,5,2,2,7,1
290127,10,2,2,7,1
290128,11,2,2,3,1
290129,13,2,2,3,1
290130,14,2,2,7,1
290134,11,2,2,3,1
290135,6,2,2,7,1
290137,13,2,2,5,1
290142,1,2,2,4,2
290151,1,2,2,8,2
290152,3,2,2,8,2
290153,4,2,2,4,2
290154,6,2,2,6,2
290155,20,2,2,6,2
290158,13,2,2,6,2
290161,1,2,2,3,1
290162,2,2,2,7,1
290163,3,2,2,5,1
290165,5,2,2,7,1
290166,6,2,2,5,1
290167,7,2,2,3,1
290168,12,2,2,7,1
290169,9,2,2,5,1
290170,10,2,2,3,1
290172,3,2,2,8,2
290173,3,2,2,4,2
290175,16,2,2,8,2
290176,7,2,2,6,2
290177,8,2,2,6,2
290178,9,2,2,8,2
290179,10,2,2,8,2
290180,10,2,2,4,2
300021,5,2,2,9,1
300022,6,2,2,11,1
300024,9,2,2,9,1
300025,12,2,2,4,1
300026,13,2,2,4,1
300027,14,2,2,3,1
300028,17,2,2,3,1
300030,20,2,2,4,1
300032,3,2,2,11,1
300033,5,2,2,9,1
300034,6,2,2,9,1
300035,8,2,2,11,1
300036,10,2,2,3,1
300037,14,2,2,4,1
300038,15,2,2,11,1
300039,19,2,2,9,1
300040,21,2,2,3,1
300041,1,2,2,3,1
300042,2,2,2,11,1
300043,4,2,2,4,1
300044,14,2,2,11,1
300045,7,2,2,9,1
300046,5,2,2,11,1
300047,10,2,2,3,1
300048,11,2,2,3,1
300049,17,2,2,11,1
300050,19,2,2,9,1
300095,5,2,2,3,1
300098,8,2,2,9,1
300129,11,2,2,4,1
300151,1,2,2,8,2
300152,2,2,2,6,2
300153,3,2,2,6,2
300154,4,2,2,6,2
300156,6,2,2,7,2
300158,10,2,2,8,2
300162,11,2,2,8,2
300164,26,2,2,6,2
300171,1,2,2,5,2
300172,2,2,2,6,2
300175,5,2,2,7,2
300176,6,2,2,5,2
300177,7,2,2,8,2
300178,7,2,2,7,2
300180,12,2,2,8,2
300182,4,2,2,6,2
300183,8,2,2,5,2
300184,9,2,2,8,2
300185,14,2,2,7,2
300186,16,2,2,5,2
300187,18,2,2,6,2
300188,19,2,2,6,2
300189,21,2,2,7,2
300190,23,2,2,7,2
300191,2,2,2,5,2
300192,3,2,2,8,2
300193,4,2,2,6,2
300194,5,2,2,7,2
300195,6,2,2,5,2
300196,7,2,2,7,2
300197,8,2,2,5,2
300198,10,2,2,8,2
300199,11,2,2,6,2
300200,12,2,2,8,2
300211,1,2,2,5,2
300212,2,2,2,8,2
300213,4,2,2,5,2
300214,5,2,2,8,2
300215,8,2,2,5,2
300216,11,2,2,7,2
300217,12,2,2,6,2
300218,16,2,2,6,2
300220,19,2,2,8,2
300221,3,2,2,7,2
300223,28,2,2,8,2
300224,33,2,2,7,2
300225,38,2,2,7,2
300226,48,2,2,6,2
300227,53,2,2,5,2
300229,94,2,2,5,2
300230,73,2,2,6,2
310006,46,2,2,6,1
310008,75,2,2,2,1
310011,1,2,2,6,1
310012,4,2,2,3,1
310013,6,2,2,2,1
310014,9,2,2,6,1
310015,10,2,2,2,1
310016,13,2,2,5,1
310017,15,2,2,5,1
310019,19,2,2,3,1
310020,21,2,2,2,1
310021,1,2,2,3,1
310022,2,2,2,5,1
310023,4,2,2,2,1
310024,5,2,2,5,1
310025,7,2,2,2,0
310026,8,2,2,2,1
310027,9,2,2,5,1
310028,11,2,2,3,1
310029,12,2,2,3,1
310030,18,2,2,5,1
310031,1,2,2,6,1
310032,6,2,2,3,1
310033,9,2,2,3,1
310034,14,2,2,5,1
310035,17,2,2,2,1
310036,20,2,2,5,1
310037,22,2,2,2,1
310038,25,2,2,5,1
310039,27,2,2,5,1
310040,38,2,2,2,1
310041,1,2,3,6,1
310042,2,2,2,5,1
310043,4,2,2,2,1
310044,7,2,2,6,1
310045,8,2,2,3,1
310046,10,2,2,3,1
310047,11,2,2,6,1
310048,14,2,2,5,1
310049,16,2,3,3,1
310050,17,2,2,2,1
310051,4,2,2,5,1
310052,5,2,2,5,1
310055,10,2,2,6,1
310057,16,2,2,6,1
310059,19,2,2,5,1
310060,22,2,2,2,1
310061,1,2,2,5,1
310062,3,2,2,6,1
310063,5,2,2,3,1
310064,7,2,2,2,1
310065,9,2,2,5,1
310066,11,2,2,2,1
310067,13,2,2,6,1
310068,15,2,2,3,1
310069,17,2,2,6,1
310070,19,2,2,5,1
310071,1,2,2,2,1
310072,2,2,2,6,1
310073,4,2,2,6,1
310074,5,2,2,5,1
310075,7,3,3,2,1
310076,8,2,2,3,1
310077,9,2,2,3,1
310078,11,2,2,5,1
310079,12,3,3,2,1
310080,14,2,2,3,1
310081,1,2,2,5,1
310082,2,2,2,2,1
310083,4,2,2,5,1
310084,5,2,2,6,1
310085,7,1,2,2,1
310086,8,2,2,3,1
310087,9,2,2,3,1
310088,11,2,2,5,1
310089,12,2,2,6,1
310090,14,2,2,2,1
310091,2,2,2,5,1
310092,5,2,2,6,1
310093,8,2,2,6,1
310094,14,2,2,6,1
310095,17,2,2,2,1
310096,20,2,2,5,1
310097,23,2,2,3,1
310098,27,2,2,2,1
310099,30,2,2,3,1
310100,39,2,2,3,1
310101,4,2,2,2,1
310102,9,2,2,2,1
310103,13,2,2,5,1
310104,23,2,2,3,1
310105,27,2,2,5,1
310106,32,2,2,2,1
310107,37,2,2,6,1
310108,41,2,2,6,1
310109,46,2,2,3,1
310110,69,2,2,6,1
320031,1,2,2,3,1
320032,3,2,2,3,1
320033,2,2,2,5,1
320034,12,2,2,5,1
320035,9,2,2,9,1
320036,10,2,2,9,1
320037,12,2,2,9,1
320038,13,2,2,4,1
320039,15,2,2,4,1
320040,18,2,2,4,1
320043,6,2,2,5,1
320047,7,2,2,4,1
320048,9,2,2,9,1
320049,10,2,2,9,1
320051,23,2,2,4,1
320052,7,2,2,9,1
320053,11,2,2,9,1
320104,6,2,2,10,2
320105,1,2,2,10,2
320117,10,2,2,6,2
320118,8,2,2,6,2
320119,9,2,2,6,2
320122,4,2,2,7,2
320124,15,2,2,10,2
320126,3,2,2,10,2
320127,1,2,2,6,2
320128,11,2,2,6,2
320129,9,2,2,6,2
320131,5,2,2,8,2
320133,17,2,2,7,2
320135,8,2,2,10,2
320136,2,2,2,10,2
320138,3,2,2,8,2
320139,5,2,2,6,2
320140,12,2,2,6,2
320141,6,2,2,6,2
320143,1,2,2,7,2
320144,14,2,2,10,2
320146,45,2,2,6,2
320147,68,2,2,6,2
320151,1,2,2,3,1
320152,3,2,2,3,1
320153,6,2,2,3,1
320156,11,2,2,5,1
320157,15,2,2,4,1
320158,18,2,2,4,1
320159,20,2,2,9,1
320160,23,2,2,9,1
320163,7,2,2,4,1
320164,8,2,2,9,1
320165,9,2,2,9,1
320166,11,2,2,9,1
320169,14,2,2,5,1
320171,1,2,2,9,1
320172,3,2,2,9,1
320173,7,2,2,4,1
320174,5,2,2,4,1
320175,9,2,2,3,1
320177,13,2,2,3,1
320179,17,2,2,5,1
320181,18,2,2,5,1
320182,29,2,2,5,1
320183,2,2,2,3,1
320184,5,2,2,3,1
320185,37,2,2,4,1
320186,21,2,2,4,1
320187,6,2,2,10,2
320191,34,2,2,9,1
320193,9,2,2,3,1
320195,18,2,2,5,1
320208,35,2,2,4,1
320210,26,2,2,9,1
330002,5,2,2,3,1
330005,13,2,2,4,1
330006,15,2,2,4,1
330007,34,2,2,3,1
330008,37,2,2,4,1
330009,23,2,2,4,1
330010,39,2,2,3,1
330011,19,2,2,3,1
330012,21,2,2,3,1
330013,24,2,2,3,1
330014,6,2,2,3,1
330015,8,2,2,4,1
330016,10,2,2,3,1
330017,12,2,2,4,1
330018,14,2,2,4,1
330019,15,2,2,4,1
330020,17,2,2,4,1
330021,1,2,2,4,1
330022,2,2,2,3,1
330023,3,2,2,3,1
330024,4,2,2,3,1
330025,5,2,2,4,1
330026,6,2,2,3,1
330027,7,2,2,4,1
330028,8,2,2,4,1
330029,10,2,2,4,1
330030,12,2,2,3,1
330031,2,2,2,3,1
330032,4,2,2,4,1
330033,7,2,2,4,1
330034,9,2,2,3,1
330035,11,2,2,3,1
330036,14,2,2,3,1
330037,16,2,2,4,1
330038,18,2,2,4,1
330039,21,2,2,3,1
330040,25,2,2,4,1
330041,1,2,2,3,1
330042,2,2,2,3,1
330043,4,2,2,3,1
330044,5,2,2,3,1
330045,6,2,2,3,1
330046,8,2,2,4,1
330047,14,2,2,4,1
330048,10,2,2,4,1
330049,12,2,2,4,1
330050,13,2,2,4,1
330051,1,2,2,3,1
330052,3,2,2,3,1
330053,4,2,2,4,1
330055,7,2,2,3,1
330056,9,2,2,4,1
330057,10,2,2,4,1
330058,16,2,2,4,1
330059,13,2,2,4,1
330060,15,2,2,3,1
330061,1,2,2,4,1
330062,4,1,2,4,1
330063,8,2,2,4,1
330064,11,2,2,3,1
330065,14,2,2,4,1
330066,18,2,2,3,1
330067,21,2,2,3,1
330068,24,2,2,4,1
330069,38,2,2,3,1
330070,31,2,2,3,1
330071,1,2,2,4,1
330072,3,2,2,4,1
330073,6,2,2,4,1
330074,24,2,2,3,1
330075,10,2,2,4,1
330076,12,2,2,3,1
330077,15,1,2,4,1
330078,26,2,2,3,1
330079,19,2,2,3,1
330080,21,1,2,3,1
340001,1,2,2,2,1
340002,2,2,2,4,1
340003,8,2,2,3,1
340004,11,2,2,4,1
340005,38,2,2,3,1
340006,18,2,2,2,1
340007,42,2,2,3,1
340008,25,2,2,4,1
340009,45,2,2,2,1
340010,37,2,2,2,1
340011,2,2,2,3,1
340012,4,2,2,4,1
340013,2,2,2,4,1
340014,9,2,2,4,1
340016,14,2,2,3,1
340017,16,2,2,2,1
340018,19,2,2,3,1
340019,21,2,2,4,1
340020,28,2,2,2,1
340021,40,2,2,3,1
340022,7,2,2,2,1
340023,43,2,2,2,1
340024,14,2,2,2,1
340025,18,2,2,4,1
340026,21,2,2,3,1
340027,25,2,2,3,1
340028,47,2,2,3,1
340029,32,2,2,4,1
340030,51,2,2,4,1
340031,1,2,2,2,1
340032,4,2,2,2,1
340033,7,2,2,4,1
340034,10,2,2,3,1
340035,13,2,2,3,1
340036,16,2,2,4,1
340037,30,2,2,2,1
340038,22,2,2,3,1
340039,24,2,2,4,1
340040,27,2,2,2,1
340041,1,2,2,2,1
340043,12,2,2,2,1
340044,18,2,2,4,1
340045,24,2,2,3,1
340046,30,2,2,2,1
340047,35,2,2,3,1
340048,41,2,2,3,1
340049,47,2,2,4,1
340050,70,2,2,4,1
340051,1,2,2,4,1
340052,5,2,2,3,1
340053,8,2,2,3,1
340054,12,2,2,3,1
340055,15,2,2,2,1
340056,19,2,2,2,1
340057,48,2,2,4,1
340058,26,2,2,4,1
340059,30,2,2,4,1
340060,33,2,2,2,1
340061,1,2,2,4,1
340062,2,2,2,3,1
340063,4,2,2,3,1
340064,5,2,2,4,1
340065,7,2,2,3,1
340066,18,2,2,2,1
340067,9,2,2,4,1
340068,11,2,2,2,1
340069,12,2,2,2,1
340070,19,2,2,2,1
340071,2,2,2,4,1
340072,5,2,2,2,1
340073,8,2,2,2,1
340074,11,2,2,4,1
340075,15,2,2,3,1
340076,18,2,2,3,1
340077,21,2,2,4,1
340078,24,2,2,2,1
340079,36,2,2,3,1
340080,30,2,2,3,1
340081,1,2,2,3,1
340082,3,2,2,2,1
340084,6,2,2,4,1
340085,7,2,2,4,1
340086,22,2,2,3,1
340087,10,2,2,4,1
340088,12,2,2,2,1
340089,13,2,2,2,1
350002,4,2,2,3,1
350003,1,2,2,4,1
350004,6,3,3,5,1
350006,23,2,2,3,1
350009,37,2,2,5,1
350010,39,2,2,3,1
350011,5,2,2,5,1
350012,3,2,2,3,1
350013,30,2,2,4,1
350014,16,2,2,2,1
350015,13,2,2,2,1
350016,23,2,2,4,1
350017,10,2,2,3,1
350018,18,2,2,5,1
350019,7,2,2,4,1
350020,27,2,2,2,1
350021,4,2,2,5,1
350022,2,2,2,3,1
350023,3,2,2,4,1
350024,1,2,2,2,1
350025,12,2,2,5,1
350026,6,2,2,3,1
350027,8,2,2,4,1
350028,10,2,2,2,1
350029,13,2,2,3,1
350030,7,2,2,5,1
350031,13,2,2,4,1
350032,7,2,2,2,1
350033,3,2,2,5,1
350034,5,2,2,3,1
350035,18,2,2,4,1
350036,11,2,2,2,1
350037,1,2,2,5,1
350038,9,2,2,3,1
350039,15,2,2,2,1
350040,16,2,2,4,1
350041,7,2,2,3,1
350042,9,2,2,5,1
350043,1,2,2,2,1
350044,15,2,2,4,1
350045,17,2,2,5,1
350046,15,2,2,3,1
350047,8,2,2,4,1
350048,5,2,2,2,1
350049,11,2,2,5,1
350050,13,2,2,3,1
350051,5,2,2,4,1
350052,4,2,2,2,1
350053,14,2,2,5,1
350054,3,2,2,3,1
350056,7,2,2,2,1
350057,6,2,2,3,1
350059,10,2,2,2,1
350060,2,2,2,4,1
350061,5,2,2,2,1
350062,14,2,2,4,1
350063,11,2,2,5,1
350064,2,2,2,3,1
350065,8,2,2,2,1
350066,10,2,2,4,1
350067,26,2,2,5,1
350068,20,2,2,3,1
350069,17,2,2,5,1
350070,23,2,2,3,1
350077,15,2,2,5,1
350081,3,2,2,3,1
350082,18,2,2,5,1
350083,7,2,2,2,1
350084,10,2,2,4,1
350085,16,2,2,3,1
350087,8,2,2,2,1
350088,12,2,2,4,1
350089,1,2,2,3,1
350092,11,2,2,5,1
350093,39,2,2,3,1
350094,23,2,2,2,1
350095,27,2,2,4,1
350096,7,2,2,5,1
350097,31,2,2,2,1
350101,46,2,2,2,1
350102,,2,2,3,1
350103,15,2,2,5,1
350104,36,2,2,2,1
350105,1,2,2,4,1
350106,8,2,2,5,1
350107,43,2,2,,
350108,22,2,2,5,1
350109,18,2,2,4,1
350110,29,2,2,3,1
350111,15,2,2,4,1
350112,18,2,2,3,1
350113,6,2,2,5,1
350114,23,2,2,4,1
350115,11,2,2,2,1
350116,8,2,2,3,1
350117,25,2,2,2,1
350118,23,2,2,4,1
350119,20,2,2,5,1
350120,3,2,2,2,1
350121,13,2,2,5,1
350123,19,2,2,4,1
350124,37,2,2,5,1
350125,10,2,2,3,1
350126,25,2,2,4,1
350127,7,2,2,3,1
350128,1,2,2,5,1
350129,28,2,2,2,1
350130,43,2,2,3,1
360001,1,2,2,5,1
360003,4,2,2,4,1
360009,12,2,2,5,1
360011,1,2,2,4,1
360012,2,2,2,4,1
360013,5,2,2,6,1
360014,7,2,2,3,1
360015,9,2,2,3,1
360016,11,2,2,3,1
360017,13,1,2,6,1
360018,15,2,2,6,1
360019,21,2,2,5,1
360020,19,2,2,5,1
360021,1,2,2,5,1
360022,2,2,2,3,1
360023,3,2,2,4,1
360025,5,2,2,4,1
360026,6,2,2,6,1
360027,7,2,2,6,1
360028,8,2,2,5,1
360029,11,2,2,3,1
360030,10,2,2,5,1
360031,1,2,2,6,1
360032,2,2,2,3,1
360033,3,2,2,6,1
360034,4,2,2,4,1
360035,5,2,2,6,1
360036,6,2,2,3,1
360037,7,2,2,3,1
360038,8,2,2,5,1
360039,9,2,2,4,1
360040,10,2,2,5,1
360041,2,2,2,6,1
360042,5,2,2,3,1
360043,9,2,2,5,1
360044,12,2,2,3,1
360045,16,2,2,6,1
360046,19,2,2,5,1
360047,22,2,2,4,1
360048,26,2,2,4,1
360049,29,2,2,4,1
360050,33,2,2,5,1
360051,1,2,2,6,1
360052,2,2,2,4,1
360053,4,2,2,6,1
360054,5,2,2,5,1
360055,6,2,2,3,1
360056,7,2,2,3,1
360057,9,2,2,3,1
360058,10,2,2,6,1
360059,11,2,2,4,1
360060,12,2,2,5,1
360061,1,2,2,4,1
360062,2,2,2,5,1
360063,3,2,2,3,1
360064,4,2,2,5,1
360065,5,2,2,6,1
360066,6,2,2,5,1
360067,7,2,2,6,1
360068,8,2,2,3,1
360069,9,2,2,4,1
360070,10,2,2,4,1
360071,1,2,2,3,1
360072,2,2,2,3,1
360073,4,2,2,4,1
360074,5,2,2,6,1
360075,7,2,2,5,1
360076,8,2,2,3,1
360077,9,2,2,4,1
360078,11,2,2,6,1
360079,12,2,2,5,1
360080,14,2,2,6,1
360081,2,2,2,6,1
360082,5,2,2,3,1
360083,8,2,2,4,1
360084,10,2,2,4,1
360085,13,2,2,5,1
360086,16,2,2,6,1
360087,19,2,2,5,1
360088,22,2,2,3,1
360089,24,2,2,4,1
360090,27,2,2,6,1
370011,15,2,2,1,1
370013,3,2,2,2,1
370017,8,2,2,2,1
370019,10,3,3,1,1
370031,2,2,2,2,1
370032,6,2,2,2,1
370033,10,2,2,2,1
370034,14,2,2,2,1
370035,18,2,2,2,1
370036,22,2,2,2,1
370037,26,2,2,2,1
370038,50,2,2,2,1
370039,54,2,2,2,1
370040,38,2,2,2,1
