"zone","state","lga","sector","ea","pid","sc1q2","sc1q3","sc1q5","sc1q6"
4,1,102,1,536,1,1,47,47,26
4,1,102,1,536,2,2,40,20,42
4,1,102,1,536,3,1,70,20,42
4,1,102,1,536,4,1,60,60,16
4,1,102,1,536,5,1,38,38,26
4,1,102,1,1690,1,1,53,53,41
4,1,102,1,1690,2,1,52,52,42
4,1,102,1,1690,3,1,60,60,42
4,1,102,1,1690,4,2,49,49,16
4,1,102,1,1690,5,1,42,42,41
4,1,104,2,1364,1,1,108,55,12
4,1,104,2,1364,2,1,75,40,16
4,1,104,2,1364,3,1,71,25,26
4,1,104,2,1364,4,2,65,65,12
4,1,104,2,1364,5,1,35,10,16
4,1,105,2,638,1,1,81,81,24
4,1,105,2,638,2,1,72,72,42
4,1,105,2,638,3,2,40,30,42
4,1,105,2,638,4,1,75,45,16
4,1,105,2,638,5,1,70,70,16
4,1,106,2,880,1,1,50,50,16
4,1,106,2,880,2,1,50,50,26
4,1,106,2,880,3,2,53,40,16
4,1,106,2,880,4,1,64,64,16
4,1,106,2,880,5,1,47,42,26
4,1,107,2,1044,1,1,65,25,16
4,1,107,2,1044,2,1,72,72,42
4,1,107,2,1044,3,1,30,30,26
4,1,107,2,1044,4,2,30,30,26
4,1,107,2,1044,5,1,36,36,16
4,1,108,2,904,1,1,77,17,26
4,1,108,2,904,2,1,80,20,16
4,1,108,2,904,3,1,35,20,16
4,1,108,2,904,4,2,60,15,0
4,1,108,2,904,5,1,60,15,26
4,1,110,2,76,1,1,95,54,0
4,1,110,2,76,2,1,70,40,13
4,1,110,2,76,3,2,83,83,0
4,1,110,2,76,4,1,50,25,26
4,1,110,2,76,5,1,38,30,31
4,1,111,1,1146,1,1,75,75,16
4,1,111,1,1146,2,2,40,40,26
4,1,111,1,1146,3,1,50,50,16
4,1,111,1,1146,4,1,45,45,16
4,1,111,1,1146,5,1,60,60,16
4,1,115,1,670,1,1,61,8,43
4,1,115,1,670,2,1,52,8,42
4,1,115,1,670,3,2,49,6,43
4,1,115,1,670,4,1,52,6,43
4,1,115,1,670,5,1,52,11,42
4,1,117,2,560,1,1,68,68,16
4,1,117,2,560,2,1,45,45,16
4,1,117,2,560,3,2,42,42,16
4,1,117,2,560,4,1,53,53,16
4,1,117,2,560,5,1,46,46,16
2,2,201,2,60,1,1,66,66,0
2,2,201,2,60,2,1,63,63,13
2,2,201,2,60,3,2,36,36,0
2,2,201,2,60,4,1,55,55,0
2,2,201,2,60,5,1,62,62,34
2,2,201,2,60,6,1,35,35,43
2,2,201,2,60,7,1,65,65,0
2,2,201,2,60,8,1,45,45,34
2,2,201,2,60,9,1,70,70,34
2,2,203,2,1224,1,1,72,30,52
2,2,203,2,1224,2,1,70,30,0
2,2,203,2,1224,3,1,30,30,26
2,2,203,2,1224,4,1,30,30,51
2,2,203,2,1224,5,2,45,30,0
2,2,203,2,1224,6,2,45,30,0
2,2,203,2,1224,7,1,70,40,0
2,2,203,2,1224,8,1,50,30,0
2,2,203,2,1224,9,1,58,30,51
2,2,205,2,712,1,1,41,41,26
2,2,205,2,712,2,1,59,59,16
2,2,205,2,712,3,1,78,40,42
2,2,205,2,712,4,1,62,1,26
2,2,205,2,712,5,1,48,18,26
2,2,205,2,712,6,2,42,25,16
2,2,205,2,712,7,2,46,40,16
2,2,205,2,712,8,2,30,30,16
2,2,205,2,712,9,1,82,30,26
2,2,207,2,1302,1,1,71,71,0
2,2,207,2,1302,2,1,53,36,26
2,2,207,2,1302,3,1,56,56,0
2,2,207,2,1302,4,1,48,29,26
2,2,207,2,1302,5,1,42,31,26
2,2,207,2,1302,6,1,39,21,26
2,2,207,2,1302,7,2,41,19,26
2,2,207,2,1302,8,1,37,37,0
2,2,207,2,1302,9,1,38,38,34
2,2,209,2,1040,1,1,50,50,31
2,2,209,2,1040,2,2,42,42,24
2,2,209,2,1040,3,2,70,15,14
2,2,209,2,1040,4,1,30,30,26
2,2,209,2,1040,5,2,35,35,0
2,2,209,2,1040,6,1,26,26,0
2,2,209,2,1040,7,1,65,40,0
2,2,209,2,1040,8,1,59,59,0
2,2,209,2,1040,9,2,33,33,0
2,2,210,2,1300,1,1,54,53,16
2,2,210,2,1300,2,1,48,4,26
2,2,210,2,1300,3,1,37,37,26
2,2,210,2,1300,4,1,46,46,34
2,2,210,2,1300,5,1,35,35,26
2,2,210,2,1300,6,2,27,27,0
2,2,210,2,1300,7,1,60,60,0
2,2,210,2,1300,8,1,43,43,34
2,2,212,2,956,1,1,66,50,0
2,2,212,2,956,2,1,37,37,0
2,2,212,2,956,3,2,46,40,0
2,2,212,2,956,4,1,75,40,0
2,2,212,2,956,5,1,74,40,0
2,2,212,2,956,6,2,30,30,0
2,2,212,2,956,7,1,42,40,0
2,2,212,2,956,8,1,41,40,0
2,2,212,2,956,9,1,46,50,0
2,2,214,2,898,1,1,56,40,26
2,2,214,2,898,2,1,62,61,42
2,2,214,2,898,3,1,49,52,42
2,2,214,2,898,4,1,47,47,26
2,2,214,2,898,5,1,38,38,42
2,2,214,2,898,6,1,46,46,26
2,2,214,2,898,7,2,43,43,26
2,2,215,1,8,1,1,53,45,16
2,2,215,1,8,2,1,32,32,26
2,2,215,1,8,3,2,38,15,26
2,2,215,1,8,4,1,41,41,42
2,2,215,1,8,5,1,35,35,16
2,2,215,1,8,6,1,42,42,26
2,2,215,1,8,7,1,47,31,51
2,2,215,1,8,8,1,55,26,26
2,2,215,1,8,9,1,41,41,16
2,2,216,2,200,1,1,39,31,26
2,2,216,2,200,2,2,25,21,16
2,2,216,2,200,3,1,31,30,26
2,2,216,2,200,4,1,41,20,26
2,2,216,2,200,5,2,50,36,0
2,2,216,2,200,6,1,43,43,17
2,2,216,2,200,7,1,41,47,11
2,2,216,2,200,8,1,36,38,11
2,2,216,2,200,9,2,50,21,11
2,2,218,2,1592,1,1,67,36,0
2,2,218,2,1592,2,1,58,37,0
2,2,218,2,1592,3,1,42,20,0
2,2,218,2,1592,4,1,38,38,0
2,2,218,2,1592,5,1,60,35,0
2,2,218,2,1592,6,1,37,19,0
2,2,218,2,1592,7,1,46,30,0
2,2,221,2,18,1,1,51,51,0
2,2,221,2,18,2,1,31,11,0
2,2,221,2,18,3,1,45,45,16
2,2,221,2,18,4,1,59,23,0
2,2,221,2,18,5,2,23,23,0
2,2,221,2,18,6,2,20,20,0
2,2,221,2,18,7,1,25,25,26
2,2,221,2,18,8,1,28,28,26
2,2,221,2,18,9,1,45,15,26
5,3,301,1,1198,1,1,77,36,41
5,3,301,1,1198,2,2,61,23,26
5,3,301,1,1198,3,1,65,65,16
5,3,301,1,1198,4,1,60,60,13
5,3,301,1,1198,5,1,48,48,15
5,3,305,2,4,1,1,70,28,42
5,3,305,2,4,2,1,52,30,34
5,3,305,2,4,3,1,40,28,16
5,3,305,2,4,4,1,85,48,43
5,3,305,2,4,5,2,68,36,0
5,3,305,2,1542,1,2,36,34,34
5,3,305,2,1542,2,1,60,60,16
5,3,305,2,1542,3,1,74,36,34
5,3,305,2,1542,4,1,69,69,34
5,3,305,2,1542,5,1,,,
5,3,307,1,634,1,1,60,40,43
5,3,307,1,634,2,1,70,70,16
5,3,307,1,634,3,1,64,64,12
5,3,307,1,634,4,2,36,14,24
5,3,307,1,634,5,2,36,24,27
5,3,309,2,478,1,1,75,28,34
5,3,309,2,478,2,1,60,47,16
5,3,309,2,478,3,2,50,15,0
5,3,309,2,478,4,1,31,31,16
5,3,309,2,478,5,1,30,18,23
5,3,312,2,20,1,1,24,23,26
5,3,312,2,20,2,1,66,31,13
5,3,312,2,20,3,1,40,40,16
5,3,312,2,20,4,2,48,30,16
5,3,312,2,20,5,2,65,60,0
5,3,313,2,70,1,1,64,64,16
5,3,313,2,70,2,1,65,30,32
5,3,313,2,70,3,1,42,32,26
5,3,313,2,70,4,1,52,28,16
5,3,313,2,70,5,2,78,78,0
5,3,316,2,874,1,1,35,25,26
5,3,316,2,874,2,1,35,32,16
5,3,316,2,874,3,2,52,37,13
5,3,316,2,874,4,1,40,40,14
5,3,316,2,874,5,1,36,36,16
5,3,318,2,1136,1,1,62,30,41
5,3,318,2,1136,2,1,70,70,34
5,3,318,2,1136,3,1,71,71,34
5,3,318,2,1136,4,1,65,35,42
5,3,318,2,1136,5,2,56,56,34
5,3,321,2,364,1,1,33,33,26
5,3,321,2,364,2,1,57,41,16
5,3,321,2,364,3,1,52,52,16
5,3,321,2,364,4,2,33,33,26
5,3,321,2,364,5,1,47,47,34
5,3,323,2,580,1,1,76,76,34
5,3,323,2,580,2,1,73,34,34
5,3,323,2,580,3,1,65,65,16
5,3,323,2,580,4,2,62,62,31
5,3,323,2,580,5,1,40,40,26
5,3,326,2,74,1,2,50,25,2
5,3,326,2,74,2,1,63,32,14
5,3,326,2,74,3,1,23,23,26
5,3,326,2,74,4,1,40,40,41
5,3,326,2,74,5,2,46,45,26
5,3,329,2,696,1,1,49,8,42
5,3,329,2,696,2,2,37,10,22
5,3,329,2,696,3,1,41,4,34
5,3,329,2,696,4,2,73,55,16
5,3,329,2,696,5,1,80,80,2
5,3,331,1,516,1,1,69,69,15
5,3,331,1,516,2,1,57,47,16
5,3,331,1,516,3,1,49,49,16
5,3,331,1,516,4,2,58,31,16
5,3,331,1,2322,1,1,71,71,16
5,3,331,1,2322,2,1,60,60,16
5,3,331,1,2322,3,1,60,60,16
5,3,331,1,2322,4,1,76,11,16
5,3,331,1,2322,5,2,60,60,16
4,4,401,1,738,1,1,43,10,41
4,4,401,1,738,2,1,48,20,28
4,4,401,1,738,3,2,62,15,23
4,4,401,1,738,4,2,61,61,16
4,4,401,1,738,5,1,58,57,23
4,4,401,1,738,6,1,60,30,42
4,4,401,1,1460,1,1,41,21,16
4,4,401,1,1460,2,2,32,21,28
4,4,401,1,1460,3,1,45,15,28
4,4,401,1,1460,4,1,61,9,42
4,4,401,1,1460,5,1,52,14,28
4,4,401,2,2106,1,1,63,21,43
4,4,401,2,2106,2,2,47,47,14
4,4,401,2,2106,3,1,72,20,16
4,4,401,2,2106,4,1,19,18,23
4,4,401,2,2106,5,1,52,20,16
4,4,402,2,1080,1,1,59,28,16
4,4,402,2,1080,2,1,62,31,16
4,4,402,2,1080,3,1,72,40,24
4,4,402,2,1080,4,1,42,28,26
4,4,402,2,1080,5,1,57,30,26
4,4,403,2,836,1,1,40,20,16
4,4,403,2,836,2,1,52,40,26
4,4,403,2,836,3,2,42,50,26
4,4,403,2,836,4,2,43,25,43
4,4,405,2,484,1,1,74,10,15
4,4,405,2,484,2,1,74,10,16
4,4,405,2,484,3,1,62,15,16
4,4,405,2,484,4,1,27,3,26
4,4,405,2,722,1,1,91,70,11
4,4,405,2,722,2,1,93,75,11
4,4,405,2,722,3,1,90,71,12
4,4,405,2,722,4,1,71,42,15
4,4,405,2,722,5,2,70,38,0
4,4,405,2,722,6,1,53,17,16
4,4,407,2,796,1,1,50,6,28
4,4,407,2,796,2,1,59,26,34
4,4,407,2,796,3,1,62,16,16
4,4,407,2,796,4,2,54,15,34
4,4,407,2,796,5,2,48,18,34
4,4,407,2,796,6,2,49,19,34
4,4,410,1,3192,1,1,65,20,23
4,4,410,1,3192,2,1,53,12,23
4,4,410,1,3192,3,2,49,12,16
4,4,410,1,3192,4,2,39,10,16
4,4,410,1,3192,5,1,35,6,23
4,4,410,1,3414,1,1,64,10,28
4,4,410,1,3414,2,1,60,9,16
4,4,410,1,3414,3,1,20,6,16
4,4,410,1,3414,4,1,52,20,28
4,4,410,1,3414,5,1,35,10,28
4,4,410,2,4036,1,1,45,40,43
4,4,410,2,4036,2,1,50,40,16
4,4,410,2,4036,3,1,62,45,26
4,4,410,2,4036,4,2,65,25,26
4,4,410,2,4036,5,1,70,20,43
4,4,411,1,1486,1,1,62,50,16
4,4,411,1,1486,2,1,60,30,16
4,4,411,1,1486,3,2,50,45,34
4,4,412,2,1606,1,1,590,45,43
4,4,412,2,1606,2,1,68,50,43
4,4,412,2,1606,3,1,75,70,43
4,4,412,2,1606,4,1,50,40,16
4,4,412,2,1606,5,2,48,20,16
4,4,412,2,2592,1,1,45,40,42
4,4,412,2,2592,2,1,50,30,42
4,4,412,2,2592,3,2,30,25,42
4,4,413,2,1540,1,1,71,10,41
4,4,413,2,1540,2,1,50,25,16
4,4,413,2,1540,3,2,66,30,28
4,4,413,2,1540,4,2,29,29,28
4,4,414,1,2176,1,1,46,40,43
4,4,414,1,2176,2,1,42,42,43
4,4,414,1,2176,3,2,40,40,23
4,4,414,1,2176,4,1,38,38,16
4,4,414,1,2176,5,1,34,34,22
4,4,415,1,2108,1,1,70,40,42
4,4,415,1,2108,2,1,38,30,42
4,4,415,1,2108,3,1,57,45,16
4,4,415,1,2108,4,2,35,25,16
4,4,416,1,616,1,1,66,25,16
4,4,416,1,616,2,1,39,20,23
4,4,416,1,616,3,1,45,20,26
4,4,416,1,616,4,1,60,15,26
4,4,416,1,616,5,2,30,18,23
4,4,417,1,678,1,1,68,20,42
4,4,417,1,678,2,1,70,25,31
4,4,417,1,678,3,2,28,15,34
4,4,417,1,678,4,1,35,12,16
4,4,417,1,678,5,1,150,10,13
4,4,418,1,44,1,1,55,28,42
4,4,418,1,44,2,1,65,20,16
4,4,418,1,44,3,1,27,25,23
4,4,418,1,44,4,1,25,10,16
4,4,418,1,44,5,2,28,10,33
4,4,419,2,296,1,1,86,86,16
4,4,419,2,296,2,2,75,40,14
4,4,419,2,296,3,1,46,13,34
4,4,419,2,296,4,1,45,15,41
4,4,419,2,296,5,1,80,50,16
4,4,419,2,296,6,1,20,14,28
4,4,421,1,800,1,1,41,16,28
4,4,421,1,800,2,2,26,11,23
4,4,421,1,800,3,1,19,9,28
4,4,421,1,800,4,1,22,5,28
4,4,421,1,800,5,1,36,4,16
4,4,421,1,800,6,1,28,6,16
4,4,421,1,800,7,1,40,20,16
2,5,501,2,60,1,1,63,63,51
2,5,501,2,60,2,1,65,65,51
2,5,501,2,60,3,1,35,35,26
2,5,501,2,60,4,1,26,26,51
2,5,501,2,60,5,2,46,16,26
2,5,502,1,2194,1,1,56,56,0
2,5,502,1,2194,2,1,43,43,41
2,5,502,1,2194,3,1,41,6,16
2,5,502,1,2194,4,1,40,8,34
2,5,502,1,2194,5,1,43,25,41
2,5,502,2,3878,1,1,69,69,0
2,5,502,2,3878,2,1,31,31,34
2,5,502,2,3878,3,1,65,65,0
2,5,502,2,3878,4,1,38,22,23
2,5,502,2,3878,5,1,20,20,23
2,5,504,2,708,1,1,85,85,0
2,5,504,2,708,2,1,68,68,0
2,5,504,2,708,3,1,26,26,23
2,5,504,2,708,4,2,58,25,0
2,5,504,2,708,5,1,48,48,16
2,5,506,2,830,1,1,41,41,16
2,5,506,2,830,2,1,45,45,16
2,5,506,2,830,3,1,47,47,26
2,5,506,2,830,4,1,60,41,0
2,5,506,2,830,5,1,26,26,41
2,5,508,2,718,1,1,41,41,26
2,5,508,2,718,2,1,65,21,51
2,5,508,2,718,3,1,35,35,23
2,5,508,2,718,4,1,34,34,23
2,5,508,2,718,5,1,39,39,23
2,5,508,2,984,1,1,80,80,51
2,5,508,2,984,2,1,25,25,51
2,5,508,2,984,3,1,50,48,52
2,5,508,2,984,4,1,51,51,51
2,5,508,2,984,5,1,26,26,16
2,5,510,1,872,1,1,45,15,32
2,5,510,1,872,2,2,32,15,32
2,5,510,1,872,3,1,25,5,51
2,5,510,1,872,4,1,55,5,51
2,5,510,1,872,5,2,45,5,51
2,5,510,2,1516,1,1,55,55,34
2,5,510,2,1516,2,1,50,50,51
2,5,510,2,1516,3,1,25,25,51
2,5,510,2,1516,4,2,25,25,16
2,5,510,2,1516,5,1,27,27,26
2,5,513,2,348,1,1,61,38,31
2,5,513,2,348,2,1,61,26,51
2,5,513,2,348,3,1,57,26,52
2,5,513,2,348,4,1,30,30,26
2,5,513,2,348,5,1,31,31,26
2,5,514,2,710,1,1,57,57,26
2,5,514,2,710,2,1,57,57,51
2,5,514,2,710,3,1,62,50,16
2,5,514,2,710,4,2,60,60,16
2,5,514,2,710,5,1,37,37,16
2,5,514,1,2036,1,1,42,42,34
2,5,514,1,2036,2,2,38,38,26
2,5,514,1,2036,3,1,85,50,52
2,5,514,1,2036,4,1,50,10,16
2,5,514,1,2036,5,2,38,38,26
2,5,515,2,18,1,1,60,36,0
2,5,515,2,18,2,1,38,15,51
2,5,515,2,18,3,2,45,25,0
2,5,515,2,18,4,2,45,36,0
2,5,515,2,18,5,1,40,26,51
2,5,516,2,942,1,1,54,54,51
2,5,516,2,942,2,1,64,64,51
2,5,516,2,942,3,1,60,60,51
2,5,516,2,942,4,1,33,33,51
2,5,516,2,942,5,2,43,43,51
2,5,518,2,1304,1,1,27,8,21
2,5,518,2,1304,2,1,30,30,51
2,5,518,2,1304,3,2,31,31,16
2,5,518,2,1304,4,1,40,33,16
2,5,518,2,1304,5,1,52,52,0
2,5,518,2,1588,1,1,32,32,51
2,5,518,2,1588,2,1,45,26,16
2,5,518,2,1588,3,1,68,68,51
2,5,518,2,1588,4,1,27,27,16
2,5,518,2,1588,5,1,41,41,26
2,5,520,2,1756,1,1,50,50,16
2,5,520,2,1756,2,1,55,55,51
2,5,520,2,1756,3,1,50,50,51
2,5,520,2,1756,4,2,40,25,0
2,5,520,2,1756,5,2,35,20,0
5,6,601,2,640,1,1,62,51,16
5,6,601,2,640,2,1,47,47,34
5,6,601,2,640,3,1,52,52,26
5,6,601,2,640,4,1,47,47,34
5,6,601,2,640,5,1,30,30,34
5,6,602,2,1356,1,1,49,49,26
5,6,602,2,1356,2,1,36,36,31
5,6,602,2,1356,3,1,47,47,26
5,6,602,2,1356,4,1,39,39,26
5,6,602,2,1356,5,2,56,56,16
5,6,602,2,1356,6,1,40,40,26
5,6,602,2,1356,7,1,30,30,16
5,6,605,2,162,1,1,,,42
5,6,605,2,162,2,1,45,45,42
5,6,605,2,162,3,1,36,36,26
5,6,605,2,162,4,1,31,31,26
5,6,605,2,162,5,1,35,35,42
5,6,606,2,1372,1,1,64,64,42
5,6,606,2,1372,2,1,51,51,23
5,6,606,2,1372,3,1,56,56,23
5,6,606,2,1372,4,1,34,34,42
5,6,606,2,1372,5,2,43,43,16
5,6,607,2,1892,1,1,54,54,42
5,6,607,2,1892,2,1,53,53,42
5,6,607,2,1892,3,1,40,40,16
5,6,607,2,1892,4,2,60,60,16
5,6,607,2,1892,5,1,34,34,26
5,6,607,2,1892,6,1,35,35,41
5,6,607,2,1892,7,1,36,36,26
5,6,608,2,748,1,1,54,54,42
5,6,608,2,748,2,1,52,52,41
5,6,608,2,748,3,1,69,69,15
5,6,608,2,748,4,1,42,42,23
5,6,608,2,748,5,1,46,46,23
5,6,608,2,748,6,1,39,39,23
5,6,608,2,748,7,2,36,36,15
1,7,701,2,606,1,1,86,86,0
1,7,701,2,606,2,1,45,45,26
1,7,701,2,606,3,2,29,29,25
1,7,701,2,606,4,1,41,41,26
1,7,701,2,606,5,1,43,43,26
1,7,702,2,632,1,1,99,99,0
1,7,702,2,632,2,1,46,46,34
1,7,702,2,632,3,1,27,27,41
1,7,702,2,632,4,1,37,37,26
1,7,702,2,632,5,1,40,40,34
1,7,705,2,4186,1,1,46,46,26
1,7,705,2,4186,2,2,41,41,0
1,7,705,2,4186,3,1,49,49,26
1,7,705,2,4186,4,1,27,27,16
1,7,705,2,4186,5,1,41,41,23
1,7,707,2,560,1,1,65,65,0
1,7,707,2,560,2,2,30,15,16
1,7,707,2,560,3,1,45,45,34
1,7,707,2,560,4,1,50,50,16
1,7,707,2,560,5,1,62,20,16
1,7,708,2,754,1,1,40,40,0
1,7,708,2,754,2,1,65,65,0
1,7,708,2,754,3,2,34,25,15
1,7,708,2,754,4,1,45,45,16
1,7,708,2,754,5,1,50,30,34
1,7,709,2,1226,1,1,65,65,16
1,7,709,2,1226,2,2,52,34,0
1,7,709,2,1226,3,1,50,10,34
1,7,709,2,1226,4,1,50,50,41
1,7,709,2,1226,5,1,46,2,41
1,7,710,2,2726,1,1,50,50,13
1,7,710,2,2726,2,1,40,10,23
1,7,710,2,2726,3,1,40,40,26
1,7,710,2,2726,4,2,35,11,15
1,7,710,2,2726,5,1,30,4,41
1,7,711,2,2532,1,1,50,50,32
1,7,711,2,2532,2,2,55,40,0
1,7,711,2,2532,3,1,54,54,42
1,7,711,2,2532,4,1,35,35,26
1,7,711,2,2532,5,1,35,35,23
1,7,713,2,304,1,1,60,60,
1,7,713,2,304,2,1,40,40,16
1,7,713,2,304,3,1,30,30,34
1,7,713,2,304,4,2,40,40,0
1,7,713,2,304,5,2,48,48,0
1,7,715,1,294,1,1,58,41,13
1,7,715,1,294,2,1,61,51,16
1,7,715,1,294,3,1,52,50,16
1,7,715,1,294,4,2,55,50,16
1,7,715,1,294,5,1,39,31,26
1,7,715,2,780,1,1,74,71,0
1,7,715,2,780,2,1,45,40,0
1,7,715,2,780,3,1,48,40,16
1,7,715,2,780,4,2,51,51,0
1,7,715,2,780,5,1,39,40,0
1,7,717,2,1248,1,1,91,91,0
1,7,717,2,1248,2,1,50,50,16
1,7,717,2,1248,3,1,28,28,34
1,7,717,2,1248,4,2,60,60,0
1,7,717,2,1248,5,1,46,46,43
1,7,718,2,1640,1,1,43,43,26
1,7,718,2,1640,2,1,33,33,26
1,7,718,2,1640,3,1,35,35,26
1,7,718,2,1640,4,2,32,32,16
1,7,718,2,1640,5,1,49,49,26
1,7,719,1,1612,1,1,35,35,41
1,7,719,1,1612,2,1,36,36,26
1,7,719,1,1612,3,1,59,59,26
1,7,719,1,1612,4,1,33,33,16
1,7,719,1,1612,5,2,27,27,26
1,7,722,2,234,1,1,65,65,13
1,7,722,2,234,2,2,25,9,21
1,7,722,2,234,3,1,49,49,34
1,7,722,2,234,4,1,65,65,14
1,7,722,2,234,5,1,54,54,16
1,7,722,2,892,1,1,65,65,13
1,7,722,2,892,2,2,60,40,0
1,7,722,2,892,3,1,38,3,41
1,7,722,2,892,4,1,30,30,25
1,7,722,2,892,5,1,50,50,13
2,8,802,2,1152,1,1,59,59,0
2,8,802,2,1152,2,2,42,42,0
2,8,802,2,1152,3,1,45,45,51
2,8,802,2,1152,4,1,52,52,23
2,8,802,2,1152,5,1,39,39,23
2,8,802,2,1152,6,1,60,60,28
2,8,803,1,944,1,1,51,51,43
2,8,803,1,944,2,2,48,48,41
2,8,803,1,944,3,1,58,58,51
2,8,803,1,944,4,1,55,55,0
2,8,803,1,944,5,1,59,59,34
2,8,805,2,46,1,1,65,65,41
2,8,805,2,46,2,1,70,70,51
2,8,805,2,46,3,1,50,50,42
2,8,805,2,46,4,1,49,49,16
2,8,805,2,46,5,1,35,35,41
2,8,807,2,946,1,1,75,75,0
2,8,807,2,946,2,2,48,45,0
2,8,807,2,946,3,1,40,40,52
2,8,807,2,946,4,1,42,42,16
2,8,807,2,946,5,1,50,50,0
2,8,807,2,946,6,1,51,51,16
2,8,807,2,1438,1,1,72,72,0
2,8,807,2,1438,2,1,44,44,26
2,8,807,2,1438,3,2,68,68,0
2,8,807,2,1438,4,1,50,50,41
2,8,807,2,1438,5,1,69,42,51
2,8,807,2,2396,1,1,52,51,23
2,8,807,2,2396,2,2,30,11,34
2,8,807,2,2396,3,1,48,48,34
2,8,807,2,2396,4,1,50,50,52
2,8,807,2,2396,5,1,45,40,34
2,8,807,2,2396,6,1,35,35,13
2,8,809,2,1748,1,1,50,50,0
2,8,809,2,1748,2,2,58,38,0
2,8,809,2,1748,3,1,60,60,0
2,8,809,2,1748,4,1,42,42,34
2,8,809,2,1748,5,1,75,75,51
2,8,811,2,390,1,1,44,44,51
2,8,811,2,390,2,2,35,35,26
2,8,811,2,390,3,1,36,36,23
2,8,811,2,390,4,1,42,30,51
2,8,811,2,390,5,1,34,34,51
2,8,811,2,390,6,1,30,30,26
2,8,811,1,1558,1,1,44,44,42
2,8,811,1,1558,2,2,35,35,41
2,8,811,1,1558,3,1,54,54,41
2,8,811,1,1558,4,1,45,30,28
2,8,811,1,1558,5,1,40,40,23
2,8,812,2,866,1,1,60,60,51
2,8,812,2,866,2,2,45,45,14
2,8,812,2,866,3,1,65,65,14
2,8,812,2,866,4,1,48,48,23
2,8,812,2,866,5,1,80,80,14
2,8,812,2,866,6,1,52,52,15
2,8,813,2,2094,1,1,55,55,51
2,8,813,2,2094,2,2,46,25,0
2,8,813,2,2094,3,1,36,36,34
2,8,813,2,2094,4,1,40,40,16
2,8,813,2,2094,5,1,60,60,51
2,8,813,2,2094,6,1,52,52,51
2,8,815,2,362,1,1,42,10,42
2,8,815,2,362,2,1,47,47,42
2,8,815,2,362,3,2,40,40,41
2,8,815,2,362,4,1,72,72,34
2,8,815,2,362,5,1,78,78,52
2,8,816,2,1270,1,1,50,50,51
2,8,816,2,1270,2,2,41,30,51
2,8,816,2,1270,3,1,65,65,51
2,8,816,2,1270,4,1,55,55,51
2,8,816,2,1270,5,1,52,32,51
2,8,816,2,1270,6,1,64,64,51
2,8,816,2,1270,7,1,56,56,51
2,8,816,2,1270,8,1,57,40,51
2,8,817,1,2476,1,1,45,45,26
2,8,817,1,2476,2,1,60,60,0
2,8,817,1,2476,3,2,35,35,0
2,8,817,1,2476,4,1,45,20,34
2,8,817,1,2476,5,1,42,22,51
2,8,820,2,1030,1,1,53,55,51
2,8,820,2,1030,2,2,45,45,51
2,8,820,2,1030,3,1,35,35,31
2,8,820,2,1030,4,1,60,45,16
2,8,820,2,1030,5,1,45,16,23
2,8,820,2,1030,6,1,50,50,0
2,8,820,2,1030,7,1,60,60,0
2,8,821,1,1448,1,1,41,19,51
2,8,821,1,1448,2,2,50,30,0
2,8,821,1,1448,3,1,52,15,42
2,8,821,1,1448,4,1,48,32,51
2,8,821,1,1448,5,1,45,19,51
2,8,821,1,5062,1,1,66,48,51
2,8,821,1,5062,2,2,50,47,51
2,8,821,1,5062,3,1,36,36,42
2,8,821,1,5062,4,1,43,20,51
2,8,821,1,5062,5,1,65,48,51
2,8,823,2,548,1,1,80,80,51
2,8,823,2,548,2,2,60,60,0
2,8,823,2,548,3,1,45,45,51
2,8,823,2,548,4,1,35,35,51
2,8,823,2,548,5,1,40,40,51
2,8,824,2,768,1,1,33,33,41
2,8,824,2,768,2,2,48,20,0
2,8,824,2,768,3,1,70,50,0
2,8,824,2,768,4,1,32,32,34
2,8,824,2,768,5,1,35,15,41
2,8,826,2,926,1,1,50,50,34
2,8,826,2,926,2,2,60,60,0
2,8,826,2,926,3,1,52,52,0
2,8,826,2,926,4,1,33,33,34
2,8,826,2,926,5,1,62,62,51
2,8,827,2,804,1,1,61,61,28
2,8,827,2,804,2,1,80,80,0
2,8,827,2,804,3,2,52,52,0
2,8,827,2,804,4,1,58,58,51
2,8,827,2,804,5,1,50,50,0
5,9,901,2,398,1,1,70,70,16
5,9,901,2,398,2,2,62,62,16
5,9,901,2,398,3,1,57,51,16
5,9,901,2,398,4,1,46,46,28
5,9,901,2,398,5,1,55,55,16
5,9,901,2,398,6,2,52,52,16
5,9,903,2,48,1,1,54,46,16
5,9,903,2,48,2,1,34,34,24
5,9,903,2,48,3,1,65,38,0
5,9,903,2,48,4,1,76,56,0
5,9,903,2,48,5,1,45,45,0
5,9,905,2,978,1,1,50,50,16
5,9,905,2,978,2,1,45,45,16
5,9,905,2,978,3,1,40,40,26
5,9,905,2,978,4,1,52,52,26
5,9,905,2,978,5,2,30,30,26
5,9,905,2,978,6,2,27,27,34
5,9,905,2,978,7,1,59,59,42
5,9,905,2,978,8,1,65,65,0
5,9,905,2,978,9,1,44,44,42
5,9,907,2,1446,1,1,65,65,16
5,9,907,2,1446,2,2,70,70,0
5,9,907,2,1446,3,1,67,67,26
5,9,907,2,1446,4,1,31,31,42
5,9,907,2,1446,5,2,52,52,42
5,9,907,2,1446,6,1,67,67,26
5,9,907,2,1446,7,1,73,73,16
5,9,907,2,1446,8,1,76,76,16
5,9,907,2,1446,9,1,75,75,16
5,9,908,1,278,1,1,37,4,16
5,9,908,1,278,2,1,58,18,0
5,9,908,1,278,3,1,38,6,34
5,9,908,1,278,4,1,57,7,42
5,9,908,1,278,5,2,43,7,34
5,9,908,1,278,6,1,56,10,16
5,9,910,2,200,1,1,63,63,16
5,9,910,2,200,2,1,53,53,42
5,9,910,2,200,3,2,65,65,16
5,9,910,2,200,4,1,60,60,16
5,9,910,2,200,5,2,64,64,16
5,9,910,2,200,6,1,45,45,26
5,9,910,2,200,7,1,97,97,16
5,9,910,2,200,8,2,53,53,16
5,9,910,2,200,9,1,37,37,41
5,9,912,2,102,1,1,72,72,16
5,9,912,2,102,2,1,52,52,34
5,9,912,2,102,3,1,65,65,16
5,9,912,2,102,4,1,43,43,41
5,9,912,2,102,5,2,45,45,16
5,9,912,2,102,6,1,50,50,41
5,9,912,2,102,7,1,56,56,13
5,9,912,2,102,8,2,45,45,13
5,9,912,2,102,9,1,57,57,14
5,9,913,2,2266,1,1,65,65,16
5,9,913,2,2266,2,1,50,50,16
5,9,913,2,2266,3,1,48,48,15
5,9,913,2,2266,4,2,35,35,0
5,9,913,2,2266,5,1,30,30,26
5,9,913,2,2266,6,1,49,49,16
5,9,914,2,1746,1,1,50,50,16
5,9,914,2,1746,2,1,62,62,16
5,9,914,2,1746,3,2,62,62,0
5,9,914,2,1746,4,1,65,65,12
5,9,914,2,1746,5,1,26,26,41
5,9,914,2,1746,6,2,24,24,32
5,9,914,2,1746,7,1,60,60,14
5,9,915,1,1390,1,1,70,70,16
5,9,915,1,1390,2,2,30,30,31
5,9,915,1,1390,3,2,60,60,16
5,9,915,1,1390,4,1,40,40,16
5,9,915,1,1390,5,1,50,50,16
5,9,915,1,1390,6,2,55,55,34
5,9,915,1,1390,7,1,45,45,16
5,9,916,2,1068,1,1,83,83,42
5,9,916,2,1068,2,2,50,50,14
5,9,916,2,1068,3,1,57,57,32
5,9,916,2,1068,4,2,53,53,16
5,9,916,2,1068,5,2,20,20,26
5,9,916,2,1068,6,1,60,60,41
5,9,917,1,1254,1,1,72,72,28
5,9,917,1,1254,2,1,45,45,42
5,9,917,1,1254,3,2,30,30,41
5,9,917,1,1254,4,2,30,30,41
5,9,917,1,1254,5,1,28,28,26
5,9,918,2,834,1,1,56,56,16
5,9,918,2,834,2,1,56,56,26
5,9,918,2,834,3,1,51,51,14
5,9,918,2,834,4,2,40,40,0
5,9,918,2,834,5,2,40,40,0
5,9,918,2,834,6,2,30,30,14
5,9,918,2,834,7,1,45,45,16
5,9,918,2,834,8,1,50,50,16
5,10,1001,2,172,1,1,64,42,41
5,10,1001,2,172,2,1,75,19,41
5,10,1001,2,172,3,2,65,21,28
5,10,1001,2,172,4,2,66,19,16
5,10,1001,2,172,5,1,57,25,34
5,10,1001,2,172,6,1,41,6,41
5,10,1001,2,172,7,1,46,6,41
5,10,1001,2,172,8,2,24,3,28
5,10,1005,1,662,1,1,71,71,26
5,10,1005,1,662,2,2,63,17,16
5,10,1005,1,662,3,1,58,20,26
5,10,1005,1,662,4,1,76,65,13
5,10,1005,2,1374,1,1,65,11,26
5,10,1005,2,1374,2,1,48,17,16
5,10,1005,2,1374,3,1,38,40,42
5,10,1005,2,1374,4,1,37,16,16
5,10,1005,2,1374,5,1,41,28,25
5,10,1005,2,1374,6,2,28,11,26
5,10,1005,2,1374,7,2,26,29,21
5,10,1005,2,1374,8,2,25,15,24
5,10,1005,2,1374,9,2,24,10,24
5,10,1007,1,1166,1,1,65,42,33
5,10,1007,1,1166,2,1,62,60,42
5,10,1007,1,1166,3,1,65,60,34
5,10,1007,1,1166,4,1,70,65,
5,10,1007,1,1166,5,1,55,50,32
5,10,1007,1,1166,6,1,40,35,23
5,10,1007,1,1166,7,2,50,45,16
5,10,1008,2,1314,1,1,77,40,16
5,10,1008,2,1314,2,1,57,57,16
5,10,1008,2,1314,3,1,58,58,16
5,10,1008,2,1314,4,1,60,60,16
5,10,1008,2,1314,5,2,45,45,16
5,10,1008,2,1314,6,1,40,40,16
5,10,1008,2,1314,7,2,60,60,0
5,10,1008,2,1718,1,1,96,96,0
5,10,1008,2,1718,2,1,96,96,0
5,10,1008,2,1718,3,1,72,60,33
5,10,1008,2,1718,4,1,53,45,33
5,10,1008,2,1718,5,1,50,50,16
5,10,1008,2,1718,6,1,50,50,26
5,10,1008,2,1718,7,2,49,49,26
5,10,1008,2,1718,8,1,48,40,34
5,10,1010,2,20,1,1,65,30,16
5,10,1010,2,20,2,1,47,8,16
5,10,1010,2,20,3,1,43,5,12
5,10,1010,2,20,4,1,50,7,32
5,10,1010,2,20,5,1,40,3,42
5,10,1010,2,20,6,2,45,5,16
5,10,1010,2,20,7,1,35,3,16
5,10,1012,2,936,1,1,79,70,16
5,10,1012,2,936,2,1,80,70,16
5,10,1012,2,936,3,1,74,70,16
5,10,1012,2,936,4,1,101,81,0
5,10,1012,2,936,5,1,81,81,0
5,10,1012,2,936,6,1,100,81,0
5,10,1012,2,936,7,2,63,56,16
5,10,1012,2,936,8,2,45,41,16
5,10,1012,2,936,9,1,33,31,41
5,10,1014,2,80,1,1,74,7,16
5,10,1014,2,80,2,1,66,11,41
5,10,1014,2,80,3,1,61,8,28
5,10,1014,2,80,4,1,33,16,42
5,10,1014,2,80,5,1,46,6,28
5,10,1014,2,80,6,2,41,6,28
5,10,1014,2,80,7,2,38,11,28
5,10,1014,2,80,8,1,37,5,42
5,10,1018,1,634,1,1,54,10,41
5,10,1018,1,634,2,1,60,15,42
5,10,1018,1,634,3,1,58,12,34
5,10,1018,1,634,4,1,60,8,43
5,10,1018,2,898,1,1,120,80,11
5,10,1018,2,898,2,1,43,37,34
5,10,1018,2,898,3,1,28,24,26
5,10,1018,2,898,4,2,24,1,16
5,10,1020,1,38,1,1,60,30,42
5,10,1020,1,38,2,1,33,20,16
5,10,1020,1,38,3,1,40,20,16
5,10,1020,1,38,4,1,41,16,26
5,10,1020,1,38,5,1,41,34,16
5,10,1020,1,38,6,1,40,20,34
5,10,1020,1,38,7,1,35,20,16
5,10,1021,2,120,1,1,78,78,0
5,10,1021,2,120,2,1,58,30,31
5,10,1021,2,120,3,1,70,70,0
5,10,1021,2,120,4,1,85,85,0
5,10,1021,2,120,5,1,44,8,41
5,10,1021,2,120,6,1,62,22,41
5,10,1025,2,1774,1,1,25,7,42
5,10,1025,2,1774,2,1,47,11,26
5,10,1025,2,1774,3,1,52,23,16
5,10,1025,2,1774,4,1,50,19,16
5,10,1025,2,1774,5,2,38,19,16
4,11,1101,2,154,1,1,52,24,42
4,11,1101,2,154,2,2,56,14,0
4,11,1101,2,154,3,2,78,18,0
4,11,1101,2,154,4,2,55,24,0
4,11,1101,2,154,5,1,76,43,0
4,11,1101,2,154,6,1,50,27,28
4,11,1101,2,154,7,1,78,30,16
4,11,1101,2,154,8,2,51,21,0
4,11,1101,2,154,9,2,47,19,0
4,11,1102,2,936,1,1,65,21,13
4,11,1102,2,936,2,1,65,18,16
4,11,1102,2,936,3,2,50,25,11
4,11,1102,2,936,4,1,60,16,14
4,11,1102,2,936,5,1,40,12,16
4,11,1102,2,936,6,1,66,10,0
4,11,1102,2,936,7,1,83,14,0
4,11,1102,2,936,8,1,42,8,41
4,11,1102,2,936,9,1,50,6,16
4,11,1104,2,434,1,1,37,30,0
4,11,1104,2,434,2,1,46,30,16
4,11,1104,2,434,3,1,41,26,0
4,11,1104,2,434,4,1,47,37,0
4,11,1104,2,434,5,1,60,40,0
4,11,1104,2,434,6,2,70,34,0
4,11,1104,2,434,7,1,46,24,0
4,11,1104,2,434,8,1,40,27,16
4,11,1104,2,434,9,1,75,40,0
4,11,1104,1,2028,1,1,49,24,16
4,11,1104,1,2028,2,1,27,9,42
4,11,1104,1,2028,3,1,30,10,42
4,11,1104,1,2028,4,1,46,11,43
4,11,1104,1,2028,5,1,57,11,43
4,11,1104,1,2028,6,1,54,10,42
4,11,1105,2,100,1,1,69,30,42
4,11,1105,2,100,2,1,67,25,16
4,11,1105,2,100,3,1,48,24,42
4,11,1105,2,100,4,1,45,14,0
4,11,1105,2,100,5,2,42,25,26
4,11,1105,2,100,6,1,54,10,16
4,11,1105,2,100,7,1,57,12,28
4,11,1105,2,100,8,1,57,16,21
4,11,1105,2,100,9,1,53,12,16
4,11,1106,2,446,1,1,67,14,42
4,11,1106,2,446,2,1,59,20,42
4,11,1106,2,446,3,1,42,4,16
4,11,1106,2,446,4,1,68,17,16
4,11,1106,2,446,5,1,55,24,0
4,11,1106,2,446,6,2,58,20,0
4,11,1106,2,446,7,1,85,30,0
4,11,1106,2,446,8,1,38,20,0
4,11,1107,2,1034,1,1,42,21,26
4,11,1107,2,1034,2,1,47,27,15
4,11,1107,2,1034,3,1,46,20,25
4,11,1107,2,1034,4,1,52,24,16
4,11,1107,2,1034,5,1,60,26,16
4,11,1107,2,1034,6,1,49,32,26
4,11,1107,2,1034,7,1,70,40,0
4,11,1107,2,1034,8,1,68,30,22
4,11,1107,2,1034,9,1,46,34,0
4,11,1108,2,492,1,1,61,40,28
4,11,1108,2,492,2,1,52,30,31
4,11,1108,2,492,3,1,34,34,42
4,11,1108,2,492,4,2,22,5,14
4,11,1108,2,492,5,1,50,20,16
4,11,1108,2,492,6,2,42,16,0
4,11,1108,2,492,7,2,50,14,0
4,11,1108,2,492,8,1,30,11,16
4,11,1108,2,492,9,1,35,22,26
4,11,1109,2,672,1,2,54,27,0
4,11,1109,2,672,2,1,76,19,16
4,11,1109,2,672,3,1,30,10,42
4,11,1109,2,672,4,1,45,16,26
4,11,1109,2,672,5,1,54,21,26
4,11,1109,2,672,6,1,60,17,13
4,11,1109,2,672,7,1,62,30,0
4,11,1109,2,672,8,1,58,19,0
4,11,1109,2,672,9,2,24,12,0
4,11,1110,2,714,1,1,61,50,16
4,11,1110,2,714,2,2,35,29,0
4,11,1110,2,714,3,1,42,47,16
4,11,1110,2,714,4,1,41,40,16
4,11,1110,2,714,5,1,40,31,16
4,11,1110,2,714,6,1,36,28,16
4,11,1110,2,714,7,1,49,35,28
4,11,1110,2,2752,1,1,47,20,26
4,11,1110,2,2752,2,1,56,29,16
4,11,1110,2,2752,3,1,70,70,16
4,11,1110,2,2752,4,1,45,40,13
4,11,1110,2,2752,5,1,60,48,0
4,11,1110,2,2752,6,1,64,60,0
4,11,1110,2,2752,7,1,46,40,0
4,11,1110,2,2752,8,2,43,35,0
4,11,1112,2,78,1,1,38,40,26
4,11,1112,2,78,2,1,40,47,34
4,11,1112,2,78,3,1,46,25,16
4,11,1112,2,78,4,1,74,24,0
4,11,1112,2,78,5,1,66,36,0
4,11,1112,2,78,6,1,67,28,23
4,11,1112,2,78,7,1,50,39,16
4,11,1112,2,78,8,1,59,17,15
4,11,1112,2,78,9,1,48,21,16
4,11,1112,2,1952,1,1,53,5,43
4,11,1112,2,1952,2,1,50,17,41
4,11,1112,2,1952,3,1,25,25,16
4,11,1112,2,1952,4,1,35,10,22
4,11,1112,2,1952,5,2,56,9,0
4,11,1112,2,1952,6,2,37,3,14
4,11,1112,2,1952,7,1,32,7,26
4,11,1112,2,1952,8,1,42,14,16
4,11,1112,2,1952,9,1,24,24,16
4,11,1113,2,954,1,1,56,15,0
4,11,1113,2,954,2,2,54,30,16
4,11,1113,2,954,3,1,55,16,13
4,11,1113,2,954,4,2,47,11,41
4,11,1113,2,954,5,1,62,19,16
4,11,1113,2,954,6,2,50,25,0
4,11,1113,2,954,7,1,31,10,0
4,11,1113,2,954,8,1,59,20,41
4,11,1113,2,954,9,1,50,26,16
5,12,1202,1,2146,1,1,74,23,0
5,12,1202,1,2146,2,1,69,19,26
5,12,1202,1,2146,3,1,51,17,16
5,12,1202,1,2146,4,1,57,14,27
5,12,1202,1,2146,5,2,75,20,0
5,12,1202,1,2710,1,1,72,45,2
5,12,1202,1,2710,2,1,66,36,41
5,12,1202,1,2710,3,1,70,30,0
5,12,1202,1,2710,4,1,55,33,34
5,12,1202,1,2710,5,2,46,26,34
5,12,1204,2,736,1,1,87,86,15
5,12,1204,2,736,2,1,71,71,0
5,12,1204,2,736,3,1,75,75,16
5,12,1204,2,736,4,1,68,68,16
5,12,1204,2,736,5,1,75,75,0
5,12,1204,2,736,6,2,60,60,0
5,12,1204,2,736,7,1,78,78,0
5,12,1204,2,736,8,1,51,57,52
5,12,1208,2,526,1,1,64,64,11
5,12,1208,2,526,2,1,70,70,0
5,12,1208,2,526,3,1,53,53,42
5,12,1208,2,526,4,1,71,71,0
5,12,1208,2,526,5,1,80,80,0
5,12,1208,2,526,6,2,66,66,0
5,12,1208,2,526,7,1,73,11,0
5,12,1210,2,462,1,1,76,28,33
5,12,1210,2,462,2,1,61,61,34
5,12,1210,2,462,3,1,43,42,23
5,12,1210,2,462,4,1,40,30,42
5,12,1210,2,462,5,2,31,30,26
5,12,1210,2,462,6,2,36,,
5,12,1211,1,2220,1,1,80,39,16
5,12,1211,1,2220,2,1,90,37,0
5,12,1211,1,2220,3,1,90,38,0
5,12,1211,1,2220,4,1,72,33,31
5,12,1211,1,2220,5,1,70,28,0
5,12,1211,1,2220,6,1,67,33,26
5,12,1211,1,2220,7,1,69,28,42
5,12,1211,1,2220,8,2,80,27,0
5,12,1211,1,2856,1,1,66,65,27
5,12,1211,1,2856,2,1,52,51,27
5,12,1211,1,2856,3,1,61,60,16
5,12,1211,1,2856,4,2,62,61,16
5,12,1211,1,2856,5,1,49,10,26
5,12,1212,1,1392,1,1,72,19,16
5,12,1212,1,1392,2,1,65,20,0
5,12,1212,1,1392,3,1,42,15,32
5,12,1212,1,1392,4,2,27,4,34
5,12,1212,1,1392,5,1,48,16,31
5,12,1212,1,1392,6,2,50,21,16
5,12,1214,2,452,1,1,79,47,0
5,12,1214,2,452,2,1,40,40,23
5,12,1214,2,452,3,1,45,30,0
5,12,1214,2,452,4,2,48,4,16
5,12,1214,2,452,5,1,44,5,41
5,12,1216,2,618,1,1,46,25,0
5,12,1216,2,618,2,1,41,15,23
5,12,1216,2,618,3,2,41,25,0
5,12,1216,2,618,4,1,33,6,0
5,12,1216,2,618,5,1,36,4,26
6,13,1301,1,1206,1,1,79,50,11
6,13,1301,1,1206,2,1,39,15,42
6,13,1301,1,1206,3,1,63,40,33
6,13,1301,1,1206,4,2,56,20,16
6,13,1301,1,1206,5,1,29,15,26
6,13,1303,1,626,1,1,82,82,16
6,13,1303,1,626,2,1,76,76,31
6,13,1303,1,626,3,2,68,68,0
6,13,1303,1,626,4,1,87,87,12
6,13,1303,1,626,5,2,57,50,34
6,13,1303,1,626,6,1,66,66,23
6,13,1305,2,10,1,2,60,60,0
6,13,1305,2,10,2,1,83,83,0
6,13,1305,2,10,3,2,63,63,13
6,13,1305,2,10,4,1,78,78,0
6,13,1305,2,10,5,1,80,80,0
6,13,1305,2,10,6,1,31,20,42
6,13,1305,1,1232,1,1,97,97,0
6,13,1305,1,1232,2,1,75,75,11
6,13,1305,1,1232,3,1,65,65,16
6,13,1305,1,1232,4,2,80,80,0
6,13,1305,1,1232,5,1,40,40,31
6,13,1305,1,1232,6,2,52,52,16
6,13,1307,1,268,1,1,60,59,43
6,13,1307,1,268,2,1,68,15,43
6,13,1307,1,268,3,2,70,70,16
6,13,1307,1,268,4,1,61,40,16
6,13,1307,1,268,5,1,100,80,16
6,13,1307,1,268,6,1,80,80,26
6,13,1309,2,674,1,1,42,42,14
6,13,1309,2,674,2,1,43,19,16
6,13,1309,2,674,3,1,49,22,26
6,13,1309,2,674,4,2,51,40,0
6,13,1309,2,674,5,1,30,15,26
6,13,1310,1,1300,1,1,70,70,43
6,13,1310,1,1300,2,1,79,78,0
6,13,1310,1,1300,3,1,78,70,34
6,13,1310,1,1300,4,1,72,70,13
6,13,1310,1,1300,5,2,70,70,12
6,13,1310,1,1300,6,1,64,60,16
6,13,1314,1,6,1,1,72,72,0
6,13,1314,1,6,2,1,60,60,0
6,13,1314,1,6,3,1,48,48,16
6,13,1314,1,6,4,1,60,39,33
6,13,1314,1,6,5,2,61,60,16
6,13,1314,1,6,6,1,38,38,16
6,13,1314,1,6,7,1,43,43,16
4,14,1401,2,1116,1,1,52,52,16
4,14,1401,2,1116,2,2,38,38,14
4,14,1401,2,1116,3,1,44,44,26
4,14,1401,2,1116,4,1,45,46,16
4,14,1401,2,1116,5,1,29,29,16
4,14,1401,2,1116,6,1,28,28,26
4,14,1403,1,34,1,1,76,30,26
4,14,1403,1,34,2,2,50,20,16
4,14,1403,1,34,3,1,33,15,42
4,14,1403,1,34,4,1,54,25,43
4,14,1403,1,34,5,2,38,18,42
4,14,1404,1,96,1,1,38,38,26
4,14,1404,1,96,2,1,42,42,16
4,14,1404,1,96,3,1,50,50,16
4,14,1404,1,96,4,2,25,6,26
4,14,1404,1,96,5,2,36,36,26
4,14,1406,2,694,1,1,50,50,26
4,14,1406,2,694,2,1,70,70,16
4,14,1406,2,694,3,2,58,58,13
4,14,1406,2,694,4,1,55,55,16
4,14,1406,2,694,5,1,35,35,26
4,14,1407,2,68,1,1,63,63,32
4,14,1407,2,68,2,2,41,41,0
4,14,1407,2,68,3,2,43,43,16
4,14,1407,2,68,4,1,30,30,42
4,14,1407,2,68,5,1,35,35,16
4,14,1408,2,968,1,1,67,67,16
4,14,1408,2,968,2,2,46,46,16
4,14,1408,2,968,3,1,36,36,26
4,14,1408,2,968,4,2,25,25,26
4,14,1408,2,968,5,1,28,28,26
4,14,1408,2,1996,1,1,71,71,14
4,14,1408,2,1996,2,2,60,60,12
4,14,1408,2,1996,3,1,69,69,43
4,14,1408,2,1996,4,1,25,25,33
4,14,1408,2,1996,5,2,31,31,34
4,14,1410,2,236,1,1,52,52,16
4,14,1410,2,236,2,2,36,15,34
4,14,1410,2,236,3,2,40,40,16
4,14,1410,2,236,4,1,21,21,26
4,14,1410,2,236,5,1,18,18,24
4,14,1410,2,236,6,1,33,33,26
4,14,1411,2,1066,1,1,63,63,26
4,14,1411,2,1066,2,1,41,41,16
4,14,1411,2,1066,3,1,28,28,16
4,14,1411,2,1066,4,1,26,26,16
4,14,1411,2,1066,5,2,40,40,14
4,14,1411,2,1066,6,2,40,40,14
4,14,1413,2,670,1,1,80,80,0
4,14,1413,2,670,2,1,45,45,16
4,14,1413,2,670,3,2,50,50,0
4,14,1413,2,670,4,1,23,23,26
4,14,1413,2,670,5,2,20,20,26
4,14,1413,1,2578,1,1,68,68,43
4,14,1413,1,2578,2,2,46,46,26
4,14,1413,1,2578,3,1,65,65,41
4,14,1413,1,2578,4,1,44,44,26
4,14,1413,1,2578,5,2,19,19,26
4,14,1415,2,156,1,1,61,61,0
4,14,1415,2,156,2,1,28,28,16
4,14,1415,2,156,3,1,30,30,16
4,14,1415,2,156,4,2,32,32,26
4,14,1415,2,156,5,2,46,46,26
4,14,1415,2,952,1,1,54,54,41
4,14,1415,2,952,2,2,48,48,34
4,14,1415,2,952,3,1,52,52,26
4,14,1415,2,952,4,2,45,45,26
4,14,1415,2,952,5,2,17,17,25
4,14,1416,2,2314,1,1,81,81,16
4,14,1416,2,2314,2,2,59,59,12
4,14,1416,2,2314,3,1,33,33,16
4,14,1416,2,2314,4,2,28,28,42
4,14,1416,2,2314,5,1,65,65,13
2,15,1502,2,590,1,1,86,86,0
2,15,1502,2,590,2,1,45,45,16
2,15,1502,2,590,3,1,46,46,41
2,15,1502,2,590,4,1,36,36,33
2,15,1502,2,590,5,1,34,34,23
2,15,1502,2,590,6,1,70,70,16
2,15,1502,2,590,7,1,37,37,51
2,15,1502,2,590,8,1,49,49,51
2,15,1503,2,634,1,1,59,35,16
2,15,1503,2,634,2,1,83,66,0
2,15,1503,2,634,3,1,73,60,31
2,15,1503,2,634,4,1,39,39,16
2,15,1503,2,634,5,1,28,28,41
2,15,1503,2,634,6,1,47,47,41
2,15,1506,1,148,1,1,72,71,16
2,15,1506,1,148,2,1,53,53,51
2,15,1506,1,148,3,1,58,58,51
2,15,1506,1,148,4,1,62,62,51
2,15,1506,1,148,5,1,76,76,51
2,15,1506,1,148,6,1,66,66,51
2,15,1506,1,148,7,1,63,63,51
2,15,1506,1,398,1,1,75,38,51
2,15,1506,1,398,2,1,49,6,41
2,15,1506,1,398,3,1,25,20,26
2,15,1506,1,398,4,1,25,15,26
2,15,1506,1,398,5,1,20,6,23
2,15,1506,1,398,6,1,55,17,41
2,15,1506,1,398,7,1,56,5,43
2,15,1507,2,458,1,1,44,44,32
2,15,1507,2,458,2,1,60,60,32
2,15,1507,2,458,3,1,83,83,32
2,15,1507,2,458,4,1,85,85,0
2,15,1507,2,458,5,1,70,70,0
2,15,1507,2,458,6,1,32,32,34
2,15,1507,2,458,7,1,61,61,0
2,15,1507,2,458,8,1,41,41,16
2,15,1507,2,458,9,1,31,31,16
2,15,1510,2,616,1,1,49,49,42
2,15,1510,2,616,2,1,38,38,16
2,15,1510,2,616,3,1,40,40,16
2,15,1510,2,616,4,1,47,47,31
2,15,1510,2,616,5,1,35,35,41
2,15,1510,2,616,6,1,51,51,51
2,15,1510,2,616,7,1,35,35,51
2,15,1510,2,616,8,1,50,50,16
2,15,1510,2,616,9,1,48,48,51
2,15,1511,2,1938,1,1,68,68,21
2,15,1511,2,1938,2,1,62,62,51
2,15,1511,2,1938,3,1,44,44,51
2,15,1511,2,1938,4,1,40,40,26
2,15,1511,2,1938,5,1,30,30,41
2,15,1511,2,1938,6,1,49,49,51
2,15,1511,2,1938,7,1,43,43,26
2,15,1511,2,1938,8,1,20,20,25
4,16,1601,2,954,1,1,69,31,15
4,16,1601,2,954,2,1,61,61,16
4,16,1601,2,954,3,2,55,27,16
4,16,1601,2,954,4,2,52,20,26
4,16,1601,2,954,5,1,55,26,41
4,16,1602,2,1576,1,1,81,55,15
4,16,1602,2,1576,2,1,70,30,26
4,16,1602,2,1576,3,1,75,40,12
4,16,1602,2,1576,4,2,72,35,0
4,16,1602,2,1576,5,2,69,25,15
4,16,1603,2,158,1,1,50,30,26
4,16,1603,2,158,2,1,34,34,42
4,16,1603,2,158,3,1,57,57,42
4,16,1603,2,158,4,1,67,39,26
4,16,1603,2,158,5,2,35,15,41
4,16,1603,2,158,6,2,39,12,34
4,16,1605,2,180,1,1,66,66,26
4,16,1605,2,180,2,2,38,38,26
4,16,1605,2,180,3,1,41,17,23
4,16,1605,2,180,4,1,60,40,16
4,16,1605,2,180,5,1,56,56,34
4,16,1605,2,180,6,2,45,28,32
4,16,1606,2,590,1,1,69,64,41
4,16,1606,2,590,2,1,87,40,28
4,16,1606,2,590,3,1,60,50,42
4,16,1606,2,590,4,2,52,30,41
4,16,1606,2,590,5,2,55,40,16
4,16,1606,2,590,6,1,66,47,13
4,16,1606,2,590,7,1,69,35,16
4,16,1608,2,1104,1,1,62,45,16
4,16,1608,2,1104,2,1,75,35,13
4,16,1608,2,1104,3,1,65,50,42
4,16,1608,2,1104,4,2,46,30,42
4,16,1608,2,1104,5,2,41,15,27
4,16,1609,2,738,1,1,60,55,41
4,16,1609,2,738,2,1,54,20,16
4,16,1609,2,738,3,1,62,57,16
4,16,1609,2,738,4,2,48,25,16
4,16,1609,2,738,5,2,45,21,41
4,16,1610,2,1006,1,1,57,15,16
4,16,1610,2,1006,2,1,47,10,16
4,16,1610,2,1006,3,1,85,50,0
4,16,1610,2,1006,4,2,50,30,16
4,16,1610,2,1006,5,2,45,10,26
4,16,1612,2,108,1,1,72,40,16
4,16,1612,2,108,2,1,69,46,41
4,16,1612,2,108,3,1,63,33,16
4,16,1612,2,108,4,1,73,40,16
4,16,1612,2,108,5,1,58,38,16
4,16,1612,2,108,6,1,48,40,16
4,16,1612,2,108,7,2,73,30,0
4,16,1612,2,108,8,2,46,10,42
4,16,1612,2,108,9,2,58,35,16
4,16,1612,2,414,1,1,55,24,15
4,16,1612,2,414,2,1,75,50,16
4,16,1612,2,414,3,1,35,15,26
4,16,1612,2,414,4,1,54,30,16
4,16,1612,2,414,5,2,38,5,26
4,16,1612,2,414,6,2,50,5,42
4,16,1612,2,414,7,1,84,40,16
4,16,1612,2,414,8,2,64,35,42
4,16,1613,2,440,1,1,49,40,16
4,16,1613,2,440,2,1,34,22,16
4,16,1613,2,440,3,2,62,40,16
4,16,1613,2,440,4,1,50,35,0
4,16,1613,2,440,5,2,38,10,42
4,16,1613,2,440,6,1,52,49,16
4,16,1616,2,296,1,1,66,25,43
4,16,1616,2,296,2,1,71,69,26
4,16,1616,2,296,3,2,64,40,42
4,16,1616,2,296,4,1,81,22,41
4,16,1616,2,296,5,2,58,28,16
4,16,1618,2,1060,1,1,47,43,16
4,16,1618,2,1060,2,1,50,31,16
4,16,1618,2,1060,3,1,67,20,41
4,16,1618,2,1060,4,1,60,57,16
4,16,1618,2,1060,5,1,68,44,26
4,16,1618,2,1060,6,2,48,30,41
4,16,1618,2,1060,7,2,50,31,16
4,16,1618,2,1060,8,2,60,20,16
4,16,1620,2,106,1,1,50,28,42
4,16,1620,2,106,2,1,71,20,26
4,16,1620,2,106,3,1,34,20,16
4,16,1620,2,106,4,1,36,15,26
4,16,1620,2,106,5,2,38,10,42
4,16,1620,2,106,6,1,55,11,16
4,16,1622,2,18,1,1,45,37,42
4,16,1622,2,18,2,1,50,40,34
4,16,1622,2,18,3,1,35,30,42
4,16,1622,2,18,4,1,41,30,16
4,16,1622,2,18,5,2,45,25,34
4,16,1622,2,18,6,2,30,15,26
4,16,1624,1,136,1,1,75,8,16
4,16,1624,1,136,2,1,72,50,15
4,16,1624,1,136,3,1,40,10,26
4,16,1624,1,136,4,2,60,8,0
4,16,1624,1,136,5,2,50,30,0
4,16,1624,1,286,1,1,54,40,
4,16,1624,1,286,2,1,58,41,
4,16,1624,1,286,3,1,60,41,
4,16,1624,1,286,4,2,57,31,
4,16,1624,1,286,5,2,51,38,
4,16,1624,1,286,6,2,50,35,16
4,16,1625,2,1210,1,1,74,60,43
4,16,1625,2,1210,2,1,63,50,43
4,16,1625,2,1210,3,2,51,45,26
4,16,1625,2,1210,4,2,60,30,43
4,16,1625,2,1210,5,1,58,48,43
4,16,1626,2,1546,1,1,77,45,41
4,16,1626,2,1546,2,2,73,43,41
4,16,1626,2,1546,3,1,48,30,43
4,16,1626,2,1546,4,1,50,35,26
4,16,1626,2,1546,5,2,69,42,34
3,17,1702,2,510,1,1,48,48,34
3,17,1702,2,510,2,1,36,30,26
3,17,1702,2,510,3,1,30,28,16
3,17,1702,2,510,4,1,36,32,16
3,17,1704,2,1080,1,1,46,46,26
3,17,1704,2,1080,2,1,32,32,16
3,17,1704,2,1080,3,1,53,53,51
3,17,1704,2,1080,4,1,49,49,51
3,17,1704,1,2074,1,1,30,30,26
3,17,1704,1,2074,2,1,32,32,26
3,17,1704,1,2074,3,1,48,35,41
3,17,1704,1,2074,4,1,48,40,26
3,17,1704,1,2074,5,1,50,50,51
3,17,1704,1,2074,6,1,31,31,16
3,17,1706,2,284,1,1,50,50,51
3,17,1706,2,284,2,1,60,60,51
3,17,1706,2,284,3,1,62,55,51
3,17,1710,2,546,1,1,60,60,51
3,17,1710,2,546,2,1,35,35,51
3,17,1710,2,546,3,1,30,30,34
3,17,1710,2,546,4,1,61,61,51
3,17,1710,2,546,5,1,35,35,51
3,17,1710,2,546,6,2,48,48,51
3,17,1710,2,546,7,1,40,40,14
3,17,1712,2,794,1,1,56,56,28
3,17,1712,2,794,2,1,55,52,28
3,17,1712,2,794,3,1,60,60,51
3,17,1712,2,794,4,1,56,56,52
3,17,1712,2,794,5,1,49,49,51
3,17,1713,1,226,1,1,60,55,51
3,17,1713,1,226,2,1,46,42,34
3,17,1713,1,226,3,1,50,45,51
3,17,1713,1,226,4,1,35,30,51
3,17,1713,1,226,5,1,70,60,51
3,17,1715,2,2244,1,1,43,30,26
3,17,1715,2,2244,2,1,30,23,51
3,17,1715,2,2244,3,1,33,26,16
3,17,1715,2,2244,4,1,52,48,33
3,17,1715,2,2244,5,1,40,38,51
3,17,1715,2,2244,6,1,40,33,16
3,17,1715,2,2244,7,1,49,42,0
3,17,1716,2,1452,1,1,60,60,51
3,17,1716,2,1452,2,1,50,50,31
3,17,1716,2,1452,3,1,55,55,51
3,17,1716,2,1452,4,1,35,35,16
3,17,1716,2,1452,5,1,30,30,16
3,17,1716,2,1452,6,1,28,28,16
3,17,1719,2,1354,1,1,60,60,52
3,17,1719,2,1354,2,1,56,41,51
3,17,1719,2,1354,3,1,70,70,0
3,17,1719,2,1354,4,1,67,67,51
3,17,1719,2,1354,5,1,30,30,0
3,17,1722,2,96,1,1,52,16,51
3,17,1722,2,96,2,1,41,41,31
3,17,1722,2,96,3,1,60,17,51
3,17,1722,2,96,4,1,43,43,51
3,17,1722,2,96,5,1,42,42,51
3,17,1724,2,786,1,1,65,65,51
3,17,1724,2,786,2,1,43,43,51
3,17,1724,2,786,3,1,45,48,51
3,17,1724,2,786,4,1,50,50,51
3,17,1724,2,786,5,1,55,55,51
3,17,1727,2,634,1,1,50,50,51
3,17,1727,2,634,2,1,35,35,34
3,17,1727,2,634,3,1,55,55,51
3,17,1727,2,634,4,1,50,50,51
3,17,1727,2,634,5,1,30,30,51
3,17,1727,2,634,6,2,38,30,51
3,17,1727,2,634,7,1,52,52,51
3,17,1727,2,634,8,1,32,32,51
3,17,1727,2,634,9,1,60,60,52
3,18,1803,2,840,1,1,60,42,51
3,18,1803,2,840,2,1,47,35,51
3,18,1803,2,840,3,1,38,38,0
3,18,1803,2,840,4,1,43,43,51
3,18,1803,2,840,5,1,31,31,51
3,18,1803,2,840,6,1,46,35,51
3,18,1803,2,840,7,1,28,28,26
3,18,1804,1,2690,1,1,75,75,51
3,18,1804,1,2690,2,1,83,83,51
3,18,1804,1,2690,3,1,64,40,51
3,18,1804,1,2690,4,1,32,4,31
3,18,1804,1,2690,5,1,57,21,52
3,18,1804,1,2690,6,1,45,10,41
3,18,1804,1,2690,7,1,50,50,33
3,18,1805,2,534,1,1,64,64,0
3,18,1805,2,534,2,1,22,22,51
3,18,1805,2,534,3,1,31,31,51
3,18,1805,2,534,4,1,53,53,0
3,18,1805,2,534,5,1,35,35,51
3,18,1805,2,534,6,1,37,37,0
3,18,1805,2,534,7,1,43,43,51
3,18,1808,2,1726,1,1,34,34,16
3,18,1808,2,1726,2,1,35,35,26
3,18,1808,2,1726,3,1,45,45,24
3,18,1808,2,1726,4,1,32,32,16
3,18,1808,2,1726,5,1,34,34,16
3,18,1808,2,1726,6,1,32,32,15
3,18,1809,1,1272,1,1,75,75,52
3,18,1809,1,1272,2,1,53,10,0
3,18,1809,1,1272,3,1,60,20,0
3,18,1809,1,1272,4,1,50,10,51
3,18,1809,1,1272,5,1,58,20,51
3,18,1809,1,1272,6,1,52,13,51
3,18,1809,1,1272,7,1,45,45,31
3,18,1809,1,1272,8,1,34,34,34
3,18,1811,2,364,1,1,57,57,14
3,18,1811,2,364,2,1,42,42,0
3,18,1811,2,364,3,1,50,50,0
3,18,1811,2,364,4,1,51,4,31
3,18,1811,2,364,5,1,35,4,31
3,18,1811,2,364,6,1,37,37,0
3,18,1814,2,678,1,1,84,10,0
3,18,1814,2,678,2,1,57,10,51
3,18,1814,2,678,3,1,20,10,0
3,18,1814,2,678,4,1,45,9,0
3,18,1814,2,678,5,1,55,23,0
3,18,1814,2,678,6,1,38,16,0
3,18,1814,2,678,7,1,40,16,0
3,18,1814,2,678,8,1,52,52,51
3,18,1816,1,378,1,1,52,32,51
3,18,1816,1,378,2,1,35,14,0
3,18,1816,1,378,3,1,43,25,16
3,18,1816,1,378,4,1,48,9,0
3,18,1816,1,378,5,1,35,12,51
3,18,1816,1,378,6,1,30,12,31
3,18,1817,2,370,1,1,65,65,0
3,18,1817,2,370,2,1,28,28,16
3,18,1817,2,370,3,1,37,37,0
3,18,1817,2,370,4,1,35,35,0
3,18,1817,2,370,5,1,45,45,34
3,18,1817,2,370,6,1,27,27,31
3,18,1817,2,370,7,1,38,38,0
3,18,1820,2,450,1,1,63,40,41
3,18,1820,2,450,2,1,27,27,41
3,18,1820,2,450,3,1,35,35,16
3,18,1820,2,450,4,1,67,48,0
3,18,1820,2,450,5,1,75,48,0
3,18,1820,2,450,6,1,70,48,0
3,18,1822,2,1654,1,1,45,45,28
3,18,1822,2,1654,2,1,42,42,41
3,18,1822,2,1654,3,1,50,50,25
3,18,1822,2,1654,4,1,34,34,51
3,18,1822,2,1654,5,1,63,63,51
3,18,1822,2,1654,6,1,36,36,51
3,18,1823,1,1822,1,1,43,43,51
3,18,1823,1,1822,2,1,33,33,16
3,18,1823,1,1822,3,1,28,28,31
3,18,1823,1,1822,4,1,53,53,51
3,18,1823,1,1822,5,1,55,55,51
3,18,1823,1,1822,6,1,38,38,26
3,18,1823,1,1822,7,1,50,50,51
3,19,1901,2,640,1,1,45,45,51
3,19,1901,2,640,2,2,26,25,51
3,19,1901,2,640,3,1,60,60,42
3,19,1901,2,640,4,1,40,40,51
3,19,1901,2,640,5,1,41,41,16
3,19,1902,2,52,1,1,51,51,51
3,19,1902,2,52,2,2,40,21,51
3,19,1902,2,52,3,1,75,75,51
3,19,1902,2,52,4,1,35,35,51
3,19,1902,2,52,5,2,30,30,51
3,19,1905,2,1290,1,1,65,65,51
3,19,1905,2,1290,2,1,45,45,16
3,19,1905,2,1290,3,1,21,21,28
3,19,1905,2,1290,4,1,48,48,51
3,19,1905,2,1290,5,2,45,45,51
3,19,1908,2,284,1,1,45,45,0
3,19,1908,2,284,2,1,70,70,51
3,19,1908,2,284,3,2,34,20,51
3,19,1908,2,284,4,1,42,42,0
3,19,1908,2,284,5,1,45,45,0
3,19,1910,2,808,1,1,57,57,41
3,19,1910,2,808,2,1,38,38,24
3,19,1910,2,808,3,2,55,55,52
3,19,1910,2,808,4,1,23,23,23
3,19,1912,1,1510,1,1,25,25,33
3,19,1912,1,1510,2,1,40,40,33
3,19,1912,1,1510,3,2,20,20,16
3,19,1912,1,1510,4,2,38,38,16
3,19,1912,1,1510,5,1,45,45,16
3,19,1914,2,934,1,1,50,50,51
3,19,1914,2,934,2,2,30,30,51
3,19,1914,2,934,3,1,40,40,51
3,19,1914,2,934,4,1,30,30,51
3,19,1914,2,934,5,2,30,30,51
3,19,1916,2,1516,1,1,48,48,51
3,19,1916,2,1516,2,2,38,38,51
3,19,1916,2,1516,3,1,43,43,27
3,19,1916,2,1516,4,1,41,41,41
3,19,1916,2,1516,5,2,53,53,31
3,19,1919,2,366,1,1,60,60,0
3,19,1919,2,366,2,1,40,40,16
3,19,1919,2,366,3,1,65,65,51
3,19,1919,2,366,4,1,60,60,51
3,19,1919,2,366,5,1,40,40,51
3,19,1919,2,366,6,2,50,50,51
3,19,1921,1,842,1,1,59,59,27
3,19,1921,1,842,2,2,36,23,51
3,19,1921,1,842,3,1,80,80,51
3,19,1921,1,842,4,2,41,11,41
3,19,1921,1,842,5,1,35,35,27
3,19,1923,2,284,1,1,65,65,42
3,19,1923,2,284,2,1,45,45,16
3,19,1923,2,284,3,1,45,45,16
3,19,1923,2,284,4,1,65,45,51
3,19,1923,2,284,5,1,35,35,16
3,19,1925,1,2858,1,1,30,30,16
3,19,1925,1,2858,2,1,46,46,16
3,19,1925,1,2858,3,2,21,21,16
3,19,1925,1,2858,4,1,40,40,32
3,19,1925,1,2858,5,1,45,45,51
3,19,1925,2,3394,1,1,47,47,16
3,19,1925,2,3394,2,2,35,35,0
3,19,1925,2,3394,3,1,30,29,23
3,19,1925,2,3394,4,1,80,80,51
3,19,1925,2,3394,5,2,30,6,41
3,19,1928,2,526,1,1,30,30,41
3,19,1928,2,526,2,1,40,40,34
3,19,1928,2,526,3,2,50,50,51
3,19,1928,2,526,4,1,50,50,16
3,19,1928,2,526,5,1,60,60,51
3,19,1932,2,562,1,1,45,45,34
3,19,1932,2,562,2,1,75,75,51
3,19,1932,2,562,3,2,55,55,51
3,19,1932,2,562,4,1,54,54,51
3,19,1932,2,562,5,1,50,50,16
3,19,1934,2,386,1,1,48,48,32
3,19,1934,2,386,2,1,45,45,41
3,19,1934,2,386,3,1,55,55,51
3,19,1934,2,386,4,2,40,40,27
3,19,1934,2,386,5,1,35,35,16
3,19,1936,2,1994,1,1,57,57,51
3,19,1936,2,1994,2,2,34,13,51
3,19,1936,2,1994,3,1,80,40,51
3,19,1936,2,1994,4,1,40,30,23
3,19,1936,2,1994,5,2,35,20,31
3,19,1937,2,432,1,1,32,32,42
3,19,1937,2,432,2,2,25,25,27
3,19,1937,2,432,3,1,37,37,27
3,19,1937,2,432,4,2,25,25,23
3,19,1937,2,432,5,1,30,30,43
3,19,1941,2,518,1,1,41,41,23
3,19,1941,2,518,2,2,30,30,16
3,19,1941,2,518,3,1,55,55,51
3,19,1941,2,518,4,1,38,38,41
3,19,1941,2,518,5,2,21,21,16
3,19,1943,2,668,1,1,50,50,51
3,19,1943,2,668,2,1,70,70,51
3,19,1943,2,668,3,2,48,48,51
3,19,1943,2,668,4,1,30,30,51
3,19,1943,2,668,5,2,25,10,51
3,20,2001,2,1354,1,1,61,61,41
3,20,2001,2,1354,2,1,40,40,41
3,20,2001,2,1354,3,2,46,46,31
3,20,2001,2,1354,4,1,43,43,31
3,20,2001,2,1354,5,1,50,50,15
3,20,2003,2,784,1,1,42,15,31
3,20,2003,2,784,2,1,70,70,51
3,20,2003,2,784,3,1,60,60,13
3,20,2003,2,784,4,1,70,70,51
3,20,2003,2,784,5,1,40,40,51
3,20,2003,2,784,6,1,60,60,0
3,20,2005,2,970,1,1,71,21,0
3,20,2005,2,970,2,1,50,28,21
3,20,2005,2,970,3,1,51,25,51
3,20,2005,2,970,4,1,52,31,16
3,20,2005,2,970,5,1,52,25,16
3,20,2005,2,970,6,1,60,30,0
3,20,2005,2,970,7,2,30,20,51
3,20,2005,2,970,8,2,35,16,51
3,20,2008,2,1474,1,1,58,58,51
3,20,2008,2,1474,2,1,55,55,51
3,20,2008,2,1474,3,1,55,55,51
3,20,2008,2,1474,4,1,60,60,51
3,20,2008,2,1474,5,1,51,51,51
3,20,2009,2,240,1,1,71,71,51
3,20,2009,2,240,2,1,60,60,51
3,20,2009,2,240,3,1,56,56,51
3,20,2009,2,240,4,1,50,50,52
3,20,2009,2,240,5,1,63,63,0
3,20,2012,1,844,1,1,46,11,43
3,20,2012,1,844,2,1,49,20,43
3,20,2012,1,844,3,1,49,15,43
3,20,2012,1,844,4,1,47,5,43
3,20,2012,1,844,5,1,43,15,43
3,20,2013,2,1232,1,1,66,66,0
3,20,2013,2,1232,2,1,61,61,51
3,20,2013,2,1232,3,1,51,51,51
3,20,2013,2,1232,4,1,55,55,51
3,20,2013,2,1232,5,1,49,49,51
3,20,2015,2,1746,1,1,70,70,0
3,20,2015,2,1746,2,1,43,4,31
3,20,2015,2,1746,3,1,45,5,23
3,20,2015,2,1746,4,1,48,48,0
3,20,2015,2,1746,5,1,40,40,0
3,20,2015,2,1746,6,1,50,50,0
3,20,2018,2,1134,1,1,47,47,0
3,20,2018,2,1134,2,1,40,40,16
3,20,2018,2,1134,3,1,70,70,0
3,20,2018,2,1134,4,1,60,60,0
3,20,2018,2,1134,5,1,42,10,28
3,20,2019,2,344,1,1,61,61,16
3,20,2019,2,344,2,1,59,59,51
3,20,2019,2,344,3,1,54,54,16
3,20,2019,2,344,4,1,60,60,16
3,20,2019,2,344,5,1,48,48,22
3,20,2021,1,3300,1,1,63,14,31
3,20,2021,1,3300,2,1,50,19,28
3,20,2021,1,3300,3,1,55,10,43
3,20,2021,1,3300,4,1,44,14,27
3,20,2021,1,3300,5,1,46,9,43
3,20,2021,1,3300,6,1,47,15,43
3,20,2022,2,1130,1,1,50,50,0
3,20,2022,2,1130,2,1,40,7,51
3,20,2022,2,1130,3,1,35,35,51
3,20,2022,2,1130,4,1,50,47,0
3,20,2022,2,1130,5,1,35,35,0
3,20,2022,2,1130,6,1,35,35,0
3,20,2025,2,760,1,1,56,56,51
3,20,2025,2,760,2,1,53,53,31
3,20,2025,2,760,3,1,65,30,41
3,20,2025,2,760,4,2,41,25,41
3,20,2025,2,760,5,1,44,44,31
3,20,2025,2,1304,1,1,60,60,16
3,20,2025,2,1304,2,1,40,40,0
3,20,2025,2,1304,3,1,65,65,52
3,20,2025,2,1304,4,1,85,85,51
3,20,2025,2,1304,5,1,55,55,15
3,20,2028,2,498,1,1,64,64,41
3,20,2028,2,498,2,1,52,52,31
3,20,2028,2,498,3,1,43,43,41
3,20,2028,2,498,4,1,50,50,51
3,20,2028,2,498,5,2,47,47,52
3,20,2030,2,1050,1,1,40,7,11
3,20,2030,2,1050,2,1,70,30,52
3,20,2030,2,1050,3,1,60,30,52
3,20,2030,2,1050,4,1,42,30,51
3,20,2030,2,1050,5,1,50,30,0
3,20,2030,2,1050,6,1,49,30,52
3,20,2032,1,1390,1,1,35,35,0
3,20,2032,1,1390,2,1,45,46,51
3,20,2032,1,1390,3,1,71,71,42
3,20,2032,1,1390,4,2,45,45,0
3,20,2032,1,1390,5,1,46,46,41
3,20,2032,1,1390,6,1,55,55,31
3,20,2032,2,1772,1,1,65,56,0
3,20,2032,2,1772,2,1,67,56,0
3,20,2032,2,1772,3,1,46,46,0
3,20,2032,2,1772,4,1,70,50,51
3,20,2032,2,1772,5,1,28,28,16
3,20,2032,2,1772,6,1,70,56,0
3,20,2032,2,1772,7,1,65,50,51
3,21,2102,2,1124,1,1,60,60,51
3,21,2102,2,1124,2,2,50,50,51
3,21,2102,2,1124,3,2,35,35,51
3,21,2102,2,1124,4,1,50,50,51
3,21,2102,2,1124,5,1,80,80,51
3,21,2102,2,1124,6,1,40,15,41
3,21,2102,2,1124,7,1,70,70,51
3,21,2106,2,236,1,1,67,50,28
3,21,2106,2,236,2,2,46,30,51
3,21,2106,2,236,3,1,44,44,34
3,21,2106,2,236,4,1,49,49,34
3,21,2106,2,236,5,1,45,44,28
3,21,2106,2,2822,1,1,65,33,51
3,21,2106,2,2822,2,1,38,33,51
3,21,2106,2,2822,3,1,36,32,16
3,21,2106,2,2822,4,2,31,10,32
3,21,2106,2,2822,5,1,35,31,34
3,21,2106,2,2822,6,1,34,30,41
3,21,2108,1,520,1,1,62,62,41
3,21,2108,1,520,2,2,40,40,51
3,21,2108,1,520,3,1,35,35,33
3,21,2108,1,520,4,1,46,46,33
3,21,2108,1,520,5,1,66,66,33
3,21,2109,2,38,1,1,80,80,51
3,21,2109,2,38,2,2,55,55,51
3,21,2109,2,38,3,1,40,40,33
3,21,2109,2,38,4,1,35,35,16
3,21,2109,2,38,5,1,67,67,51
3,21,2109,2,38,6,1,60,60,51
3,21,2109,2,38,7,1,30,30,51
3,21,2111,2,180,1,1,65,65,41
3,21,2111,2,180,2,2,50,35,51
3,21,2111,2,180,3,1,45,45,28
3,21,2111,2,180,4,1,40,40,51
3,21,2111,2,180,5,1,47,47,51
3,21,2111,2,180,6,1,50,50,51
3,21,2111,2,180,7,1,45,45,51
3,21,2115,2,926,1,1,60,60,51
3,21,2115,2,926,2,2,40,40,0
3,21,2115,2,926,3,1,27,27,51
3,21,2115,2,926,4,1,65,51,0
3,21,2115,2,926,5,1,60,60,0
3,21,2117,2,554,1,1,30,30,28
3,21,2117,2,554,2,2,22,22,51
3,21,2117,2,554,3,1,45,45,51
3,21,2117,2,554,4,1,42,42,51
3,21,2117,2,554,5,1,28,28,28
3,21,2117,2,554,6,1,42,42,51
3,21,2117,2,554,7,1,43,43,51
3,21,2119,2,2146,1,1,48,48,28
3,21,2119,2,2146,2,2,34,17,16
3,21,2119,2,2146,3,1,52,52,28
3,21,2119,2,2146,4,1,28,18,28
3,21,2119,2,2146,5,1,63,25,51
3,21,2119,2,2146,6,1,39,39,28
3,21,2119,2,3956,1,1,57,19,
3,21,2119,2,3956,2,2,49,19,
3,21,2119,2,3956,3,1,40,17,
3,21,2119,2,3956,4,1,24,17,32
3,21,2119,2,3956,5,1,46,12,
3,21,2119,2,3956,6,1,35,17,
1,22,2201,2,422,1,1,59,20,0
1,22,2201,2,422,2,1,59,34,0
1,22,2201,2,422,3,2,60,18,42
1,22,2201,2,422,4,1,40,24,16
1,22,2201,2,422,5,1,68,20,16
1,22,2203,2,266,1,1,42,12,34
1,22,2203,2,266,2,1,40,40,16
1,22,2203,2,266,3,1,32,10,26
1,22,2203,2,266,4,2,30,7,26
1,22,2203,2,266,5,1,36,7,26
1,22,2203,2,530,1,1,80,80,14
1,22,2203,2,530,2,1,80,80,0
1,22,2203,2,530,3,1,55,55,15
1,22,2203,2,530,4,1,65,5,16
1,22,2203,2,530,5,1,78,9,16
1,22,2205,2,664,1,1,70,70,0
1,22,2205,2,664,2,1,50,31,34
1,22,2205,2,664,3,1,35,28,26
1,22,2205,2,664,4,1,40,40,26
1,22,2205,2,664,5,2,42,20,34
1,22,2205,2,2432,1,1,61,25,0
1,22,2205,2,2432,2,1,55,55,0
1,22,2205,2,2432,3,1,37,35,16
1,22,2205,2,2432,4,1,38,38,0
1,22,2205,2,2432,5,2,37,37,0
1,22,2209,1,792,1,1,70,56,42
1,22,2209,1,792,2,1,64,25,43
1,22,2209,1,792,3,1,53,29,42
1,22,2209,1,792,4,2,52,20,42
1,22,2209,1,792,5,1,64,19,42
1,22,2211,2,594,1,1,71,71,0
1,22,2211,2,594,2,1,25,25,41
1,22,2211,2,594,3,2,45,45,0
1,22,2211,2,594,4,1,28,28,41
1,22,2211,2,594,5,1,30,30,26
1,22,2211,1,806,1,1,80,50,0
1,22,2211,1,806,2,1,75,40,14
1,22,2211,1,806,3,2,82,82,0
1,22,2211,1,806,4,1,65,30,0
1,22,2211,1,806,5,1,56,30,26
1,22,2214,2,1354,1,1,61,50,16
1,22,2214,2,1354,2,1,86,80,0
1,22,2214,2,1354,3,1,60,50,12
1,22,2214,2,1354,4,1,75,63,0
1,22,2214,2,1354,5,2,40,15,15
1,22,2216,1,428,1,1,60,60,0
1,22,2216,1,428,2,1,55,21,41
1,22,2216,1,428,3,1,26,20,41
1,22,2216,1,428,4,1,38,20,34
1,22,2216,1,428,5,2,38,15,16
1,22,2218,2,596,1,1,65,30,14
1,22,2218,2,596,2,1,65,40,16
1,22,2218,2,596,3,1,48,9,26
1,22,2218,2,596,4,2,22,6,23
1,22,2218,2,596,5,1,47,10,42
1,22,2220,1,1296,1,1,56,45,42
1,22,2220,1,1296,2,1,50,40,34
1,22,2220,1,1296,3,1,58,50,34
1,22,2220,1,1296,4,2,45,35,34
1,22,2220,1,1296,5,1,56,56,42
1,23,2302,2,1982,1,1,93,93,0
1,23,2302,2,1982,2,1,91,91,51
1,23,2302,2,1982,3,1,44,44,41
1,23,2302,2,1982,4,1,48,48,43
1,23,2302,2,1982,5,1,87,87,51
1,23,2302,2,1982,6,1,44,44,42
1,23,2302,2,1982,7,1,35,35,34
1,23,2303,2,2348,1,1,63,41,0
1,23,2303,2,2348,2,1,62,2,34
1,23,2303,2,2348,3,1,44,31,0
1,23,2303,2,2348,4,1,48,26,0
1,23,2303,2,2348,5,1,54,36,0
1,23,2304,2,322,1,1,68,68,43
1,23,2304,2,322,2,1,75,75,16
1,23,2304,2,322,3,1,53,53,34
1,23,2304,2,322,4,2,73,73,0
1,23,2304,2,322,5,2,45,45,16
1,23,2304,2,322,6,1,75,75,16
1,23,2304,2,322,7,2,52,52,42
1,23,2306,1,970,1,1,51,29,28
1,23,2306,1,970,2,1,65,25,16
1,23,2306,1,970,3,1,29,25,34
1,23,2306,1,970,4,2,43,20,41
1,23,2306,1,970,5,1,21,21,26
1,23,2306,1,970,6,1,28,28,34
1,23,2307,1,78,1,1,82,82,52
1,23,2307,1,78,2,1,72,72,52
1,23,2307,1,78,3,2,49,17,14
1,23,2307,1,78,4,2,53,22,16
1,23,2307,1,78,5,1,29,23,34
1,23,2307,1,78,6,1,46,30,33
1,23,2307,1,2316,1,1,79,79,16
1,23,2307,1,2316,2,1,54,54,43
1,23,2307,1,2316,3,2,51,51,16
1,23,2307,1,2316,4,1,45,45,34
1,23,2307,1,2316,5,1,35,35,34
1,23,2307,1,2316,6,1,30,30,41
1,23,2308,1,556,1,1,69,69,51
1,23,2308,1,556,2,2,60,60,0
1,23,2308,1,556,3,1,52,52,41
1,23,2308,1,556,4,1,35,35,41
1,23,2308,1,556,5,1,29,29,26
1,23,2308,1,5180,1,1,78,78,0
1,23,2308,1,5180,2,1,71,70,51
1,23,2308,1,5180,3,1,36,36,26
1,23,2308,1,5180,4,2,59,30,0
1,23,2308,1,5180,5,1,28,28,26
1,23,2309,2,998,1,1,67,36,0
1,23,2309,2,998,2,1,41,16,0
1,23,2309,2,998,3,1,29,11,41
1,23,2309,2,998,4,1,43,20,0
1,23,2309,2,998,5,2,64,29,0
1,23,2311,2,516,1,1,56,56,42
1,23,2311,2,516,2,1,52,52,21
1,23,2311,2,516,3,1,55,55,16
1,23,2311,2,516,4,1,49,49,26
1,23,2311,2,516,5,1,58,58,41
1,23,2311,2,516,6,2,53,53,41
1,23,2315,2,924,1,1,90,93,0
1,23,2315,2,924,2,1,70,70,42
1,23,2315,2,924,3,1,85,86,51
1,23,2315,2,924,4,1,65,65,41
1,23,2315,2,924,5,1,42,42,16
1,23,2315,2,924,6,2,49,49,0
1,23,2316,1,140,1,1,69,69,41
1,23,2316,1,140,2,1,78,78,51
1,23,2316,1,140,3,1,41,41,16
1,23,2316,1,140,4,1,70,70,51
1,23,2316,1,140,5,1,71,71,51
1,23,2316,1,140,6,1,68,68,16
1,23,2316,1,140,7,2,73,73,51
6,24,2401,1,766,1,1,60,18,33
6,24,2401,1,766,2,1,43,40,42
6,24,2401,1,766,3,1,61,20,26
6,24,2401,1,766,4,1,62,23,26
6,24,2401,1,766,5,1,58,16,26
6,24,2403,1,674,1,1,90,8,14
6,24,2403,1,674,2,1,60,6,16
6,24,2403,1,674,3,1,35,7,16
6,24,2403,1,674,4,2,55,8,26
6,24,2403,1,674,5,1,67,31,42
6,24,2403,1,674,6,1,63,23,33
6,24,2403,1,1588,1,1,72,73,16
6,24,2403,1,1588,2,1,42,42,42
6,24,2403,1,1588,3,1,68,68,26
6,24,2403,1,1588,4,1,72,72,16
6,24,2403,1,3592,1,1,58,30,26
6,24,2403,1,3592,2,1,60,25,26
6,24,2403,1,3592,3,1,35,10,43
6,24,2403,1,3592,4,1,62,25,42
6,24,2403,1,3592,5,1,69,28,41
6,24,2403,1,7586,1,1,55,55,26
6,24,2403,1,7586,2,1,40,40,26
6,24,2403,1,7586,3,1,76,76,0
6,24,2403,1,7586,4,1,76,70,42
6,24,2403,1,7586,5,1,54,6,42
6,24,2403,1,7586,6,2,46,15,32
6,24,2405,1,134,1,1,70,40,26
6,24,2405,1,134,2,1,52,35,26
6,24,2405,1,134,3,1,50,38,33
6,24,2405,1,134,4,2,72,41,26
6,24,2405,1,134,5,1,49,30,16
6,24,2407,2,396,1,1,51,41,16
6,24,2407,2,396,2,1,61,41,16
6,24,2407,2,396,3,2,28,20,16
6,24,2407,2,396,4,1,50,30,41
6,24,2407,2,396,5,1,52,30,33
6,24,2407,2,396,6,1,60,30,16
6,24,2408,1,2074,1,2,62,9,34
6,24,2408,1,2074,2,2,30,3,26
6,24,2408,1,2074,3,1,65,10,26
6,24,2408,1,2074,4,1,46,5,42
6,24,2408,1,2074,5,1,35,4,26
6,24,2411,1,788,1,1,75,33,41
6,24,2411,1,788,2,1,52,26,42
6,24,2411,1,788,3,2,38,38,26
6,24,2411,1,788,4,2,77,40,42
6,24,2411,1,788,5,1,75,38,42
6,24,2412,1,2798,1,1,61,7,25
6,24,2412,1,2798,2,1,85,85,0
6,24,2412,1,2798,3,1,60,30,16
6,24,2412,1,2798,4,1,44,9,26
6,24,2412,1,2798,5,2,58,7,26
6,24,2413,1,306,1,2,55,25,26
6,24,2413,1,306,2,2,47,25,42
6,24,2413,1,306,3,2,70,30,33
6,24,2413,1,306,4,1,40,10,42
6,24,2413,1,306,5,1,47,38,41
6,24,2415,1,696,1,2,49,21,26
6,24,2415,1,696,2,2,55,10,41
6,24,2415,1,696,3,1,57,22,14
6,24,2415,1,696,4,1,64,16,42
6,24,2417,1,112,1,1,67,67,0
6,24,2417,1,112,2,1,62,40,16
6,24,2417,1,112,3,1,45,20,42
6,24,2417,1,112,4,1,47,9,42
6,24,2417,1,112,5,1,69,60,16
6,24,2417,1,112,6,1,80,80,16
6,24,2417,1,924,1,1,77,31,0
6,24,2417,1,924,2,1,63,31,26
6,24,2417,1,924,3,1,60,31,26
6,24,2417,1,924,4,1,66,31,26
6,24,2417,1,924,5,1,66,18,26
6,24,2417,1,924,6,1,54,31,26
6,24,2417,1,924,7,1,49,20,26
6,24,2418,1,1770,1,1,62,31,16
6,24,2418,1,1770,2,1,55,31,42
6,24,2418,1,1770,3,1,30,20,42
6,24,2418,1,1770,4,2,50,15,26
6,24,2419,1,330,1,1,73,73,26
6,24,2419,1,330,2,1,40,20,42
6,24,2419,1,330,3,1,90,50,0
6,24,2419,1,330,4,1,50,48,26
6,24,2419,1,330,5,1,78,78,26
6,24,2419,1,330,6,2,50,25,42
6,24,2419,1,330,7,1,,,
6,24,2420,1,402,1,1,90,35,0
6,24,2420,1,402,2,1,76,33,34
6,24,2420,1,402,3,1,60,33,34
6,24,2420,1,402,4,1,65,33,28
6,24,2420,1,402,5,2,50,33,26
1,25,2502,2,728,1,1,47,28,52
1,25,2502,2,728,2,1,45,28,52
1,25,2502,2,728,3,1,55,28,52
1,25,2502,2,728,4,1,33,28,52
1,25,2502,2,728,5,1,52,29,52
1,25,2504,2,222,1,1,46,46,41
1,25,2504,2,222,2,1,55,40,0
1,25,2504,2,222,3,1,42,5,41
1,25,2504,2,222,4,1,38,38,41
1,25,2504,2,222,5,1,43,43,41
1,25,2507,2,814,1,1,90,90,0
1,25,2507,2,814,2,1,64,64,0
1,25,2507,2,814,3,1,45,45,26
1,25,2507,2,814,4,1,31,30,26
1,25,2508,1,2788,1,1,75,13,52
1,25,2508,1,2788,2,2,40,13,52
1,25,2508,1,2788,3,1,75,13,52
1,25,2508,1,2788,4,1,50,3,0
1,25,2508,1,2788,5,1,50,6,51
1,25,2509,2,248,1,1,58,58,16
1,25,2509,2,248,2,1,30,30,24
1,25,2509,2,248,3,1,40,40,0
1,25,2509,2,248,4,1,50,50,0
1,25,2509,2,248,5,1,35,35,34
1,25,2511,2,1424,1,1,70,70,0
1,25,2511,2,1424,2,1,25,25,26
1,25,2511,2,1424,3,1,35,35,41
1,25,2511,2,1424,4,1,40,20,26
1,25,2511,2,1424,5,1,40,5,41
1,25,2513,2,128,1,1,43,21,31
1,25,2513,2,128,2,1,57,57,16
1,25,2513,2,128,3,1,66,17,16
1,25,2513,2,128,4,1,37,37,26
1,25,2513,2,128,5,1,53,53,26
1,26,2601,2,822,1,1,65,65,51
1,26,2601,2,822,2,1,49,41,34
1,26,2601,2,822,3,1,52,52,34
1,26,2601,2,822,4,1,45,45,51
1,26,2601,2,822,5,1,62,62,51
1,26,2603,1,658,1,1,70,70,34
1,26,2603,1,658,2,1,40,40,34
1,26,2603,1,658,3,1,38,38,34
1,26,2603,1,658,4,1,36,36,34
1,26,2603,1,658,5,1,30,30,34
1,26,2603,1,1786,1,1,75,69,42
1,26,2603,1,1786,2,1,40,40,42
1,26,2603,1,1786,3,1,40,40,42
1,26,2603,1,1786,4,1,26,25,41
1,26,2603,1,1786,5,1,28,28,42
1,26,2605,2,594,1,1,75,75,0
1,26,2605,2,594,2,1,35,35,41
1,26,2605,2,594,3,1,35,35,26
1,26,2605,2,594,4,1,33,33,26
1,26,2606,1,516,1,1,65,65,16
1,26,2606,1,516,2,1,45,45,42
1,26,2606,1,516,3,1,76,76,0
1,26,2606,1,516,4,1,85,85,0
1,26,2606,1,516,5,2,69,26,32
1,26,2606,1,516,6,1,25,25,16
1,26,2608,2,820,1,1,70,70,16
1,26,2608,2,820,2,1,65,65,16
1,26,2608,2,820,3,1,38,34,34
1,26,2608,2,820,4,1,40,5,34
1,26,2608,2,820,5,1,60,60,16
1,26,2608,2,820,6,2,48,48,26
1,26,2611,2,424,1,1,68,68,51
1,26,2611,2,424,2,1,45,45,51
1,26,2611,2,424,3,1,22,22,26
1,26,2611,2,424,4,1,54,54,51
1,26,2611,2,424,5,1,61,61,51
1,26,2611,2,424,6,1,42,42,51
1,26,2613,2,1462,1,1,55,55,16
1,26,2613,2,1462,2,1,60,60,16
1,26,2613,2,1462,3,1,72,72,0
1,26,2613,2,1462,4,1,50,50,0
1,26,2613,2,1462,5,1,49,49,34
1,26,2613,2,2248,1,1,36,70,51
1,26,2613,2,2248,2,1,69,69,51
1,26,2613,2,2248,3,1,50,50,51
1,26,2613,2,2248,4,1,70,70,51
1,26,2613,2,2248,5,1,32,32,51
1,26,2613,2,2248,6,1,59,59,0
1,26,2615,2,2178,1,1,78,78,51
1,26,2615,2,2178,2,1,80,80,51
1,26,2615,2,2178,3,1,65,65,51
1,26,2615,2,2178,4,1,30,10,51
1,26,2615,2,2178,5,1,50,50,51
1,26,2615,2,2178,6,1,49,49,51
1,26,2615,2,2178,7,1,85,85,51
1,26,2615,2,2196,1,1,70,30,51
1,26,2615,2,2196,2,1,70,30,51
1,26,2615,2,2196,3,1,65,29,51
1,26,2615,2,2196,4,1,40,30,0
1,26,2615,2,2196,5,1,35,15,51
1,26,2615,2,2196,6,1,40,29,51
1,26,2616,2,254,1,1,45,45,23
1,26,2616,2,254,2,1,43,43,23
1,26,2616,2,254,3,1,54,54,51
1,26,2616,2,254,4,1,65,65,51
1,26,2616,2,254,5,2,50,50,0
1,26,2618,2,494,1,1,65,65,0
1,26,2618,2,494,2,1,44,31,16
1,26,2618,2,494,3,1,55,20,16
1,26,2618,2,494,4,2,40,21,22
1,26,2618,2,494,5,1,50,35,0
1,26,2618,2,494,6,2,56,34,16
1,26,2618,2,1276,1,1,25,35,16
1,26,2618,2,1276,2,1,41,41,26
1,26,2618,2,1276,3,1,30,30,34
1,26,2618,2,1276,4,2,67,67,0
1,26,2618,2,1276,5,1,64,64,0
1,26,2621,2,100,1,1,63,63,51
1,26,2621,2,100,2,1,60,60,51
1,26,2621,2,100,3,1,63,63,51
1,26,2621,2,100,4,1,52,52,51
1,26,2621,2,100,5,1,70,55,51
1,26,2621,2,100,6,1,33,33,51
1,26,2621,1,940,1,1,47,40,34
1,26,2621,1,940,2,1,30,30,26
1,26,2621,1,940,3,1,87,60,52
1,26,2621,1,940,4,1,59,45,52
1,26,2621,1,940,5,1,68,68,0
1,26,2621,1,940,6,1,60,60,52
1,26,2623,2,1688,1,1,49,49,41
1,26,2623,2,1688,2,1,47,47,51
1,26,2623,2,1688,3,1,55,40,51
1,26,2623,2,1688,4,1,75,75,51
1,26,2623,2,1688,5,1,41,15,51
1,26,2623,2,1688,6,1,35,35,16
1,26,2623,2,1688,7,2,33,21,23
1,26,2623,2,1688,8,1,40,25,51
1,26,2623,2,1688,9,1,31,11,42
1,26,2625,2,926,1,1,70,50,51
1,26,2625,2,926,2,1,57,30,51
1,26,2625,2,926,3,1,60,25,33
1,26,2625,2,926,4,1,60,48,33
1,26,2625,2,926,5,1,40,15,16
6,27,2701,1,506,1,1,78,30,42
6,27,2701,1,506,2,2,54,26,26
6,27,2701,1,506,3,1,39,30,26
6,27,2701,1,506,4,2,92,48,16
6,27,2701,1,506,5,1,69,32,16
6,27,2703,1,1076,1,1,69,27,27
6,27,2703,1,1076,2,1,56,28,26
6,27,2703,1,1076,3,1,61,25,26
6,27,2703,1,1076,4,2,46,19,16
6,27,2703,1,1076,5,1,42,20,32
6,27,2703,1,1076,6,1,65,27,41
6,27,2703,1,1612,1,1,74,15,42
6,27,2703,1,1612,2,1,74,14,43
6,27,2703,1,1612,3,1,73,13,42
6,27,2703,1,1612,4,1,64,10,42
6,27,2703,1,1612,5,1,54,22,33
6,27,2703,1,1612,6,2,43,22,24
6,27,2704,2,204,1,1,66,16,33
6,27,2704,2,204,2,1,80,80,0
6,27,2704,2,204,3,1,52,13,16
6,27,2704,2,204,4,2,68,68,0
6,27,2704,2,204,5,2,72,72,0
6,27,2704,2,204,6,2,50,16,0
6,27,2707,1,1410,1,1,60,21,41
6,27,2707,1,1410,2,1,62,12,16
6,27,2707,1,1410,3,2,57,12,33
6,27,2707,1,1410,4,1,64,5,42
6,27,2707,1,1410,5,1,42,3,16
6,27,2707,1,1410,6,1,56,19,27
6,27,2707,1,2136,1,1,66,27,27
6,27,2707,1,2136,2,1,62,19,33
6,27,2707,1,2136,3,1,54,19,23
6,27,2707,1,2136,4,2,48,19,26
6,27,2707,1,2136,5,1,47,20,26
6,27,2707,1,2136,6,1,80,28,34
6,27,2709,1,1646,1,1,73,20,42
6,27,2709,1,1646,2,1,76,20,33
6,27,2709,1,1646,3,1,73,73,0
6,27,2709,1,1646,4,1,52,10,26
6,27,2709,1,1646,5,1,42,10,26
6,27,2709,1,1646,6,2,65,20,33
6,27,2711,1,710,1,1,72,18,28
6,27,2711,1,710,2,1,60,3,28
6,27,2711,1,710,3,1,63,10,33
6,27,2711,1,710,4,1,62,21,32
6,27,2711,1,710,5,1,75,18,28
6,27,2712,2,110,1,1,100,100,0
6,27,2712,2,110,2,1,51,50,28
6,27,2712,2,110,3,2,90,90,0
6,27,2712,2,110,4,1,85,10,0
6,27,2712,2,110,5,1,57,57,26
6,27,2715,2,752,1,1,70,45,41
6,27,2715,2,752,2,1,65,40,16
6,27,2715,2,752,3,1,52,52,0
6,27,2715,2,752,4,2,35,35,26
6,27,2715,2,752,5,1,55,55,0
6,27,2715,2,752,6,1,59,28,16
6,27,2715,2,752,7,1,81,77,0
6,27,2715,2,752,8,1,58,28,
6,27,2719,2,100,1,1,78,40,0
6,27,2719,2,100,2,1,82,82,0
6,27,2719,2,100,3,1,60,52,16
6,27,2719,2,100,4,1,68,22,16
6,27,2719,2,100,5,2,39,20,16
6,28,2802,2,566,1,1,55,20,34
6,28,2802,2,566,2,1,52,7,34
6,28,2802,2,566,3,2,40,18,34
6,28,2802,2,566,4,1,29,20,42
6,28,2802,2,566,5,2,40,30,16
6,28,2802,2,566,6,1,70,50,16
6,28,2802,2,566,7,1,74,50,0
6,28,2802,2,566,8,1,76,6,26
6,28,2802,2,566,9,1,38,25,34
6,28,2804,1,340,1,1,96,70,0
6,28,2804,1,340,2,1,68,68,43
6,28,2804,1,340,3,1,60,60,16
6,28,2804,1,340,4,2,60,58,16
6,28,2804,1,340,5,2,61,60,16
6,28,2804,1,340,6,1,79,71,27
6,28,2804,1,340,7,1,75,71,16
6,28,2804,1,340,8,1,52,52,42
6,28,2804,1,340,9,1,61,51,16
6,28,2806,1,164,1,1,57,12,43
6,28,2806,1,164,2,1,45,7,16
6,28,2806,1,164,3,1,54,12,27
6,28,2806,1,164,4,2,38,3,41
6,28,2806,1,164,5,2,45,4,42
6,28,2806,1,164,6,1,49,8,43
6,28,2806,1,164,7,1,61,16,26
6,28,2806,1,164,8,1,70,9,42
6,28,2806,1,164,9,1,56,7,42
6,28,2806,1,802,1,1,72,72,43
6,28,2806,1,802,2,1,68,68,0
6,28,2806,1,802,3,1,52,52,33
6,28,2806,1,802,4,1,70,70,28
6,28,2806,1,802,5,2,90,90,0
6,28,2806,1,802,6,2,60,15,0
6,28,2806,1,802,7,1,43,13,41
6,28,2806,1,802,8,1,52,32,16
6,28,2806,1,802,9,1,55,55,23
6,28,2807,2,1266,1,1,56,56,43
6,28,2807,2,1266,2,2,48,29,0
6,28,2807,2,1266,3,2,44,26,22
6,28,2807,2,1266,4,1,69,69,16
6,28,2807,2,1266,5,1,45,45,16
6,28,2807,2,1266,6,1,58,58,27
6,28,2807,2,1266,7,1,80,80,0
6,28,2807,2,1266,8,1,36,36,26
6,28,2807,2,1266,9,1,40,40,27
6,28,2810,2,2394,1,1,56,56,16
6,28,2810,2,2394,2,1,41,40,16
6,28,2810,2,2394,3,1,37,25,23
6,28,2810,2,2394,4,2,61,61,0
6,28,2810,2,2394,5,2,45,10,12
6,28,2810,2,2394,6,2,45,35,16
6,28,2810,2,2394,7,1,41,41,26
6,28,2810,2,2394,8,1,65,31,27
6,28,2810,2,2394,9,1,81,53,28
6,28,2810,1,3722,1,1,72,72,43
6,28,2810,1,3722,2,1,64,50,32
6,28,2810,1,3722,3,1,64,42,23
6,28,2810,1,3722,4,1,58,45,33
6,28,2810,1,3722,5,1,57,38,33
6,28,2810,1,3722,6,1,69,37,42
6,28,2810,1,3722,7,2,60,60,23
6,28,2810,1,3722,8,2,58,41,16
6,28,2810,1,3722,9,1,65,43,42
6,28,2811,2,588,1,1,60,40,26
6,28,2811,2,588,2,1,62,40,16
6,28,2811,2,588,3,1,37,21,26
6,28,2811,2,588,4,2,46,25,16
6,28,2811,2,588,5,2,50,31,16
6,28,2811,2,588,6,1,35,20,32
6,28,2811,2,588,7,1,65,45,16
6,28,2811,2,588,8,1,36,11,15
6,28,2811,2,588,9,2,65,38,0
6,28,2813,2,612,1,1,76,50,28
6,28,2813,2,612,2,1,54,14,52
6,28,2813,2,612,3,1,60,50,
6,28,2813,2,612,4,2,48,25,33
6,28,2813,2,612,5,2,40,30,0
6,28,2813,2,612,6,1,35,13,26
6,28,2813,2,612,7,2,45,30,16
6,28,2813,2,612,8,1,35,6,52
6,28,2813,2,612,9,1,78,50,0
6,28,2814,1,1876,1,1,95,25,0
6,28,2814,1,1876,2,1,45,14,23
6,28,2814,1,1876,3,2,28,8,16
6,28,2814,1,1876,4,2,40,2,23
6,28,2814,1,1876,5,1,50,30,0
6,28,2814,1,1876,6,1,35,2,43
6,28,2814,1,1876,7,1,48,6,34
6,28,2814,1,1876,8,1,67,67,0
6,28,2814,1,1876,9,1,38,5,26
6,28,2815,2,1164,1,1,60,60,31
6,28,2815,2,1164,2,1,76,76,27
6,28,2815,2,1164,3,1,76,60,28
6,28,2815,2,1164,4,1,54,45,16
6,28,2815,2,1164,5,2,53,40,16
6,28,2815,2,1164,6,1,73,58,0
6,28,2815,2,1164,7,1,75,75,0
6,28,2815,2,1164,8,1,76,40,0
6,28,2815,2,1164,9,1,48,2,34
6,28,2816,1,2302,1,1,92,51,13
6,28,2816,1,2302,2,1,59,44,16
6,28,2816,1,2302,3,1,55,51,26
6,28,2816,1,2302,4,1,40,40,26
6,28,2816,1,2302,5,1,52,30,14
6,28,2816,1,2302,6,2,50,9,26
6,28,2816,1,2302,7,2,30,30,26
6,28,2816,1,2302,8,1,35,30,41
6,28,2816,1,2302,9,1,60,40,0
6,28,2816,2,3944,1,1,58,58,43
6,28,2816,2,3944,2,1,58,58,16
6,28,2816,2,3944,3,2,45,5,23
6,28,2816,2,3944,4,2,47,20,23
6,28,2816,2,3944,5,1,66,25,0
6,28,2816,2,3944,6,2,46,19,23
6,28,2816,2,3944,7,1,55,10,43
6,28,2816,2,3944,8,1,68,45,0
6,28,2816,2,3944,9,1,45,45,43
6,29,2905,1,384,1,1,65,6,0
6,29,2905,1,384,2,1,50,20,0
6,29,2905,1,384,3,1,50,10,33
6,29,2905,1,384,4,2,60,6,0
6,29,2905,1,384,5,1,80,80,0
6,29,2905,1,384,6,1,0,8,50
6,29,2905,1,384,7,1,30,6,26
6,29,2905,1,1096,1,1,72,33,42
6,29,2905,1,1096,2,1,39,23,16
6,29,2905,1,1096,3,2,18,18,26
6,29,2905,1,1096,4,1,26,12,41
6,29,2905,1,1096,5,1,32,32,26
6,29,2905,1,1096,6,2,35,35,22
6,29,2909,2,220,1,1,84,6,41
6,29,2909,2,220,2,1,46,5,41
6,29,2909,2,220,3,1,75,21,0
6,29,2909,2,220,4,1,65,5,16
6,29,2909,2,220,5,2,60,5,16
6,29,2909,2,220,6,2,45,1,0
6,29,2910,1,350,1,1,86,15,0
6,29,2910,1,350,2,1,63,25,16
6,29,2910,1,350,3,1,71,35,33
6,29,2910,1,350,4,1,49,19,16
6,29,2910,1,350,5,2,59,36,16
6,29,2910,1,350,6,1,56,21,14
6,29,2911,1,746,1,1,68,27,16
6,29,2911,1,746,2,1,46,11,42
6,29,2911,1,746,3,1,64,15,16
6,29,2911,1,746,4,2,55,27,23
6,29,2911,2,1870,1,1,72,70,14
6,29,2911,2,1870,2,1,40,30,26
6,29,2911,2,1870,3,1,70,50,0
6,29,2911,2,1870,4,1,23,23,26
6,29,2911,2,1870,5,1,98,98,0
6,29,2914,1,214,1,1,63,7,16
6,29,2914,1,214,2,2,59,59,0
6,29,2914,1,214,3,2,62,30,0
6,29,2914,1,214,4,2,51,7,42
6,29,2914,1,214,5,2,45,2,34
6,29,2914,1,214,6,1,61,15,16
6,29,2918,1,952,1,1,63,29,16
6,29,2918,1,952,2,1,32,17,41
6,29,2918,1,952,3,2,45,15,13
6,29,2918,1,952,4,2,57,5,16
6,29,2918,1,952,5,2,50,3,16
6,29,2918,1,952,6,2,50,25,34
6,29,2920,1,1210,1,1,74,43,34
6,29,2920,1,1210,2,1,58,41,11
6,29,2920,1,1210,3,1,41,41,34
6,29,2920,1,1210,4,2,38,10,25
6,29,2920,1,1210,5,1,60,4,16
6,29,2920,2,1628,1,1,86,78,0
6,29,2920,2,1628,2,1,72,72,16
6,29,2920,2,1628,3,2,50,38,16
6,29,2920,2,1628,4,1,47,47,26
6,29,2920,2,1628,5,2,35,19,25
6,29,2920,2,1628,6,1,46,15,
6,29,2923,1,396,1,1,60,42,16
6,29,2923,1,396,2,1,61,32,0
6,29,2923,1,396,3,1,52,27,34
6,29,2923,1,396,4,1,43,16,26
6,29,2923,1,396,5,1,30,4,26
6,29,2923,1,396,6,2,32,15,0
6,29,2923,1,396,7,2,35,10,26
6,29,2923,2,1126,1,1,65,65,
6,29,2923,2,1126,2,1,49,15,43
6,29,2923,2,1126,3,1,59,20,0
6,29,2923,2,1126,4,2,67,67,0
6,29,2923,2,1126,5,1,50,18,34
6,29,2923,2,1126,6,1,54,23,16
6,29,2930,1,1300,1,1,41,30,34
6,29,2930,1,1300,2,1,60,12,0
6,29,2930,1,1300,3,1,45,45,16
6,29,2930,1,1300,4,2,65,65,0
6,29,2930,1,1300,5,2,39,39,31
6,29,2930,1,1300,6,2,40,40,0
6,30,3002,1,1264,1,1,73,34,16
6,30,3002,1,1264,2,1,69,18,16
6,30,3002,1,1264,3,2,64,18,0
6,30,3002,1,1264,4,1,67,13,16
6,30,3002,1,1264,5,1,79,14,43
6,30,3002,1,1264,6,1,49,4,23
6,30,3002,1,1310,1,1,58,33,0
6,30,3002,1,1310,2,1,61,32,16
6,30,3002,1,1310,3,2,63,35,16
6,30,3002,1,1310,4,1,70,40,43
6,30,3002,1,1310,5,1,48,30,16
6,30,3002,1,1310,6,1,50,45,14
6,30,3004,2,216,1,1,75,27,0
6,30,3004,2,216,2,1,72,11,0
6,30,3004,2,216,3,1,72,13,0
6,30,3004,2,216,4,1,52,10,16
6,30,3004,2,216,5,1,39,6,16
6,30,3004,2,216,6,2,71,21,0
6,30,3005,1,2870,1,1,74,13,42
6,30,3005,1,2870,2,1,54,11,42
6,30,3005,1,2870,3,2,53,15,0
6,30,3005,1,2870,4,1,63,10,33
6,30,3005,1,2942,1,1,65,24,51
6,30,3005,1,2942,2,1,46,11,42
6,30,3005,1,2942,3,1,65,20,41
6,30,3005,1,2942,4,2,53,6,42
6,30,3005,1,2942,5,1,65,9,41
6,30,3005,1,2942,6,1,49,11,41
6,30,3007,1,1624,1,1,56,21,26
6,30,3007,1,1624,2,1,42,9,26
6,30,3007,1,1624,3,2,38,9,23
6,30,3007,1,1624,4,1,81,41,0
6,30,3009,1,764,1,1,75,25,31
6,30,3009,1,764,2,2,73,23,0
6,30,3009,1,764,3,2,80,35,0
6,30,3009,1,764,4,1,56,3,14
6,30,3009,1,1642,1,1,54,20,16
6,30,3009,1,1642,2,2,43,20,26
6,30,3009,1,1642,3,1,48,19,26
6,30,3009,1,1642,4,2,42,19,16
6,30,3009,1,1642,5,1,58,14,26
6,30,3009,1,1642,6,1,37,15,26
6,30,3010,1,1762,1,1,80,80,0
6,30,3010,1,1762,2,2,77,60,0
6,30,3010,1,1762,3,2,60,10,16
6,30,3010,1,1762,4,2,50,3,16
6,30,3010,1,1762,5,1,54,30,16
6,30,3012,2,334,1,1,49,46,26
6,30,3012,2,334,2,1,71,38,0
6,30,3012,2,334,3,2,55,21,33
6,30,3012,2,334,4,1,83,30,0
6,30,3012,2,334,5,2,37,10,26
6,30,3014,2,120,1,1,,40,14
6,30,3014,2,120,2,2,60,20,0
6,30,3014,2,120,3,1,65,40,0
6,30,3014,2,120,4,1,64,27,0
6,30,3014,2,120,5,1,57,10,0
6,30,3014,2,120,6,2,70,16,0
6,30,3015,2,1688,1,1,74,20,0
6,30,3015,2,1688,2,2,69,20,0
6,30,3015,2,1688,3,1,80,10,0
6,30,3015,2,1688,4,1,76,12,16
6,30,3015,2,1688,5,1,41,3,16
6,30,3016,1,390,1,1,64,64,0
6,30,3016,1,390,2,1,65,65,0
6,30,3016,1,390,3,1,43,43,0
6,30,3016,1,390,4,2,72,72,0
6,30,3016,1,390,5,1,61,61,16
6,30,3016,1,390,6,1,80,80,0
6,30,3018,2,914,1,1,41,23,0
6,30,3018,2,914,2,1,60,25,16
6,30,3018,2,914,3,1,55,26,0
6,30,3018,2,914,4,1,52,6,0
6,30,3018,2,914,5,1,81,60,28
6,30,3020,1,322,1,1,55,20,42
6,30,3020,1,322,2,1,52,21,43
6,30,3020,1,322,3,2,53,12,26
6,30,3020,1,322,4,2,52,18,41
6,30,3020,1,322,5,2,62,24,42
6,30,3023,2,622,1,1,55,55,0
6,30,3023,2,622,2,1,54,54,16
6,30,3023,2,622,3,1,70,70,15
6,30,3023,2,622,4,1,60,60,0
6,30,3023,2,622,5,2,70,70,16
6,30,3023,2,622,6,1,45,45,26
6,30,3023,2,622,7,1,40,40,26
6,30,3024,1,1406,1,1,46,15,41
6,30,3024,1,1406,2,2,33,9,26
6,30,3024,1,1406,3,1,63,7,34
6,30,3024,1,1406,4,1,57,13,42
6,30,3024,1,1406,5,1,53,10,42
6,30,3024,1,1924,1,1,51,51,26
6,30,3024,1,1924,2,2,52,11,42
6,30,3024,1,1924,3,1,56,7,43
6,30,3024,1,1924,4,1,66,24,26
6,30,3025,1,2052,1,1,54,54,32
6,30,3025,1,2052,2,1,51,43,34
6,30,3025,1,2052,3,2,61,26,0
6,30,3025,1,2052,4,1,81,61,28
6,30,3025,1,2052,5,2,36,21,16
6,30,3025,1,2052,6,2,38,16,16
6,30,3030,1,946,1,1,66,66,16
6,30,3030,1,946,2,1,55,55,16
6,30,3030,1,946,3,1,67,67,26
6,30,3030,1,946,4,1,70,70,0
6,30,3030,1,946,5,1,41,41,31
6,30,3030,1,946,6,1,59,59,26
6,30,3032,2,520,1,1,45,10,16
6,30,3032,2,520,2,1,36,5,16
6,30,3032,2,520,3,1,50,5,0
6,30,3032,2,520,4,1,43,8,0
6,30,3032,2,520,5,2,31,5,16
6,30,3032,2,520,6,1,40,6,0
6,30,3032,2,520,7,1,40,6,0
6,30,3032,1,1088,1,1,70,9,0
6,30,3032,1,1088,2,1,60,4,0
6,30,3032,1,1088,3,1,35,1,41
6,30,3032,1,1088,4,1,60,9,13
6,30,3032,1,1088,5,2,50,9,0
6,30,3032,1,1088,6,2,46,4,0
6,30,3032,1,1088,7,1,41,9,16
6,30,3033,2,554,1,1,75,75,15
6,30,3033,2,554,2,1,60,60,16
6,30,3033,2,554,3,1,46,46,16
6,30,3033,2,554,4,1,42,42,0
6,30,3033,2,554,5,1,28,28,16
1,31,3101,2,604,1,1,78,78,0
1,31,3101,2,604,2,1,85,36,0
1,31,3101,2,604,3,1,56,5,26
1,31,3101,2,604,4,2,32,4,23
1,31,3101,2,604,5,2,50,5,34
1,31,3101,2,604,6,1,59,59,16
1,31,3101,2,604,7,1,37,37,34
1,31,3103,2,874,1,1,55,28,0
1,31,3103,2,874,2,1,40,5,23
1,31,3103,2,874,3,1,27,27,23
1,31,3103,2,874,4,1,44,2,41
1,31,3103,2,874,5,2,40,26,0
1,31,3103,2,874,6,1,25,10,23
1,31,3105,1,2914,1,1,66,51,0
1,31,3105,1,2914,2,2,54,20,13
1,31,3105,1,2914,3,1,70,40,0
1,31,3105,1,2914,4,1,43,3,42
1,31,3105,1,2914,5,1,32,7,34
1,31,3105,1,2914,6,1,73,18,16
1,31,3105,1,2914,7,1,90,52,0
1,31,3105,1,2914,8,2,47,11,51
1,31,3107,1,724,1,1,45,16,15
1,31,3107,1,724,2,2,45,8,34
1,31,3107,1,724,3,1,50,9,16
1,31,3107,1,724,4,2,50,25,0
1,31,3107,1,724,5,1,29,29,41
1,31,3107,2,1092,1,1,42,42,16
1,31,3107,2,1092,2,1,36,36,16
1,31,3107,2,1092,3,1,31,31,0
1,31,3107,2,1092,4,2,39,12,34
1,31,3107,2,1092,5,1,38,38,16
1,31,3109,2,1026,1,1,40,40,25
1,31,3109,2,1026,2,1,30,30,0
1,31,3109,2,1026,3,1,41,41,0
1,31,3109,2,1026,4,1,47,47,0
1,31,3109,2,1026,5,1,20,20,26
1,31,3111,2,2966,1,1,58,58,0
1,31,3111,2,2966,2,1,59,59,0
1,31,3111,2,2966,3,1,37,37,0
1,31,3111,2,2966,4,2,35,22,21
1,31,3111,2,2966,5,1,40,25,16
1,31,3112,2,350,1,1,75,75,0
1,31,3112,2,350,2,1,30,30,16
1,31,3112,2,350,3,1,44,44,25
1,31,3112,2,350,4,2,20,7,0
1,31,3112,2,350,5,1,35,11,0
1,31,3113,2,332,1,1,45,45,16
1,31,3113,2,332,2,1,48,2,41
1,31,3113,2,332,3,1,25,25,23
1,31,3113,2,332,4,1,27,27,23
1,31,3113,2,332,5,2,38,38,34
1,31,3113,2,332,6,1,45,45,34
1,31,3115,2,680,1,1,38,38,24
1,31,3115,2,680,2,1,73,9,16
1,31,3115,2,680,3,1,49,49,42
1,31,3115,2,680,4,2,34,19,41
1,31,3115,2,680,5,1,77,77,0
1,31,3116,2,1344,1,1,72,72,16
1,31,3116,2,1344,2,1,47,3,34
1,31,3116,2,1344,3,1,20,20,16
1,31,3116,2,1344,4,2,50,40,0
1,31,3116,2,1344,5,1,35,35,27
5,32,3201,2,2034,1,1,43,43,26
5,32,3201,2,2034,2,1,56,56,16
5,32,3201,2,2034,3,2,29,29,23
5,32,3201,2,2034,4,1,35,35,27
5,32,3201,2,2034,5,2,45,45,27
5,32,3202,2,84,1,1,72,72,42
5,32,3202,2,84,2,1,68,68,32
5,32,3202,2,84,3,1,74,74,0
5,32,3202,2,84,4,1,51,51,42
5,32,3202,2,84,5,1,40,40,42
5,32,3202,2,84,6,2,50,50,42
5,32,3203,2,2644,1,1,57,57,16
5,32,3203,2,2644,2,1,43,43,26
5,32,3203,2,2644,3,1,41,41,26
5,32,3203,2,2644,4,1,60,60,16
5,32,3203,2,2644,5,1,31,31,42
5,32,3203,2,2644,6,2,46,46,26
5,32,3204,1,346,1,1,79,79,42
5,32,3204,1,346,2,1,65,65,43
5,32,3204,1,346,3,2,63,63,26
5,32,3204,1,346,4,1,30,30,42
5,32,3204,1,346,5,2,28,28,26
5,32,3206,2,276,1,1,75,75,42
5,32,3206,2,276,2,1,67,67,42
5,32,3206,2,276,3,2,42,42,16
5,32,3206,2,276,4,1,38,38,41
5,32,3206,2,276,5,2,54,54,27
5,32,3207,2,1464,1,1,56,56,42
5,32,3207,2,1464,2,1,48,48,26
5,32,3207,2,1464,3,1,57,57,16
5,32,3207,2,1464,4,1,35,35,26
5,32,3207,2,1464,5,2,58,58,16
5,32,3208,2,2244,1,1,65,65,27
5,32,3208,2,2244,2,2,48,48,42
5,32,3208,2,2244,3,1,40,40,32
5,32,3208,2,2244,4,1,42,42,42
5,32,3208,2,2244,5,2,40,40,42
5,32,3208,2,2244,6,2,31,31,26
5,32,3209,1,1208,1,1,72,72,23
5,32,3209,1,1208,2,1,62,62,26
5,32,3209,1,1208,3,1,68,68,16
5,32,3209,1,1208,4,2,59,59,0
5,32,3209,1,1208,5,2,48,48,26
5,32,3209,1,1208,6,1,70,,26
5,32,3210,2,1692,1,1,63,63,32
5,32,3210,2,1692,2,2,56,56,34
5,32,3210,2,1692,3,1,65,65,16
5,32,3210,2,1692,4,1,55,55,42
5,32,3210,2,1692,5,1,71,71,26
5,32,3210,2,1692,6,1,41,41,16
5,32,3212,2,314,1,1,69,69,42
5,32,3212,2,314,2,2,45,45,26
5,32,3212,2,314,3,1,45,45,26
5,32,3212,2,314,4,1,48,48,16
5,32,3212,2,314,5,1,50,50,26
5,32,3212,2,314,6,1,50,50,42
5,32,3212,2,314,7,1,52,52,42
5,32,3213,2,128,1,1,72,72,42
5,32,3213,2,128,2,1,62,62,24
5,32,3213,2,128,3,1,70,70,16
5,32,3213,2,128,4,1,50,50,42
5,32,3213,2,128,5,2,46,46,23
5,32,3215,1,1896,1,1,49,15,42
5,32,3215,1,1896,2,1,50,9,16
5,32,3215,1,1896,3,1,32,10,16
5,32,3215,1,1896,4,2,38,14,26
5,32,3215,1,2978,1,1,44,44,42
5,32,3215,1,2978,2,1,34,34,34
5,32,3215,1,2978,3,1,64,64,26
5,32,3215,1,2978,4,2,51,27,42
5,32,3215,1,2978,5,1,35,35,26
5,32,3215,1,4712,1,1,46,21,43
5,32,3215,1,4712,2,2,50,32,42
5,32,3215,1,4712,3,1,46,30,42
5,32,3215,1,4712,4,1,25,13,42
5,32,3215,1,4712,5,1,26,18,42
5,32,3216,2,1184,1,1,61,61,16
5,32,3216,2,1184,2,1,57,57,27
5,32,3216,2,1184,3,1,35,35,26
5,32,3216,2,1184,4,1,38,38,16
5,32,3216,2,1184,5,2,58,58,16
5,32,3216,2,1184,6,1,36,36,26
5,32,3218,2,296,1,1,56,56,42
5,32,3218,2,296,2,1,54,54,41
5,32,3218,2,296,3,1,50,50,42
5,32,3218,2,296,4,2,40,40,42
5,32,3218,2,296,5,1,49,49,42
5,32,3221,2,132,1,1,51,51,26
5,32,3221,2,132,2,1,66,66,42
5,32,3221,2,132,3,1,68,68,42
5,32,3221,2,132,4,1,48,48,42
5,32,3221,2,132,5,2,69,69,16
5,32,3221,2,132,6,2,42,22,26
5,32,3221,2,132,7,2,48,20,26
5,32,3222,1,1624,1,1,78,33,27
5,32,3222,1,1624,2,2,68,33,27
5,32,3222,1,1624,3,2,35,5,42
5,32,3222,1,1624,4,1,49,38,43
5,32,3222,1,1624,5,1,69,30,41
5,32,3222,1,2780,1,1,67,67,41
5,32,3222,1,2780,2,1,71,71,41
5,32,3222,1,2780,3,2,52,30,16
5,32,3222,1,2780,4,1,45,45,43
5,32,3222,1,2780,5,1,40,40,42
5,32,3222,1,2780,6,2,57,40,16
5,32,3222,1,2780,7,1,68,68,16
5,32,3223,2,390,1,1,68,68,16
5,32,3223,2,390,2,1,53,53,43
5,32,3223,2,390,3,2,43,43,16
5,32,3223,2,390,4,1,46,46,42
5,32,3223,2,390,5,2,45,45,23
5,32,3223,2,578,1,1,43,43,16
5,32,3223,2,578,2,1,36,14,16
5,32,3223,2,578,3,2,30,17,0
5,32,3223,2,578,4,1,65,35,0
5,32,3223,2,578,5,1,36,31,16
5,32,3223,2,578,6,2,35,22,15
5,32,3223,2,578,7,1,31,6,16
3,33,3304,2,418,1,1,53,53,52
3,33,3304,2,418,2,1,49,49,52
3,33,3304,2,418,3,1,51,51,26
3,33,3304,2,418,4,1,30,30,51
3,33,3304,2,418,5,2,55,55,51
3,33,3307,2,688,1,1,71,21,51
3,33,3307,2,688,2,1,61,61,51
3,33,3307,2,688,3,1,31,31,16
3,33,3307,2,688,4,1,56,56,52
3,33,3307,2,688,5,2,48,48,51
3,33,3310,2,476,1,1,50,50,51
3,33,3310,2,476,2,1,70,70,52
3,33,3310,2,476,3,1,40,40,52
3,33,3310,2,476,4,1,40,40,26
3,33,3310,2,476,5,2,55,55,51
3,33,3311,1,702,1,1,56,56,51
3,33,3311,1,702,2,1,47,47,26
3,33,3311,1,702,3,1,66,66,52
3,33,3311,1,702,4,2,74,74,51
3,33,3311,1,702,5,1,35,35,26
3,33,3313,2,930,1,1,80,78,51
3,33,3313,2,930,2,1,54,54,51
3,33,3313,2,930,3,1,48,48,34
3,33,3313,2,930,4,1,35,38,16
3,33,3313,2,930,5,1,35,35,51
3,33,3318,2,30,1,1,80,80,51
3,33,3318,2,30,2,1,27,27,16
3,33,3318,2,30,3,1,50,50,52
3,33,3318,2,30,4,1,70,70,52
3,33,3318,2,30,5,1,30,30,34
3,33,3321,1,1182,1,1,51,51,41
3,33,3321,1,1182,2,1,28,28,41
3,33,3321,1,1182,3,1,53,53,52
3,33,3321,1,1182,4,2,45,45,51
3,33,3321,1,1182,5,1,61,61,52
3,33,3323,2,92,1,1,85,85,16
3,33,3323,2,92,2,1,54,54,52
3,33,3323,2,92,3,1,35,35,23
3,33,3323,2,92,4,1,40,40,51
3,33,3323,2,92,5,2,40,40,51
2,34,3401,2,526,1,1,59,28,51
2,34,3401,2,526,2,1,40,28,51
2,34,3401,2,526,3,1,70,28,51
2,34,3401,2,526,4,1,34,28,51
2,34,3401,2,526,5,1,30,28,51
2,34,3403,2,198,1,1,46,46,41
2,34,3403,2,198,2,1,75,24,41
2,34,3403,2,198,3,1,48,48,0
2,34,3403,2,198,4,1,38,38,41
2,34,3403,2,198,5,2,60,60,41
2,34,3403,2,198,6,2,55,28,42
2,34,3403,2,198,7,1,80,80,41
2,34,3403,2,198,8,2,35,35,41
2,34,3405,2,456,1,1,78,38,0
2,34,3405,2,456,2,1,48,38,0
2,34,3405,2,456,3,1,72,16,0
2,34,3405,2,456,4,1,42,10,41
2,34,3405,2,456,5,1,43,16,41
2,34,3405,2,1706,1,1,75,75,51
2,34,3405,2,1706,2,1,62,62,51
2,34,3405,2,1706,3,1,38,38,51
2,34,3405,2,1706,4,1,36,36,51
2,34,3405,2,1706,5,1,42,20,34
2,34,3408,2,870,1,1,,28,0
2,34,3408,2,870,2,1,,45,41
2,34,3408,2,870,3,1,,2,41
2,34,3408,2,870,4,1,,28,0
2,34,3408,2,870,5,1,,39,0
2,34,3410,2,42,1,1,75,75,51
2,34,3410,2,42,2,1,50,50,51
2,34,3410,2,42,3,2,45,45,26
2,34,3410,2,42,4,1,35,35,41
2,34,3410,2,42,5,1,65,65,51
2,34,3412,2,156,1,1,70,70,0
2,34,3412,2,156,2,1,47,41,16
2,34,3412,2,156,3,1,59,32,41
2,34,3412,2,156,4,2,67,16,0
2,34,3412,2,156,5,1,56,58,0
2,34,3413,2,262,1,1,68,68,0
2,34,3413,2,262,2,1,75,75,0
2,34,3413,2,262,3,1,39,30,41
2,34,3413,2,262,4,1,57,57,0
2,34,3413,2,262,5,1,48,5,41
2,34,3415,2,268,1,1,45,25,0
2,34,3415,2,268,2,1,35,25,0
2,34,3415,2,268,3,1,30,24,0
2,34,3415,2,268,4,1,32,20,0
2,34,3415,2,268,5,2,50,30,0
2,34,3415,2,268,6,1,35,23,26
2,35,3501,1,702,1,1,50,50,51
2,35,3501,1,702,2,1,31,30,16
2,35,3501,1,702,3,2,21,20,27
2,35,3501,1,702,4,1,70,40,51
2,35,3501,1,702,5,1,60,60,51
2,35,3501,2,1228,1,1,58,58,0
2,35,3501,2,1228,2,1,39,38,31
2,35,3501,2,1228,3,1,62,62,51
2,35,3501,2,1228,4,1,28,28,27
2,35,3501,2,1228,5,2,42,30,16
2,35,3503,1,54,1,1,70,30,51
2,35,3503,1,54,2,1,55,26,41
2,35,3503,1,54,3,1,60,26,27
2,35,3503,1,54,4,1,36,35,51
2,35,3503,1,54,5,1,75,12,51
2,35,3504,2,1288,1,1,51,50,51
2,35,3504,2,1288,2,1,45,35,27
2,35,3504,2,1288,3,1,30,30,26
2,35,3504,2,1288,4,2,56,35,0
2,35,3504,2,1288,5,1,23,22,26
2,35,3506,2,1040,1,1,77,77,51
2,35,3506,2,1040,2,1,60,58,51
2,35,3506,2,1040,3,1,56,55,51
2,35,3506,2,1040,4,1,28,28,51
2,35,3506,2,1040,5,2,23,13,51
2,35,3507,2,746,1,1,71,40,27
2,35,3507,2,746,2,1,50,19,41
2,35,3507,2,746,3,1,75,75,0
2,35,3507,2,746,4,2,31,31,0
2,35,3507,2,746,5,1,40,21,51
2,35,3509,2,1310,1,1,50,50,27
2,35,3509,2,1310,2,1,46,45,31
2,35,3509,2,1310,3,1,38,38,27
2,35,3509,2,1310,4,1,51,51,51
2,35,3509,2,1310,5,2,26,15,27
2,35,3509,2,2276,1,1,60,47,28
2,35,3509,2,2276,2,1,49,6,41
2,35,3509,2,2276,3,1,50,40,51
2,35,3509,2,2276,4,2,25,13,51
2,35,3509,2,2276,5,1,30,30,41
2,35,3511,2,1646,1,1,30,30,42
2,35,3511,2,1646,2,1,31,31,41
2,35,3511,2,1646,3,1,40,40,41
2,35,3511,2,1646,4,2,52,52,51
2,35,3511,2,1646,5,1,60,60,51
2,35,3511,2,1646,6,1,42,42,41
2,35,3513,2,576,1,1,70,70,0
2,35,3513,2,576,2,1,28,28,31
2,35,3513,2,576,3,1,40,22,26
2,35,3513,2,576,4,2,37,20,0
2,35,3513,2,576,5,1,35,35,31
2,35,3513,1,1278,1,1,46,45,41
2,35,3513,1,1278,2,1,45,45,27
2,35,3513,1,1278,3,2,30,30,27
2,35,3513,1,1278,4,1,36,31,51
2,35,3513,1,1278,5,1,20,20,27
2,35,3515,2,316,1,1,46,45,51
2,35,3515,2,316,2,1,43,40,51
2,35,3515,2,316,3,1,22,6,51
2,35,3515,2,316,4,1,26,25,51
2,35,3515,2,316,5,2,31,30,51
2,35,3516,2,1632,1,1,70,51,51
2,35,3516,2,1632,3,1,61,60,16
2,35,3516,2,1632,4,1,45,46,0
2,35,3516,2,1632,5,1,29,35,41
2,35,3516,2,1632,6,1,67,67,51
3,36,3601,2,1214,1,1,60,35,51
3,36,3601,2,1214,2,1,35,30,51
3,36,3601,2,1214,3,1,35,35,41
3,36,3601,2,1214,4,1,45,45,42
3,36,3601,2,1214,5,1,42,6,31
3,36,3603,2,978,1,1,75,60,51
3,36,3603,2,978,2,2,50,45,51
3,36,3603,2,978,3,1,80,50,51
3,36,3603,2,978,4,1,35,35,16
3,36,3603,2,978,5,1,57,43,51
3,36,3605,2,240,1,1,70,70,51
3,36,3605,2,240,2,1,44,44,51
3,36,3605,2,240,3,1,35,35,26
3,36,3605,2,240,4,1,65,65,51
3,36,3605,2,240,5,1,28,6,26
3,36,3606,2,1956,1,1,65,55,51
3,36,3606,2,1956,2,1,50,50,51
3,36,3606,2,1956,3,1,45,45,51
3,36,3606,2,1956,4,1,63,63,51
3,36,3606,2,1956,5,2,40,40,51
3,36,3607,1,2596,1,1,55,55,51
3,36,3607,1,2596,2,1,60,60,51
3,36,3607,1,2596,3,1,45,45,51
3,36,3607,1,2596,4,1,32,32,41
3,36,3607,1,2596,5,1,28,28,41
3,36,3608,2,2078,1,1,70,70,51
3,36,3608,2,2078,2,1,41,41,41
3,36,3608,2,2078,3,1,55,55,51
3,36,3608,2,2078,4,1,40,40,51
3,36,3608,2,2078,5,1,35,35,51
3,36,3610,2,1826,1,1,60,59,51
3,36,3610,2,1826,2,1,31,31,16
3,36,3610,2,1826,3,1,41,20,51
3,36,3610,2,1826,4,1,56,8,41
3,36,3610,2,1826,5,1,51,51,16
3,36,3612,1,1474,1,1,50,50,51
3,36,3612,1,1474,2,1,45,45,51
3,36,3612,1,1474,3,1,52,52,51
3,36,3612,1,1474,4,1,47,47,51
3,36,3612,1,1474,5,1,35,35,51
3,36,3613,2,1066,1,1,70,70,51
3,36,3613,2,1066,2,1,65,65,51
3,36,3613,2,1066,3,1,75,75,51
3,36,3613,2,1066,4,1,42,42,16
3,36,3613,2,1066,5,1,41,41,16
3,36,3613,2,1066,6,1,35,35,16
1,37,3702,1,972,1,1,60,22,16
1,37,3702,1,972,2,1,37,22,26
1,37,3702,1,972,3,1,36,22,16
1,37,3702,1,972,4,2,70,22,0
1,37,3702,1,972,5,2,60,22,0
1,37,3706,2,6,1,1,52,30,0
1,37,3706,2,6,2,1,28,8,15
1,37,3706,2,6,3,2,48,30,0
1,37,3706,2,6,4,1,60,60,0
1,37,3706,2,6,5,1,35,30,16
1,37,3706,1,156,1,1,46,46,13
1,37,3706,1,156,2,1,50,36,26
1,37,3706,1,156,3,1,26,18,34
1,37,3706,1,156,4,1,52,53,0
1,37,3706,1,156,5,2,29,13,26
1,37,3706,1,4144,1,1,77,77,61
1,37,3706,1,4144,2,1,51,51,42
1,37,3706,1,4144,3,2,38,38,26
1,37,3706,1,4144,4,1,40,1,42
1,37,3706,1,4144,5,2,53,53,41
