"zone","state","lga","sector","ea","hhid","item_cd","s11dq7","s11dq8"
4,1,115,1,670,10006,507,1,5000
4,1,115,1,670,10006,515,1,150000
4,1,115,1,670,10006,516,1,50000
4,1,115,1,670,10009,507,1,350
4,1,115,1,670,10010,507,1,250
4,1,104,2,1364,10012,517,1,150000
4,1,104,2,1364,10016,507,1,400
4,1,104,2,1364,10016,509,1,1000
4,1,106,2,880,10029,508,1,44000
4,1,106,2,880,10029,509,1,2500
4,1,106,2,880,10030,509,1,1500
4,1,111,1,1146,10034,517,1,25000
4,1,111,1,1146,10036,516,1,100000
4,1,102,1,536,10041,517,1,8000
4,1,102,1,536,10045,505,1,12500
4,1,102,1,536,10047,507,1,300
4,1,102,1,1690,10055,507,1,200
4,1,102,1,1690,10056,509,1,2600
4,1,102,1,1690,10057,508,1,4650
4,1,117,2,560,10074,517,1,22000
4,1,105,2,638,10092,505,1,12000
4,1,105,2,638,10096,507,1,200
4,1,108,2,904,10109,509,1,1500
2,2,209,2,1040,20001,503,1,1800
2,2,209,2,1040,20006,503,1,900
2,2,201,2,60,20022,503,1,800
2,2,201,2,60,20022,505,1,12000
2,2,201,2,60,20027,504,1,650
2,2,216,2,200,20033,516,1,20000
2,2,216,2,200,20034,503,1,800
2,2,216,2,200,20040,503,1,400
2,2,214,2,898,20074,502,1,800
2,2,214,2,898,20078,503,1,1600
2,2,214,2,898,20078,508,1,5000
2,2,215,1,8,20090,503,1,800
2,2,207,2,1302,20091,515,1,30000
2,2,207,2,1302,20091,516,1,145000
2,2,205,2,712,20102,503,1,2900
2,2,205,2,712,20107,502,1,800
2,2,205,2,712,20108,503,1,1200
5,3,331,1,2322,30002,517,1,2000
5,3,331,1,2322,30006,502,1,1500
5,3,331,1,2322,30006,506,1,2000
5,3,331,1,2322,30006,509,1,500
5,3,331,1,516,30019,503,1,300
5,3,316,2,874,30022,502,1,500
5,3,316,2,874,30023,509,1,600
5,3,316,2,874,30024,501,1,3000
5,3,316,2,874,30024,508,1,3500
5,3,316,2,874,30028,516,1,1000
5,3,309,2,478,30032,503,1,350
5,3,309,2,478,30033,503,1,700
5,3,307,1,634,30041,509,1,1000
5,3,307,1,634,30043,507,1,1400
5,3,307,1,634,30048,501,1,800
5,3,321,2,364,30051,501,1,23000
5,3,321,2,364,30054,503,1,1200
5,3,329,2,696,30062,501,1,1800
5,3,329,2,696,30070,503,1,350
5,3,323,2,580,30075,503,1,400
5,3,323,2,580,30076,503,1,1500
5,3,318,2,1136,30084,503,1,800
5,3,318,2,1136,30085,501,1,5000
5,3,318,2,1136,30085,502,1,1500
5,3,318,2,1136,30087,503,1,800
5,3,313,2,70,30091,503,1,700
5,3,313,2,70,30094,504,1,20
5,3,313,2,70,30095,503,1,400
5,3,313,2,70,30096,517,1,250000
5,3,313,2,70,30097,517,1,500
5,3,313,2,70,30099,503,1,350
5,3,313,2,70,30100,502,1,350
5,3,301,1,1198,30101,502,1,300
5,3,301,1,1198,30105,503,1,400
5,3,301,1,1198,30108,502,1,350
5,3,301,1,1198,30110,503,1,300
5,3,326,2,74,30111,502,1,500
5,3,326,2,74,30111,503,1,2300
5,3,326,2,74,30111,517,1,300000
5,3,326,2,74,30113,503,1,800
5,3,326,2,74,30114,503,1,400
5,3,326,2,74,30118,508,1,20000
5,3,326,2,74,30118,516,1,5000
5,3,305,2,1542,30122,503,1,2400
5,3,305,2,1542,30123,501,1,3000
5,3,305,2,1542,30123,503,1,300
5,3,312,2,20,30133,503,1,300
5,3,312,2,20,30133,507,1,1200
5,3,312,2,20,30134,503,1,300
5,3,312,2,20,30140,508,1,6000
5,3,305,2,4,30142,503,1,350
5,3,305,2,4,30144,515,1,100000
5,3,305,2,4,30148,503,1,350
5,3,305,2,4,30149,503,1,300
4,4,418,1,44,40003,516,1,5000
4,4,418,1,44,40003,517,1,4000
4,4,418,1,44,40004,502,1,450
4,4,418,1,44,40005,516,1,2300
4,4,418,1,44,40005,517,1,2500
4,4,418,1,44,40006,516,1,5000
4,4,418,1,44,40006,517,1,3000
4,4,418,1,44,40007,502,1,450
4,4,418,1,44,40008,501,1,750
4,4,418,1,44,40008,502,1,450
4,4,417,1,678,40013,516,1,2000
4,4,417,1,678,40013,517,1,3000
4,4,417,1,678,40014,516,1,2800
4,4,417,1,678,40014,517,1,3000
4,4,417,1,678,40015,502,1,400
4,4,417,1,678,40016,509,1,2000
4,4,417,1,678,40017,501,1,1000
4,4,417,1,678,40017,502,1,450
4,4,416,1,616,40021,516,1,2000
4,4,416,1,616,40021,517,1,3000
4,4,416,1,616,40022,516,1,1000
4,4,416,1,616,40022,517,1,1200
4,4,416,1,616,40023,516,1,3000
4,4,416,1,616,40023,517,1,5000
4,4,416,1,616,40024,509,1,2000
4,4,416,1,616,40025,502,1,250
4,4,416,1,616,40030,503,1,650
4,4,414,1,2176,40031,516,1,2000
4,4,414,1,2176,40031,517,1,2500
4,4,414,1,2176,40033,516,1,2500
4,4,414,1,2176,40033,517,1,3000
4,4,414,1,2176,40034,516,1,1500
4,4,414,1,2176,40034,517,1,5000
4,4,415,1,2108,40041,516,1,1200
4,4,415,1,2108,40041,517,1,1500
4,4,415,1,2108,40042,517,1,1000
4,4,415,1,2108,40043,516,1,2000
4,4,415,1,2108,40043,517,1,1500
4,4,415,1,2108,40044,516,1,500
4,4,415,1,2108,40044,517,1,1000
4,4,415,1,2108,40045,516,1,500
4,4,415,1,2108,40045,517,1,500
4,4,415,1,2108,40046,516,1,200
4,4,415,1,2108,40046,517,1,300
4,4,413,2,1540,40057,502,1,500
4,4,413,2,1540,40057,505,1,6000
4,4,413,2,1540,40058,502,1,1200
4,4,413,2,1540,40059,517,1,500
4,4,413,2,1540,40060,502,1,3800
4,4,413,2,1540,40060,509,1,2500
4,4,405,2,722,40062,502,1,400
4,4,405,2,722,40067,502,1,400
4,4,405,2,722,40068,516,1,200
4,4,405,2,722,40068,517,1,200
4,4,405,2,484,40072,516,1,3000
4,4,405,2,484,40072,517,1,3000
4,4,405,2,484,40076,502,1,1400
4,4,405,2,484,40077,501,1,600
4,4,405,2,484,40077,502,1,500
4,4,405,2,484,40078,502,1,1700
4,4,405,2,484,40079,517,1,1400
4,4,419,2,296,40085,502,1,670
4,4,419,2,296,40085,517,1,500000
4,4,419,2,296,40086,502,1,700
4,4,419,2,296,40089,517,1,4000
4,4,419,2,296,40090,517,1,1500
4,4,401,1,1460,40091,502,1,900
4,4,401,1,1460,40096,517,1,4000
4,4,401,1,1460,40097,517,1,5000
4,4,401,1,1460,40099,502,1,300
4,4,401,1,1460,40100,502,1,400
4,4,412,2,2592,40107,516,1,2000
4,4,412,2,2592,40107,517,1,1000
4,4,412,2,2592,40108,516,1,1500
4,4,412,2,2592,40108,517,1,1800
4,4,412,2,2592,40109,509,1,1500
4,4,412,2,2592,40109,516,1,2500
4,4,412,2,2592,40109,517,1,4000
4,4,412,2,2592,40110,516,1,1500
4,4,412,2,2592,40110,517,1,1500
4,4,412,2,1606,40115,516,1,2000
4,4,412,2,1606,40115,517,1,2000
4,4,412,2,1606,40116,516,1,1500
4,4,412,2,1606,40116,517,1,1700
4,4,412,2,1606,40117,516,1,1000
4,4,412,2,1606,40117,517,1,1200
4,4,412,2,1606,40118,516,1,1000
4,4,412,2,1606,40118,517,1,600
4,4,412,2,1606,40120,516,1,2000
4,4,412,2,1606,40120,517,1,6000
4,4,410,2,4036,40122,501,1,2500
4,4,410,2,4036,40122,502,1,3100
4,4,410,2,4036,40122,507,1,1200
4,4,410,2,4036,40122,516,1,1000
4,4,410,2,4036,40122,517,1,500
4,4,410,2,4036,40123,516,1,2000
4,4,410,2,4036,40123,517,1,1500
4,4,410,2,4036,40124,516,1,5000
4,4,410,2,4036,40124,517,1,5000
4,4,410,2,4036,40127,501,1,2500
4,4,410,2,4036,40127,507,1,600
4,4,410,2,4036,40127,516,1,2000
4,4,410,2,4036,40127,517,1,1500
4,4,407,2,796,40131,516,1,300
4,4,407,2,796,40131,517,1,200
4,4,407,2,796,40134,502,1,1400
4,4,407,2,796,40135,502,1,1600
4,4,407,2,796,40135,505,1,3000
4,4,407,2,796,40136,502,1,600
4,4,410,1,3192,40144,502,1,1400
4,4,410,1,3192,40145,502,1,400
4,4,410,1,3192,40146,502,1,1800
4,4,410,1,3192,40150,517,1,500
4,4,410,1,3414,40153,516,1,1000
4,4,410,1,3414,40153,517,1,5000
4,4,410,1,3414,40155,502,1,2400
4,4,410,1,3414,40155,508,1,60000
4,4,410,1,3414,40156,517,1,1300
4,4,410,1,3414,40157,502,1,1200
4,4,401,1,738,40163,516,1,20000
4,4,401,1,738,40166,502,1,800
4,4,401,1,738,40167,502,1,900
4,4,401,1,738,40168,517,1,800
4,4,401,1,738,40169,516,1,2300
4,4,421,1,800,40171,502,1,1200
4,4,421,1,800,40172,502,1,600
4,4,411,1,1486,40181,516,1,3000
4,4,411,1,1486,40181,517,1,2000
4,4,411,1,1486,40182,516,1,1000
4,4,411,1,1486,40182,517,1,1500
4,4,411,1,1486,40184,516,1,1500
4,4,411,1,1486,40184,517,1,200
4,4,411,1,1486,40185,516,1,1800
4,4,411,1,1486,40185,517,1,1600
4,4,411,1,1486,40186,516,1,2000
4,4,411,1,1486,40186,517,1,1000
4,4,401,2,2106,40191,502,1,1400
4,4,401,2,2106,40193,517,1,2500
4,4,401,2,2106,40195,517,1,4500
4,4,401,2,2106,40197,502,1,1200
4,4,401,2,2106,40200,517,1,60000
4,4,402,2,1080,40207,502,1,250
4,4,402,2,1080,40207,516,1,600
4,4,402,2,1080,40207,517,1,600
4,4,402,2,1080,40208,516,1,1000
4,4,402,2,1080,40208,517,1,1000
4,4,403,2,836,40212,517,1,50000
4,4,403,2,836,40214,516,1,200
4,4,403,2,836,40216,516,1,2000
4,4,403,2,836,40216,517,1,1500
4,4,403,2,836,40218,516,1,2500
4,4,403,2,836,40218,517,1,2000
4,4,403,2,836,40219,516,1,3000
4,4,403,2,836,40219,517,1,2500
4,4,403,2,836,40220,516,1,2000
4,4,403,2,836,40220,517,1,1000
2,5,506,2,830,50001,503,1,550
2,5,506,2,830,50002,516,1,500
2,5,506,2,830,50002,517,1,500
2,5,506,2,830,50004,516,1,2000
2,5,506,2,830,50004,517,1,500
2,5,502,1,2194,50013,511,1,1800
2,5,502,1,2194,50015,510,1,600
2,5,502,1,2194,50016,515,1,5000
2,5,502,1,2194,50018,503,1,600
2,5,502,1,2194,50020,501,1,15000
2,5,515,2,18,50023,515,1,2000
2,5,515,2,18,50023,516,1,650
2,5,515,2,18,50027,516,1,4200
2,5,515,2,18,50027,517,1,1500
2,5,502,2,3878,50037,508,1,6500
2,5,504,2,708,50043,516,1,2000
2,5,504,2,708,50043,517,1,500
2,5,504,2,708,50044,515,1,20000
2,5,504,2,708,50044,516,1,30000
2,5,504,2,708,50044,517,1,1500
2,5,513,2,348,50052,503,1,500
2,5,513,2,348,50055,503,1,550
2,5,513,2,348,50058,503,1,1000
2,5,514,2,710,50062,516,1,2600
2,5,514,2,710,50062,517,1,1000
2,5,514,2,710,50065,516,1,1200
2,5,514,2,710,50065,517,1,1400
2,5,514,2,710,50070,516,1,4500
2,5,514,2,710,50070,517,1,2000
2,5,501,2,60,50073,503,1,2500
2,5,501,2,60,50080,501,1,2000
2,5,501,2,60,50080,505,1,18000
2,5,516,2,942,50083,516,1,4000
2,5,516,2,942,50083,517,1,1250
2,5,516,2,942,50089,516,1,2002
2,5,508,2,984,50092,505,1,16000
2,5,508,2,984,50092,516,1,100000
2,5,508,2,984,50096,503,1,400
2,5,508,2,984,50097,516,1,50000
2,5,514,1,2036,50101,516,1,6000
2,5,514,1,2036,50101,517,1,2000
2,5,514,1,2036,50107,516,1,3000
2,5,514,1,2036,50107,517,1,1600
2,5,514,1,2036,50108,516,1,5000
2,5,508,2,718,50113,515,1,10000
2,5,508,2,718,50113,516,1,15000
2,5,508,2,718,50118,515,1,10000
2,5,508,2,718,50118,516,1,50000
2,5,508,2,718,50119,505,1,40000
2,5,508,2,718,50119,516,1,15000
2,5,508,2,718,50120,505,1,9000
2,5,510,1,872,50121,516,1,6500
2,5,510,1,872,50121,517,1,1500
2,5,510,1,872,50122,511,1,5000
2,5,510,1,872,50127,516,1,15000
2,5,510,1,872,50127,517,1,5000
2,5,510,1,872,50128,516,1,36000
2,5,510,1,872,50128,517,1,4000
2,5,510,1,872,50130,516,1,5000
2,5,510,1,872,50130,517,1,3000
2,5,518,2,1588,50132,503,1,500
2,5,510,2,1516,50142,516,1,5000
2,5,510,2,1516,50142,517,1,2000
2,5,510,2,1516,50146,516,1,500
2,5,510,2,1516,50149,516,1,2500
2,5,510,2,1516,50149,517,1,500
2,5,518,2,1304,50152,503,1,500
2,5,518,2,1304,50154,508,1,4000
2,5,518,2,1304,50154,515,1,25000
2,5,518,2,1304,50154,516,1,10000
2,5,518,2,1304,50159,503,1,2000
2,5,520,2,1756,50163,516,1,700
2,5,520,2,1756,50163,517,1,500
2,5,520,2,1756,50165,516,1,6000
2,5,520,2,1756,50165,517,1,1800
2,5,520,2,1756,50167,516,1,2500
2,5,520,2,1756,50167,517,1,1200
5,6,602,2,1356,60001,502,1,300
5,6,602,2,1356,60006,508,1,10000
5,6,606,2,1372,60014,502,1,500
5,6,608,1,3978,60022,516,1,5000
5,6,608,1,3978,60023,502,1,500
5,6,608,1,3978,60027,502,1,1500
5,6,608,1,3978,60030,501,1,1200
5,6,608,1,3978,60030,502,1,1500
5,6,608,1,3978,60030,507,1,18000
5,6,608,1,3978,60030,515,1,120000
5,6,608,1,3978,60030,516,1,300000
5,6,607,2,1892,60031,503,1,500
5,6,607,2,1892,60037,508,1,58500
5,6,601,2,640,60041,502,1,250
5,6,601,2,640,60042,503,1,300
5,6,601,2,640,60044,503,1,450
5,6,605,2,162,60052,501,1,2000
5,6,605,2,162,60055,508,1,5000
5,6,605,2,162,60055,517,1,25000
5,6,605,2,162,60058,501,1,4000
5,6,605,2,162,60058,502,1,1500
5,6,608,2,748,60061,517,1,60000
5,6,608,2,748,60064,502,1,400
5,6,608,2,748,60064,507,1,300
1,7,708,2,754,70012,517,1,1600
1,7,722,2,234,70031,503,1,1200
1,7,722,2,234,70031,505,1,6000
1,7,722,2,234,70032,517,1,2600
1,7,722,2,234,70036,508,1,20000
1,7,722,2,234,70039,505,1,16500
1,7,711,2,2532,70067,503,1,2000
1,7,709,2,1226,70077,517,1,5500
1,7,709,2,1226,70079,516,1,700
1,7,709,2,1226,70079,517,1,12000
1,7,709,2,1226,70080,503,1,1000
1,7,719,1,1612,70082,516,1,4500
1,7,719,1,1612,70082,517,1,600
1,7,719,1,1612,70083,516,1,1200
1,7,719,1,1612,70083,517,1,700
1,7,719,1,1612,70084,516,1,500
1,7,719,1,1612,70084,517,1,900
1,7,719,1,1612,70085,517,1,5000
1,7,719,1,1612,70087,517,1,400
1,7,719,1,1612,70088,517,1,300
1,7,719,1,1612,70089,516,1,2500
1,7,719,1,1612,70089,517,1,700
1,7,719,1,1612,70090,516,1,3500
1,7,719,1,1612,70090,517,1,5000
1,7,717,2,1248,70093,516,1,450
1,7,717,2,1248,70093,517,1,370
1,7,717,2,1248,70096,505,1,6800
1,7,717,2,1248,70098,505,1,10500
1,7,717,2,1248,70100,517,1,400
1,7,701,2,606,70102,503,1,700
1,7,701,2,606,70102,509,1,350
1,7,701,2,606,70103,517,1,500
1,7,701,2,606,70105,517,1,400
1,7,701,2,606,70108,517,1,500
1,7,701,2,606,70109,517,1,200
1,7,702,2,632,70111,517,1,3000
1,7,702,2,632,70112,516,1,1800
1,7,702,2,632,70112,517,1,3600
1,7,702,2,632,70113,505,1,21300
1,7,702,2,632,70113,517,1,7200
1,7,702,2,632,70114,516,1,5500
1,7,702,2,632,70114,517,1,3400
1,7,702,2,632,70115,517,1,2000
1,7,702,2,632,70116,517,1,400
1,7,718,2,1640,70121,516,1,700
1,7,718,2,1640,70121,517,1,1200
1,7,718,2,1640,70122,516,1,400
1,7,718,2,1640,70123,517,1,150
1,7,718,2,1640,70124,516,1,1600
1,7,718,2,1640,70124,517,1,900
1,7,718,2,1640,70125,517,1,300
1,7,718,2,1640,70126,516,1,1500
1,7,718,2,1640,70127,516,1,3700
1,7,718,2,1640,70127,517,1,900
1,7,718,2,1640,70128,516,1,100
1,7,718,2,1640,70130,517,1,300
1,7,715,2,780,70131,517,1,700
1,7,715,2,780,70133,517,1,6000
1,7,715,2,780,70134,517,1,1200
1,7,715,2,780,70136,516,1,1000
1,7,715,2,780,70136,517,1,700
1,7,715,2,780,70137,517,1,5000
1,7,715,2,780,70139,516,1,3000
1,7,715,2,780,70139,517,1,1500
1,7,715,2,780,70140,516,1,2000
1,7,715,2,780,70140,517,1,3000
1,7,715,1,294,70141,517,1,500
1,7,715,1,294,70143,516,1,900
1,7,715,1,294,70143,517,1,1600
1,7,715,1,294,70144,517,1,400
1,7,715,1,294,70146,516,1,1450
1,7,715,1,294,70150,516,1,1100
1,7,715,1,294,70150,517,1,600
1,7,713,2,304,70152,517,1,250
1,7,713,2,304,70153,516,1,2700
1,7,713,2,304,70153,517,1,900
1,7,713,2,304,70157,517,1,200
1,7,713,2,304,70158,517,1,1700
2,8,813,2,2094,80003,503,1,300
2,8,813,2,2094,80005,503,1,300
2,8,813,2,2094,80005,504,1,600
2,8,813,2,2094,80005,516,1,2000
2,8,813,2,2094,80006,503,1,300
2,8,813,2,2094,80007,501,1,1200
2,8,821,1,1448,80011,503,1,600
2,8,821,1,1448,80011,504,1,500
2,8,821,1,1448,80011,508,1,2000
2,8,821,1,1448,80011,516,1,1000
2,8,821,1,1448,80014,503,1,1000
2,8,821,1,1448,80017,504,1,600
2,8,821,1,1448,80018,503,1,2000
2,8,821,1,5062,80021,503,1,1400
2,8,821,1,5062,80022,503,1,400
2,8,821,1,5062,80022,515,1,1800
2,8,821,1,5062,80024,503,1,1200
2,8,821,1,5062,80024,504,1,600
2,8,821,1,5062,80026,508,1,3500
2,8,821,1,5062,80026,516,1,12000
2,8,821,1,5062,80028,503,1,1500
2,8,821,1,5062,80029,503,1,500
2,8,816,2,1270,80032,503,1,1000
2,8,816,2,1270,80035,503,1,400
2,8,803,1,944,80041,503,1,400
2,8,803,1,944,80047,503,1,400
2,8,803,1,944,80047,504,1,600
2,8,811,1,1558,80054,503,1,600
2,8,811,1,1558,80055,508,1,10000
2,8,811,2,390,80063,504,1,1200
2,8,811,2,390,80065,505,1,7500
2,8,802,2,1152,80072,504,1,500
2,8,802,2,1152,80072,516,1,1000
2,8,802,2,1152,80079,508,1,200
2,8,802,2,1152,80079,516,1,2000
2,8,802,2,1152,80079,517,1,2000
2,8,812,2,866,80085,503,1,600
2,8,805,2,46,80092,503,1,1000
2,8,805,2,46,80095,504,1,1000
2,8,805,2,46,80099,502,1,800
2,8,827,2,804,80102,503,1,600
2,8,827,2,804,80102,504,1,600
2,8,807,2,946,80113,505,1,2000
2,8,807,2,946,80115,504,1,100
2,8,807,2,946,80116,503,1,600
2,8,807,2,946,80118,508,1,10500
2,8,807,2,2396,80121,517,1,400
2,8,807,2,2396,80123,504,1,600
2,8,807,2,2396,80123,505,1,5000
2,8,807,2,1438,80131,503,1,400
2,8,807,2,1438,80131,505,1,16000
2,8,807,2,1438,80131,516,1,1000
2,8,807,2,1438,80134,503,1,600
2,8,807,2,1438,80135,504,1,1600
2,8,820,2,1030,80144,503,1,3000
2,8,820,2,1030,80150,504,1,1500
2,8,820,2,1030,80150,505,1,3000
2,8,824,2,768,80152,503,1,500
2,8,824,2,768,80156,503,1,4400
2,8,817,1,2476,80162,515,1,4000
2,8,817,1,2476,80162,516,1,120000
2,8,817,1,2476,80167,504,1,800
2,8,809,2,1748,80182,517,1,500
2,8,826,2,926,80193,503,1,2000
2,8,826,2,926,80193,504,1,600
2,8,826,2,926,80193,517,1,100
2,8,826,2,926,80194,504,1,600
2,8,826,2,926,80194,517,1,1000
2,8,826,2,926,80195,503,1,3000
2,8,826,2,926,80197,504,1,600
2,8,826,2,926,80199,504,1,600
2,8,815,2,362,80201,504,1,800
2,8,815,2,362,80202,503,1,500
5,9,908,1,278,90001,507,1,800
5,9,908,1,278,90002,505,1,12000
5,9,908,1,278,90007,517,1,40000
5,9,908,1,278,90010,502,1,1000
5,9,908,1,278,90010,503,1,1750
5,9,908,1,278,90010,506,1,2000
5,9,908,1,278,90010,508,1,950000
5,9,908,1,278,90010,516,1,10000
5,9,908,1,278,90010,517,1,400000
5,9,903,2,48,90020,503,1,400
5,9,915,1,1390,90021,517,1,20000
5,9,917,1,1254,90037,516,1,5000
5,9,917,1,1254,90037,517,1,3000
5,9,917,1,1254,90039,516,1,30000
5,9,917,1,1254,90039,517,1,20000
5,9,917,1,1254,90040,516,1,1200
5,9,917,1,1254,90040,517,1,20000
5,9,901,2,398,90041,517,1,10000
5,9,901,2,398,90047,516,1,5000
5,9,901,2,398,90047,517,1,2000
5,9,910,2,200,90052,517,1,5000
5,9,910,2,200,90054,503,1,400
5,9,910,2,200,90057,516,1,1000
5,9,910,2,200,90058,517,1,50000
5,9,907,2,1446,90066,516,1,2000
5,9,907,2,1446,90066,517,1,12000
5,9,907,2,1446,90068,508,1,50000
5,9,907,2,1446,90069,516,1,500
5,9,907,2,1446,90069,517,1,500
5,9,907,2,1446,90070,517,1,7000
5,9,912,2,102,90074,503,1,500
5,9,912,2,102,90076,508,1,4500
5,9,912,2,102,90077,505,1,15000
5,9,912,2,102,90079,516,1,3000
5,9,912,2,102,90079,517,1,5000
5,9,912,2,102,90080,517,1,4600
5,9,916,2,1068,90086,503,1,350
5,9,916,2,1068,90089,516,1,3000
5,9,916,2,1068,90089,517,1,2000
5,9,916,2,1068,90090,503,1,300
5,9,916,2,1068,90090,517,1,20000
5,9,918,2,834,90095,517,1,12000
5,9,918,2,834,90099,517,1,5000
5,9,905,2,978,90108,517,1,20000
5,9,905,2,978,90109,516,1,1500
5,9,905,2,978,90109,517,1,5000
5,9,905,2,978,90110,517,1,15000
5,9,914,2,1746,90112,507,1,15000
5,9,914,2,1746,90119,503,1,700
5,9,914,2,1746,90120,517,1,200
5,9,913,2,2266,90121,505,1,200
5,9,913,2,2266,90122,503,1,600
5,9,913,2,2266,90126,517,1,600
5,9,913,2,2266,90128,516,1,2000
5,9,913,2,2266,90128,517,1,500
5,9,913,2,2266,90129,503,1,600
5,10,1014,2,80,100002,501,1,1550
5,10,1008,2,1314,100039,517,1,300
5,10,1008,2,1718,100043,505,1,18000
5,10,1008,2,1718,100043,517,1,2100
5,10,1008,2,1718,100049,516,1,3000
5,10,1012,2,936,100061,508,1,17000
5,10,1012,2,936,100061,515,1,5000
5,10,1012,2,936,100061,516,1,1500
5,10,1012,2,936,100061,517,1,1000
5,10,1010,2,20,100071,501,1,1800
5,10,1010,2,20,100073,517,1,3000
5,10,1010,2,20,100074,517,1,3500
5,10,1010,2,20,100076,516,1,1000
5,10,1010,2,20,100077,504,1,2500
5,10,1010,2,20,100078,516,1,30000
5,10,1010,2,20,100078,517,1,20000
5,10,1010,2,20,100079,516,1,8000
5,10,1010,2,20,100079,517,1,15000
5,10,1010,2,20,100080,517,1,250
5,10,1005,2,1374,100085,517,1,2000
5,10,1005,2,1374,100087,517,1,500
5,10,1005,2,1374,100089,516,1,2000
5,10,1005,2,1374,100089,517,1,3000
5,10,1005,2,1374,100090,517,1,3800
5,10,1005,1,662,100093,516,1,1000
5,10,1005,1,662,100095,517,1,1000
5,10,1005,1,662,100096,516,1,2000
5,10,1005,1,662,100096,517,1,2500
5,10,1005,1,662,100098,516,1,500
5,10,1005,1,662,100098,517,1,600
5,10,1005,1,662,100100,516,1,1000
5,10,1018,2,898,100102,517,1,2000
5,10,1018,2,898,100108,517,1,200
5,10,1018,2,898,100109,517,1,1000
5,10,1018,2,898,100110,516,1,400
5,10,1018,1,634,100111,516,1,2000
5,10,1018,1,634,100114,517,1,6000
5,10,1018,1,634,100115,516,1,6000
5,10,1018,1,634,100115,517,1,2000
5,10,1018,1,634,100119,516,1,5000
5,10,1018,1,634,100119,517,1,4000
5,10,1018,1,634,100120,516,1,5000
5,10,1018,1,634,100120,517,1,10000
5,10,1020,1,38,100126,517,1,200
5,10,1020,1,38,100129,517,1,1500
5,10,1020,1,38,100130,516,1,15000
5,10,1020,1,38,100130,517,1,5000
5,10,1025,2,1774,100131,517,1,600
5,10,1025,2,1774,100133,517,1,2000
5,10,1025,2,1774,100139,516,1,200
5,10,1025,2,1774,100140,517,1,1200
4,11,1104,1,2028,110001,511,1,1250
4,11,1104,1,2028,110001,517,1,500
4,11,1104,1,2028,110005,517,1,10000
4,11,1104,1,2028,110006,516,1,4000
4,11,1112,2,1952,110013,517,1,2000
4,11,1112,2,78,110023,517,1,1800
4,11,1112,2,78,110026,507,1,4000
4,11,1110,2,714,110034,517,1,500
4,11,1110,2,2752,110043,517,1,2000
4,11,1110,2,2752,110044,517,1,2000
4,11,1110,2,2752,110049,517,1,80000
4,11,1108,2,492,110052,517,1,2000
4,11,1108,2,492,110058,503,1,600
4,11,1105,2,100,110063,517,1,3000
4,11,1105,2,100,110065,517,1,2500
4,11,1106,2,446,110072,517,1,500
4,11,1106,2,446,110075,517,1,500
4,11,1106,2,446,110079,503,1,250
4,11,1107,2,1034,110092,503,1,250
4,11,1107,2,1034,110093,517,1,30000
4,11,1107,2,1034,110098,517,1,1500
4,11,1113,2,954,110115,517,1,100000
4,11,1113,2,954,110118,517,1,2000
4,11,1102,2,936,110128,503,1,400
4,11,1101,2,154,110139,503,1,200
4,11,1101,2,154,110140,503,1,400
5,12,1211,1,2856,120001,511,1,2000
5,12,1211,1,2856,120004,503,1,350
5,12,1211,1,2856,120006,511,1,5000
5,12,1202,1,2146,120013,503,1,350
5,12,1202,1,2146,120015,503,1,350
5,12,1202,1,2146,120016,505,1,7000
5,12,1202,1,2146,120018,508,1,5000
5,12,1202,1,2710,120021,514,1,500
5,12,1202,1,2710,120024,511,1,3000
5,12,1202,1,2710,120025,508,1,5000
5,12,1202,1,2710,120030,517,1,5000
5,12,1212,1,1392,120033,511,1,4000
5,12,1212,1,1392,120034,501,1,11000
5,12,1212,1,1392,120036,503,1,400
5,12,1212,1,1392,120036,510,1,3000
5,12,1216,2,618,120060,503,1,1400
5,12,1210,2,462,120062,508,1,10000
5,12,1210,2,462,120068,503,1,400
5,12,1211,1,2220,120083,503,1,350
5,12,1214,2,452,120098,503,1,300
6,13,1314,1,6,130012,501,1,1400
6,13,1314,1,6,130012,502,1,900
6,13,1314,1,6,130017,509,1,1000
6,13,1303,1,626,130037,501,1,1500
6,13,1305,1,1232,130050,509,1,1500
6,13,1309,2,674,130054,511,1,5000
6,13,1309,2,674,130060,503,1,800
6,13,1305,2,10,130070,501,1,1000
6,13,1301,1,1206,130074,501,1,1200
4,14,1401,2,1116,140002,503,1,300
4,14,1401,2,1116,140006,517,1,100000
4,14,1401,2,1116,140007,505,1,11000
4,14,1401,2,1116,140010,517,1,200
4,14,1407,2,68,140013,502,1,260
4,14,1407,2,68,140017,517,1,50000
4,14,1408,2,1996,140029,502,1,200
4,14,1413,1,2578,140034,502,1,250
4,14,1413,1,2578,140035,502,1,350
4,14,1413,1,2578,140039,517,1,120000
4,14,1415,2,952,140049,502,1,200
4,14,1415,2,952,140050,502,1,260
4,14,1403,1,34,140055,502,1,1500
4,14,1403,1,34,140058,506,1,3000
4,14,1403,1,34,140058,507,1,3000
4,14,1403,1,34,140058,515,1,3000
4,14,1403,1,34,140060,511,1,20000
4,14,1406,2,694,140061,516,1,2000
4,14,1406,2,694,140061,517,1,2000
4,14,1406,2,694,140062,512,1,2500
4,14,1406,2,694,140062,513,1,2000
4,14,1406,2,694,140063,516,1,2000
4,14,1406,2,694,140063,517,1,1000
4,14,1406,2,694,140068,516,1,30000
4,14,1406,2,694,140069,502,1,280
4,14,1413,2,670,140073,517,1,25000
4,14,1413,2,670,140074,515,1,10000
4,14,1413,2,670,140074,516,1,50000
4,14,1413,2,670,140074,517,1,2000
4,14,1413,2,670,140075,516,1,2000
4,14,1413,2,670,140077,502,1,300
4,14,1413,2,670,140078,502,1,200
4,14,1410,2,236,140081,517,1,1000
4,14,1410,2,236,140082,517,1,500
4,14,1410,2,236,140083,516,1,500
4,14,1410,2,236,140083,517,1,1000
4,14,1410,2,236,140085,515,1,10000
4,14,1404,1,96,140097,501,1,1200
4,14,1408,2,968,140102,502,1,250
4,14,1408,2,968,140103,502,1,500
4,14,1408,2,968,140105,516,1,10000
4,14,1408,2,968,140105,517,1,50000
4,14,1411,2,1066,140120,503,1,250
4,14,1416,2,2314,140128,502,1,250
4,14,1415,2,156,140132,502,1,300
4,14,1415,2,156,140135,510,1,3500
2,15,1506,1,398,150001,508,1,2700
2,15,1506,1,398,150002,503,1,1000
2,15,1506,1,398,150002,508,1,15000
2,15,1506,1,398,150006,516,1,500
2,15,1506,1,398,150008,503,1,900
2,15,1506,1,398,150008,505,1,3800
2,15,1506,1,398,150008,508,1,1500
2,15,1508,2,1682,150015,502,1,600
2,15,1508,2,1682,150015,503,1,700
2,15,1508,2,1682,150015,504,1,800
2,15,1508,2,1682,150019,506,1,250
2,15,1511,2,1938,150023,508,1,27000
2,15,1511,2,1938,150025,508,1,2300
2,15,1511,2,1938,150028,505,1,200
2,15,1502,2,590,150034,501,1,500
2,15,1502,2,590,150037,505,1,300
2,15,1510,2,616,150041,505,1,400
2,15,1510,2,616,150045,505,1,250
2,15,1510,2,616,150048,505,1,250
2,15,1507,2,458,150053,516,1,200
2,15,1507,2,458,150055,504,1,250
2,15,1507,2,458,150055,515,1,5000
2,15,1507,2,458,150055,516,1,2000
2,15,1503,2,634,150061,516,1,1000
2,15,1503,2,634,150066,516,1,2000
2,15,1503,2,634,150068,516,1,3000
2,15,1506,1,148,150072,505,1,1800
2,15,1506,1,148,150074,515,1,2500
2,15,1506,1,148,150077,504,1,1400
4,16,1626,2,1546,160001,502,1,300
4,16,1626,2,1546,160001,508,1,60000
4,16,1626,2,1546,160002,516,1,300000
4,16,1613,2,440,160052,501,1,1000
4,16,1616,2,296,160064,511,1,10000
4,16,1616,2,296,160066,501,1,2000
4,16,1618,2,1060,160086,501,1,2500
4,16,1618,2,1060,160086,503,1,700
4,16,1601,2,954,160095,502,1,300
4,16,1601,2,954,160098,509,1,800
4,16,1610,2,1006,160104,505,1,10000
4,16,1610,2,1006,160104,509,1,200
4,16,1610,2,1006,160104,517,1,600
4,16,1624,1,286,160106,509,1,1000
4,16,1603,2,158,160111,508,1,6000
4,16,1625,2,1210,160141,509,1,2400
4,16,1625,2,1210,160141,517,1,640000
4,16,1605,2,180,160144,508,1,5000
4,16,1608,2,1104,160165,517,1,200000
4,16,1612,2,108,160174,501,1,7200
4,16,1612,2,108,160174,511,1,13500
3,17,1722,2,96,170049,505,1,4000
3,17,1710,2,546,170065,505,1,10000
3,18,1804,1,2690,180007,506,1,1000
3,18,1809,1,1272,180011,501,1,2800
3,18,1809,1,1272,180014,516,1,300
3,18,1809,1,1272,180015,516,1,6000
3,18,1809,1,1272,180015,517,1,5000
3,18,1809,1,1272,180019,503,1,2000
3,18,1809,1,1272,180019,508,1,3000
3,18,1823,1,1822,180021,511,1,500
3,18,1823,1,1822,180024,516,1,100
3,18,1823,1,1822,180026,516,1,800
3,18,1823,1,1822,180026,517,1,200
3,18,1823,1,1822,180029,505,1,25000
3,18,1823,1,1822,180030,516,1,2500
3,18,1803,2,840,180032,516,1,2300
3,18,1803,2,840,180032,517,1,300
3,18,1803,2,840,180034,501,1,800
3,18,1803,2,840,180034,502,1,1000
3,18,1803,2,840,180034,503,1,1000
3,18,1803,2,840,180034,505,1,20000
3,18,1803,2,840,180034,515,1,25000
3,18,1803,2,840,180034,516,1,15000
3,18,1803,2,840,180035,507,1,40
3,18,1803,2,840,180036,510,1,200
3,18,1803,2,840,180037,516,1,300
3,18,1803,2,840,180037,517,1,100
3,18,1803,2,840,180039,504,1,700
3,18,1816,1,378,180045,515,1,50000
3,18,1816,1,378,180045,516,1,7000
3,18,1816,1,378,180047,501,1,750
3,18,1816,1,378,180047,502,1,1500
3,18,1816,1,378,180047,515,1,22000
3,18,1816,1,378,180047,516,1,13500
3,18,1816,1,378,180048,516,1,1800
3,18,1805,2,534,180058,516,1,15000
3,18,1820,2,450,180091,503,1,1200
3,18,1820,2,450,180094,516,1,5000
3,18,1820,2,450,180094,517,1,300
3,18,1820,2,450,180097,516,1,800
3,18,1820,2,450,180100,502,1,800
3,18,1822,2,1654,180101,515,1,50000
3,18,1822,2,1654,180101,516,1,5000
3,18,1822,2,1654,180103,516,1,4000
3,18,1822,2,1654,180104,508,1,8700
3,18,1822,2,1654,180105,508,1,10000
3,18,1822,2,1654,180107,516,1,2600
3,18,1814,2,678,180112,503,1,1800
3,18,1814,2,678,180112,504,1,1600
3,18,1814,2,678,180112,516,1,3000
3,18,1814,2,678,180113,516,1,45000
3,18,1814,2,678,180117,503,1,800
3,18,1814,2,678,180117,516,1,100000
3,19,1921,1,842,190014,505,1,10000
3,19,1937,2,432,190051,504,1,200
3,19,1937,2,432,190051,505,1,80
3,19,1936,2,1994,190063,508,1,1500
3,19,1925,1,2858,190101,503,1,1500
3,19,1925,1,2858,190101,504,1,800
3,19,1925,1,2858,190107,504,1,400
3,19,1925,1,2858,190107,508,1,2500
3,19,1925,1,2858,190107,510,1,370
3,19,1912,1,1510,190114,516,1,2000
3,19,1912,1,1510,190115,504,1,500
3,19,1912,1,1510,190118,508,1,400
3,19,1912,1,1510,190118,516,1,4600
3,19,1905,2,1290,190122,504,1,1800
3,19,1910,2,808,190134,501,1,950
3,19,1934,2,386,190154,508,1,700
3,19,1934,2,386,190155,508,1,6500
3,19,1934,2,386,190159,516,1,4000
3,19,1934,2,386,190160,504,1,900
3,19,1919,2,366,190165,508,1,6000
3,19,1919,2,366,190168,516,1,6000
3,19,1932,2,562,190182,501,1,800
3,19,1932,2,562,190182,503,1,500
3,19,1932,2,562,190182,508,1,1000
3,19,1932,2,562,190182,516,1,2500
3,19,1923,2,284,190193,503,1,500
3,19,1923,2,284,190194,504,1,1550
3,19,1923,2,284,190198,504,1,900
3,19,1923,2,284,190198,508,1,5800
3,20,2001,2,1354,200097,505,1,10000
3,20,2025,2,760,200104,508,1,1700
3,20,2025,2,760,200106,503,1,540
3,20,2025,2,760,200107,501,1,1200
3,20,2025,2,760,200110,507,1,500
3,20,2025,2,760,200110,508,1,2000
3,20,2025,2,1304,200114,508,1,2000
3,20,2019,2,344,200129,501,1,1500
3,20,2019,2,344,200129,507,1,500
3,20,2019,2,344,200129,509,1,400
3,20,2019,2,344,200129,511,1,1600
3,20,2019,2,344,200129,512,1,1200
3,20,2009,2,240,200131,505,1,15000
3,20,2008,2,1474,200148,503,1,500
3,20,2013,2,1232,200151,503,1,600
3,20,2013,2,1232,200151,504,1,1500
3,20,2013,2,1232,200151,505,1,6500
3,20,2013,2,1232,200151,516,1,100000
3,20,2028,2,498,200164,505,1,1800
3,20,2028,2,498,200168,508,1,4500
3,20,2012,1,844,200184,504,1,500
3,20,2012,1,844,200185,516,1,4000
3,21,2106,2,2822,210001,505,1,12000
3,21,2106,2,2822,210003,501,1,10000
3,21,2106,2,2822,210003,502,1,2500
3,21,2106,2,2822,210003,503,1,2000
3,21,2106,2,2822,210003,508,1,50000
3,21,2106,2,2822,210003,515,1,30000
3,21,2106,2,2822,210003,516,1,5000
3,21,2106,2,2822,210003,517,1,75000
3,21,2106,2,2822,210008,503,1,2200
3,21,2106,2,2822,210010,501,1,5000
3,21,2106,2,2822,210010,502,1,400
3,21,2106,2,2822,210010,508,1,30000
3,21,2106,2,236,210012,508,1,3890
3,21,2106,2,236,210016,503,1,350
3,21,2119,2,2146,210048,515,1,25000
3,21,2119,2,2146,210048,516,1,80000
3,21,2115,2,926,210054,508,1,20000
3,21,2102,2,1124,210087,505,1,7000
3,21,2111,2,180,210093,504,1,500
3,21,2111,2,180,210096,503,1,500
1,22,2216,1,428,220025,516,1,3000
1,22,2201,2,422,220035,503,1,600
1,22,2209,1,792,220041,516,1,10000
1,22,2209,1,792,220041,517,1,2000
1,22,2209,1,792,220042,516,1,1800
1,22,2220,1,1296,220055,516,1,1000
1,22,2205,2,664,220071,502,1,1000
1,22,2205,2,664,220072,503,1,450
1,22,2205,2,664,220077,503,1,600
1,22,2205,2,664,220079,517,1,40000
1,22,2214,2,1354,220082,516,1,8000
1,22,2203,2,530,220107,503,1,400
1,23,2308,1,5180,230007,505,1,14500
1,23,2308,1,5180,230009,508,1,60000
1,23,2307,1,78,230027,515,1,5000
1,23,2307,1,78,230027,516,1,40000
1,23,2307,1,78,230028,516,1,8000
1,23,2307,1,78,230029,508,1,8000
1,23,2306,1,970,230036,516,1,500
1,23,2306,1,970,230039,502,1,600
1,23,2308,1,556,230042,516,1,1500
1,23,2308,1,556,230046,516,1,400
1,23,2309,2,998,230068,501,1,2500
1,23,2304,2,322,230074,502,1,600
1,23,2304,2,322,230077,516,1,1500
1,23,2304,2,322,230078,508,1,360000
1,23,2316,1,140,230104,504,1,800
1,23,2303,2,2348,230113,502,1,600
1,23,2303,2,2348,230113,504,1,500
6,24,2415,1,696,240005,509,1,1500
6,24,2415,1,696,240008,509,1,1500
6,24,2403,1,1588,240011,509,1,3000
6,24,2403,1,1588,240013,505,1,3500
6,24,2403,1,1588,240014,509,1,1200
6,24,2403,1,1588,240017,517,1,5000
6,24,2403,1,3592,240024,509,1,1800
6,24,2403,1,674,240038,509,1,1600
6,24,2401,1,766,240041,506,1,350
6,24,2401,1,766,240041,509,1,800
6,24,2401,1,766,240044,507,1,100
6,24,2401,1,766,240044,509,1,4000
6,24,2401,1,766,240045,501,1,2000
6,24,2401,1,766,240046,517,1,100000
6,24,2403,1,7586,240051,509,1,1000
6,24,2403,1,7586,240060,510,1,1500
6,24,2420,1,402,240065,508,1,4000
6,24,2420,1,402,240069,509,1,1500
6,24,2420,1,402,240070,502,1,100
6,24,2420,1,402,240070,503,1,370
6,24,2418,1,1770,240075,509,1,800
6,24,2418,1,1770,240078,509,1,1500
6,24,2419,1,330,240084,510,1,2400
6,24,2419,1,330,240088,501,1,2000
6,24,2419,1,330,240089,507,1,210
6,24,2419,1,330,240089,509,1,1500
6,24,2417,1,112,240101,509,1,3000
6,24,2417,1,112,240102,509,1,750
6,24,2417,1,112,240109,510,1,500
6,24,2405,1,134,240117,509,1,2500
6,24,2413,1,306,240124,508,1,2200
6,24,2413,1,306,240127,509,1,800
6,24,2413,1,306,240130,510,1,2000
6,24,2408,1,2074,240141,508,1,50000
6,24,2408,1,2074,240141,511,1,6000
6,24,2408,1,2074,240150,508,1,28000
6,24,2411,1,788,240155,509,1,1500
6,24,2407,2,396,240169,511,1,3000
1,25,2508,1,2788,250003,503,1,300
1,25,2508,1,2788,250003,505,1,23000
1,25,2508,1,2788,250005,505,1,6000
1,25,2508,1,2788,250006,508,1,270000
1,25,2504,2,222,250015,501,1,20000
1,25,2513,2,128,250041,517,1,3000
1,25,2513,2,128,250045,508,1,180000
1,25,2513,2,128,250049,503,1,1200
1,26,2606,1,516,260002,501,1,6500
1,26,2606,1,516,260002,502,1,1200
1,26,2606,1,516,260002,503,1,700
1,26,2606,1,516,260002,506,1,2500
1,26,2606,1,516,260002,508,1,4800
1,26,2606,1,516,260007,505,1,12000
1,26,2623,2,1688,260015,503,1,500
1,26,2623,2,1688,260015,508,1,80000
1,26,2623,2,1688,260017,501,1,15000
1,26,2623,2,1688,260017,505,1,40000
1,26,2623,2,1688,260018,509,1,1200
1,26,2618,2,1276,260025,503,1,500
1,26,2618,2,1276,260025,504,1,30
1,26,2618,2,494,260033,504,1,500
1,26,2618,2,494,260034,504,1,300
1,26,2618,2,494,260035,508,1,2000
1,26,2618,2,494,260037,503,1,25
1,26,2618,2,494,260037,511,1,6000
1,26,2621,1,940,260041,501,1,3000
1,26,2621,1,940,260041,511,1,5000
1,26,2621,1,940,260044,502,1,800
1,26,2621,1,940,260044,503,1,600
1,26,2621,1,940,260049,509,1,50
1,26,2615,2,2178,260064,503,1,600
1,26,2615,2,2178,260066,504,1,35
1,26,2615,2,2178,260069,504,1,40
1,26,2615,2,2178,260069,510,1,100
1,26,2605,2,594,260091,509,1,3000
1,26,2605,2,594,260091,516,1,100000
1,26,2605,2,594,260091,517,1,400
1,26,2605,2,594,260092,503,1,800
1,26,2605,2,594,260092,505,1,4000
1,26,2605,2,594,260093,501,1,2500
1,26,2605,2,594,260094,508,1,2000
1,26,2605,2,594,260095,503,1,800
1,26,2605,2,594,260100,503,1,700
1,26,2603,1,1786,260103,504,1,250
1,26,2603,1,1786,260103,505,1,8000
1,26,2603,1,1786,260104,517,1,1000
1,26,2603,1,1786,260106,503,1,600
1,26,2603,1,1786,260106,505,1,10000
1,26,2603,1,1786,260108,505,1,9000
1,26,2603,1,1786,260109,503,1,500
1,26,2603,1,658,260113,505,1,10000
1,26,2603,1,658,260114,512,1,10000
1,26,2603,1,658,260114,516,1,30000
1,26,2603,1,658,260119,501,1,3000
1,26,2603,1,658,260119,505,1,10000
1,26,2613,2,2248,260124,505,1,10000
1,26,2613,2,2248,260127,516,1,1000
1,26,2613,2,2248,260128,508,1,2000
1,26,2613,2,2248,260128,516,1,30000
1,26,2613,2,2248,260130,505,1,9000
1,26,2608,2,820,260136,516,1,1000
1,26,2608,2,820,260137,503,1,700
1,26,2608,2,820,260138,505,1,900
1,26,2608,2,820,260139,501,1,2000
1,26,2608,2,820,260139,503,1,600
1,26,2608,2,820,260140,503,1,700
1,26,2608,2,820,260140,505,1,9000
1,26,2601,2,822,260142,516,1,4000
1,26,2601,2,822,260143,501,1,4000
1,26,2601,2,822,260149,503,1,1600
1,26,2601,2,822,260149,505,1,15000
1,26,2613,2,1462,260157,503,1,100
1,26,2613,2,1462,260157,516,1,2000
1,26,2613,2,1462,260160,505,1,900
1,26,2616,2,254,260165,503,1,700
1,26,2616,2,254,260165,505,1,900
1,26,2625,2,926,260175,505,1,7000
1,26,2625,2,926,260180,503,1,1400
6,27,2709,1,1646,270031,504,1,6000
6,27,2711,1,710,270060,503,1,300
6,27,2703,1,1612,270063,517,1,10000
6,27,2719,2,100,270082,517,1,200000
6,28,2806,1,802,280001,509,1,800
6,28,2806,1,164,280011,507,1,1500
6,28,2806,1,164,280011,508,1,10000
6,28,2806,1,164,280013,505,1,12000
6,28,2806,1,164,280014,501,1,7000
6,28,2806,1,164,280017,508,1,1200
6,28,2806,1,164,280020,507,1,1400
6,28,2816,1,2302,280025,517,1,70000
6,28,2804,1,340,280035,505,1,9500
6,28,2804,1,340,280035,516,1,2000
6,28,2804,1,340,280038,503,1,300
6,28,2802,2,566,280042,503,1,200
6,28,2802,2,566,280048,501,1,13000
6,28,2802,2,566,280048,517,1,120000
6,28,2816,2,3944,280075,508,1,40
6,28,2816,2,3944,280078,505,1,300
6,28,2814,1,1876,280084,503,1,400
6,28,2814,1,1876,280084,505,1,12500
6,28,2814,1,1876,280084,515,1,5000
6,28,2814,1,1876,280084,516,1,250000
6,28,2810,2,2394,280091,501,1,2000
6,28,2810,2,2394,280099,507,1,2500
6,28,2810,1,3722,280102,501,1,15000
6,28,2810,1,3722,280102,507,1,850
6,28,2810,1,3722,280103,501,1,5500
6,28,2807,2,1266,280126,504,1,3000
6,28,2807,2,1266,280130,504,1,3000
6,29,2930,1,530,290009,502,1,400
6,29,2927,1,1124,290012,501,1,800
6,29,2927,1,1124,290012,515,1,5000
6,29,2927,1,1124,290012,516,1,80000
6,29,2927,1,1124,290015,506,1,500
6,29,2930,1,1418,290023,514,1,1000
6,29,2930,1,1418,290026,501,1,2000
6,29,2930,1,1418,290026,503,1,600
6,29,2930,1,1300,290036,516,1,1500
6,29,2930,1,1300,290037,501,1,1200
6,29,2930,1,1300,290037,503,1,250
6,29,2930,1,1300,290038,501,1,2100
6,29,2930,1,1300,290039,501,1,2000
6,29,2930,1,1300,290040,501,1,1200
6,29,2909,2,220,290045,503,1,2000
6,29,2909,2,220,290046,517,1,10000
6,29,2909,2,220,290049,503,1,500
6,29,2918,1,952,290052,501,1,1200
6,29,2918,1,952,290052,504,1,120
6,29,2918,1,952,290059,503,1,800
6,29,2918,1,952,290060,508,1,350000
6,29,2910,1,350,290082,517,1,40000
6,29,2910,1,350,290084,502,1,400
6,29,2910,1,350,290087,516,1,140000
6,29,2911,1,746,290092,517,1,5000
6,29,2911,2,1870,290104,508,1,7500
6,29,2911,2,1870,290107,501,1,1800
6,29,2911,2,1870,290108,508,1,15000
6,29,2911,2,1870,290108,516,1,20000
6,29,2911,2,1870,290110,502,1,450
6,29,2923,2,1126,290113,516,1,20000
6,29,2923,2,1126,290117,508,1,16500
6,29,2923,2,1126,290117,516,1,400000
6,29,2923,2,1126,290117,517,1,54000
6,29,2923,1,396,290130,501,1,2400
6,29,2902,1,1028,290135,511,1,1850
6,29,2902,1,1028,290135,516,1,5000
6,29,2920,1,506,290150,501,1,4200
6,29,2920,1,1210,290151,508,1,200000
6,29,2920,1,1210,290151,517,1,23000
6,29,2920,1,1210,290152,516,1,5000
6,29,2920,1,1210,290154,507,1,200
6,29,2914,1,214,290162,511,1,2850
6,29,2920,2,1628,290172,503,1,800
6,29,2920,2,1628,290176,517,1,30000
6,29,2920,2,1628,290177,517,1,1000
6,29,2920,2,1628,290178,503,1,400
6,29,2920,2,1628,290178,504,1,2000
6,29,2920,2,1628,290178,516,1,10000
6,29,2920,2,1628,290179,505,1,19200
6,30,3009,1,764,300003,503,1,1500
6,30,3009,1,764,300005,509,1,260
6,30,3009,1,764,300010,507,1,1000
6,30,3007,1,1624,300016,517,1,5000
6,30,3014,2,120,300042,504,1,1000
6,30,3014,2,120,300044,503,1,1200
6,30,3014,2,120,300044,504,1,700
6,30,3014,2,120,300045,503,1,4600
6,30,3014,2,120,300048,502,1,700
6,30,3014,2,120,300048,503,1,400
6,30,3014,2,120,300050,502,1,1200
6,30,3014,2,120,300050,503,1,1500
6,30,3014,2,120,300050,504,1,450
6,30,3024,1,1924,300055,508,1,200000
6,30,3024,1,1406,300062,502,1,1000
6,30,3024,1,1406,300062,508,1,3000
6,30,3025,1,2052,300074,509,1,75000
6,30,3005,1,2870,300083,517,1,6000
6,30,3005,1,2870,300084,503,1,1000
6,30,3005,1,2870,300085,502,1,500
6,30,3005,1,2870,300085,503,1,1000
6,30,3005,1,2870,300088,516,1,150000
6,30,3005,1,2942,300092,508,1,65000
6,30,3005,1,2942,300092,517,1,150000
6,30,3005,1,2942,300096,505,1,6700
6,30,3005,1,2942,300097,508,1,10000
6,30,3005,1,2942,300100,508,1,50000
6,30,3009,1,1642,300111,508,1,12000
6,30,3009,1,1642,300111,509,1,460
6,30,3020,1,322,300127,508,1,700000
6,30,3020,1,322,300127,511,1,500
6,30,3020,1,322,300129,511,1,24000
6,30,3020,1,322,300129,513,1,5000
6,30,3020,1,322,300130,506,1,2500
6,30,3002,1,1310,300131,501,1,4500
6,30,3002,1,1310,300136,501,1,1500
6,30,3002,1,1310,300136,511,1,500
6,30,3002,1,1310,300136,514,1,1500
6,30,3030,1,946,300154,517,1,1000
6,30,3016,1,390,300165,504,1,300
6,30,3016,1,390,300165,508,1,150000
6,30,3015,2,1688,300193,516,1,5000
6,30,3032,1,1088,300202,508,1,50000
6,30,3032,1,1088,300202,516,1,10000
6,30,3032,1,1088,300207,501,1,5400
6,30,3032,1,1088,300210,511,1,4000
6,30,3032,1,1088,300210,514,1,5000
1,31,3105,1,2914,310010,503,1,500
1,31,3101,2,604,310011,509,1,650
1,31,3101,2,604,310012,502,1,700
1,31,3101,2,604,310014,502,1,500
1,31,3101,2,604,310014,503,1,600
1,31,3101,2,604,310016,516,1,5000
1,31,3101,2,604,310017,517,1,205000
1,31,3115,2,680,310022,516,1,5000
1,31,3115,2,680,310028,502,1,500
1,31,3115,2,680,310028,503,1,300
1,31,3115,2,680,310028,505,1,7000
1,31,3115,2,680,310028,508,1,40000
1,31,3115,2,680,310028,516,1,3000
1,31,3115,2,680,310028,517,1,5000
1,31,3115,2,680,310030,508,1,6800
1,31,3111,2,2966,310032,505,1,6000
1,31,3111,2,2966,310034,516,1,5000
1,31,3107,1,724,310055,503,1,2000
1,31,3107,1,724,310055,505,1,26000
1,31,3107,1,724,310057,503,1,1800
1,31,3109,2,1026,310075,503,1,500
1,31,3103,2,874,310103,516,1,8000
1,31,3103,2,874,310108,508,1,10500
1,31,3103,2,874,310110,516,1,3000
5,32,3215,1,2978,320001,508,1,100000
5,32,3222,1,2780,320013,505,1,15000
5,32,3222,1,2780,320014,502,1,200
5,32,3222,1,2780,320017,516,1,20000
5,32,3215,1,1896,320067,502,1,600
5,32,3215,1,1896,320068,502,1,1200
5,32,3215,1,1896,320069,502,1,500
5,32,3215,1,1896,320071,502,1,800
5,32,3215,1,1896,320071,505,1,10000
5,32,3215,1,1896,320072,503,1,350
5,32,3206,2,276,320074,502,1,1600
5,32,3206,2,276,320075,502,1,1000
5,32,3206,2,276,320076,502,1,350
5,32,3206,2,276,320080,517,1,15000
5,32,3206,2,276,320082,517,1,10000
5,32,3208,2,2244,320084,502,1,500
5,32,3208,2,2244,320091,517,1,8000
5,32,3208,2,2244,320092,502,1,450
5,32,3204,1,346,320095,502,1,300
5,32,3204,1,346,320095,517,1,90000
5,32,3204,1,346,320097,501,1,4000
5,32,3204,1,346,320097,503,1,500
5,32,3204,1,346,320098,501,1,1500
5,32,3204,1,346,320098,502,1,1200
5,32,3201,2,2034,320104,517,1,3000
5,32,3201,2,2034,320106,503,1,400
5,32,3222,1,1624,320108,517,1,500
5,32,3222,1,1624,320112,502,1,700
5,32,3222,1,1624,320112,504,1,700
5,32,3201,2,2034,320117,502,1,700
5,32,3201,2,2034,320118,517,1,200000
5,32,3201,2,2034,320119,502,1,1000
5,32,3201,2,2034,320120,503,1,300
5,32,3203,2,2644,320127,502,1,1400
5,32,3203,2,2644,320128,502,1,700
5,32,3203,2,2644,320128,517,1,400000
5,32,3202,2,84,320135,503,1,300
5,32,3202,2,84,320135,517,1,2000
5,32,3202,2,84,320138,503,1,600
5,32,3202,2,84,320140,502,1,1000
5,32,3216,2,1184,320144,503,1,300
5,32,3216,2,1184,320144,517,1,2000
5,32,3216,2,1184,320147,502,1,1000
5,32,3216,2,1184,320148,501,1,18000
5,32,3221,2,132,320166,517,1,2000
5,32,3216,2,1184,320189,517,1,45000
5,32,3207,2,1464,320201,502,1,800
5,32,3207,2,1464,320202,503,1,300
5,32,3207,2,1464,320202,517,1,3500
3,33,3321,1,1182,330002,504,1,3500
3,33,3321,1,1182,330004,502,1,80000
3,33,3321,1,1182,330004,503,1,900
3,33,3321,1,1182,330005,501,1,1000
3,33,3321,1,1182,330005,503,1,300
3,33,3321,1,1182,330005,506,1,600
3,33,3321,1,1182,330005,508,1,4050
3,33,3311,1,702,330018,503,1,300
3,33,3311,1,702,330019,503,1,200
3,33,3304,2,418,330068,503,1,600
3,33,3307,2,688,330071,504,1,1000
3,33,3307,2,688,330071,508,1,345000
3,33,3307,2,688,330072,501,1,2000
2,34,3401,2,526,340001,501,1,300
2,34,3401,2,526,340001,515,1,6000
2,34,3401,2,526,340001,516,1,5000
2,34,3401,2,526,340001,517,1,1100
2,34,3401,2,526,340004,516,1,60000
2,34,3401,2,526,340006,503,1,1000
2,34,3401,2,526,340006,517,1,200
2,34,3401,2,526,340009,517,1,1500
2,34,3415,2,268,340018,517,1,100
2,34,3405,2,1706,340024,516,1,3500
2,34,3405,2,1706,340025,516,1,20000
2,34,3405,2,1706,340025,517,1,2000
2,34,3405,2,456,340039,517,1,10000
2,34,3405,2,456,340040,516,1,1500
2,34,3410,2,42,340043,515,1,15000
2,34,3410,2,42,340043,516,1,5000
2,34,3410,2,42,340044,516,1,10000
2,34,3410,2,42,340044,517,1,5000
2,34,3410,2,42,340049,517,1,1000
2,34,3412,2,156,340051,515,1,5000
2,34,3412,2,156,340051,516,1,5000
2,34,3412,2,156,340052,516,1,10000
2,34,3412,2,156,340052,517,1,50000
2,34,3412,2,156,340054,516,1,5000
2,34,3412,2,156,340054,517,1,3000
2,34,3412,2,156,340057,516,1,4000
2,34,3412,2,156,340057,517,1,2000
2,34,3412,2,156,340060,516,1,2000
2,34,3412,2,156,340060,517,1,500
2,34,3413,2,262,340061,517,1,500
2,34,3413,2,262,340064,517,1,3000
2,34,3413,2,262,340065,517,1,2000
2,34,3413,2,262,340068,516,1,2500
2,34,3413,2,262,340068,517,1,500
2,34,3413,2,262,340070,517,1,1000
2,34,3408,2,870,340082,517,1,3000
2,34,3408,2,870,340084,505,1,5000
2,34,3408,2,870,340084,516,1,15000
2,34,3408,2,870,340084,517,1,6000
2,34,3408,2,870,340085,516,1,4000
2,34,3408,2,870,340085,517,1,8000
2,34,3408,2,870,340090,516,1,30000
2,34,3408,2,870,340090,517,1,10000
2,35,3503,1,54,350004,503,1,
2,35,3503,1,54,350009,503,1,1500
2,35,3515,2,316,350023,503,1,1600
2,35,3515,2,316,350025,503,1,1200
2,35,3516,2,1632,350035,503,1,800
2,35,3506,2,1040,350045,504,1,400
2,35,3506,2,1040,350049,503,1,400
2,35,3511,2,1646,350058,503,1,
2,35,3513,1,1278,350077,503,1,1000
2,35,3501,1,702,350095,504,1,1200
2,35,3501,1,702,350100,504,1,2500
2,35,3509,2,1310,350101,503,1,8000
3,36,3605,2,240,360011,508,1,35000
3,36,3605,2,240,360020,503,1,400
3,36,3608,2,2078,360034,505,1,12000
3,36,3613,2,1066,360046,503,1,600
3,36,3613,2,1066,360046,504,1,13000
3,36,3610,2,1826,360052,503,1,600
3,36,3610,2,1826,360052,505,1,12000
3,36,3610,2,1826,360053,516,1,2000
3,36,3610,2,1826,360056,515,1,100000
3,36,3610,2,1826,360056,516,1,50000
3,36,3612,1,1474,360072,515,1,50000
3,36,3612,1,1474,360072,516,1,20000
1,37,3706,1,4144,370001,511,1,5000
1,37,3706,1,4144,370001,516,1,3000
1,37,3706,1,4144,370003,511,1,5000
1,37,3706,1,4144,370003,516,1,3000
1,37,3706,1,4144,370005,511,1,5000
1,37,3706,1,4144,370008,510,1,3000
1,37,3706,1,4144,370008,511,1,500
1,37,3706,1,4144,370008,516,1,3000
1,37,3706,1,156,370012,517,1,600
1,37,3706,1,156,370017,517,1,450
1,37,3706,1,156,370019,516,1,2500
1,37,3706,1,156,370020,516,1,1200
1,37,3706,1,156,370020,517,1,1000
1,37,3702,1,972,370022,516,1,5000
1,37,3702,1,972,370023,511,1,5000
1,37,3702,1,972,370023,516,1,5000
1,37,3702,1,972,370023,517,1,2000
1,37,3702,1,972,370026,511,1,5000
1,37,3702,1,972,370028,511,1,5000
1,37,3702,1,972,370030,511,1,5000
1,37,3702,1,972,370030,516,1,2500
1,37,3702,1,972,370030,517,1,500
1,37,3706,2,6,370031,504,1,1200
1,37,3706,2,6,370031,516,1,8000
1,37,3706,2,6,370031,517,1,3000
1,37,3706,2,6,370032,508,1,10000
1,37,3706,2,6,370032,515,1,500
1,37,3706,2,6,370032,516,1,1000
1,37,3706,2,6,370034,503,1,500
1,37,3706,2,6,370034,516,1,1000
1,37,3706,2,6,370034,517,1,200
1,37,3706,2,6,370035,504,1,600
1,37,3706,2,6,370037,504,1,600
1,37,3706,2,6,370038,504,1,1200
1,37,3706,2,6,370038,516,1,1000
1,37,3706,2,6,370038,517,1,500
1,37,3706,2,6,370039,516,1,3000
1,37,3706,2,6,370039,517,1,2000
1,37,3706,2,6,370040,504,1,1200
1,37,3706,2,6,370040,516,1,2000
1,37,3706,2,6,370040,517,1,500
