"zone","state","lga","sector","ea","hhid","item_cd","s10cq9","s10cq10"
4,1,106,2,880,10025,1,1,1
4,1,111,1,1146,10031,1,1,1
4,1,107,2,1044,10063,2,2,4
4,1,117,2,560,10075,1,3,7
4,1,117,2,560,10075,2,4,3
4,1,117,2,560,10075,3,2,2
2,2,209,2,1040,20002,1,3,4
2,2,209,2,1040,20002,2,4,16
2,2,209,2,1040,20002,3,7,20
2,2,209,2,1040,20002,4,1,1
2,2,209,2,1040,20009,2,2,
2,2,221,2,18,20011,2,7,2
2,2,221,2,18,20011,3,7,2
2,2,221,2,18,20013,1,7,7
2,2,221,2,18,20013,2,7,7
2,2,221,2,18,20013,3,3,2
2,2,221,2,18,20018,1,6,3
2,2,221,2,18,20019,2,7,1
2,2,221,2,18,20019,3,7,1
2,2,201,2,60,20022,3,4,8
2,2,201,2,60,20023,1,2,3
2,2,201,2,60,20023,2,7,3
2,2,201,2,60,20024,2,2,1
2,2,201,2,60,20024,3,3,3
2,2,201,2,60,20024,4,3,4
2,2,201,2,60,20028,1,7,1
2,2,201,2,60,20028,2,2,2
2,2,216,2,200,20034,4,7,21
2,2,216,2,200,20036,2,3,4
2,2,216,2,200,20039,1,5,2
2,2,216,2,200,20039,2,7,2
2,2,216,2,200,20039,3,7,2
2,2,216,2,200,20039,4,7,2
2,2,203,2,1224,20044,1,3,6
2,2,203,2,1224,20044,2,2,2
2,2,203,2,1224,20044,3,4,8
2,2,203,2,1224,20044,4,7,7
2,2,203,2,1224,20045,2,3,3
2,2,203,2,1224,20045,3,2,3
2,2,203,2,1224,20046,3,4,6
2,2,203,2,1224,20046,4,1,3
2,2,212,2,956,20053,3,7,2
2,2,212,2,956,20054,1,4,4
2,2,212,2,956,20057,2,2,3
2,2,212,2,956,20060,1,3,3
2,2,212,2,956,20060,2,4,2
2,2,210,2,1300,20061,1,2,3
2,2,210,2,1300,20061,4,2,7
2,2,210,2,1300,20070,1,2,14
2,2,210,2,1300,20070,3,5,8
2,2,214,2,898,20074,2,7,2
2,2,214,2,898,20074,3,7,2
2,2,214,2,898,20077,3,7,1
2,2,215,1,8,20084,3,7,1
2,2,207,2,1302,20092,3,7,2
2,2,207,2,1302,20095,2,3,6
2,2,205,2,712,20102,2,7,1
2,2,205,2,712,20106,2,3,5
2,2,205,2,712,20106,3,4,10
2,2,205,2,712,20109,1,3,5
2,2,205,2,712,20109,2,2,6
2,2,205,2,712,20110,2,2,5
2,2,218,2,1592,20114,2,2,4
2,2,218,2,1592,20114,3,3,3
5,3,331,1,2322,30009,3,1,1
5,3,331,1,516,30018,3,1,1
5,3,331,1,516,30020,2,1,1
5,3,331,1,516,30020,3,1,1
5,3,316,2,874,30025,3,1,1
5,3,329,2,696,30062,2,3,3
5,3,329,2,696,30065,1,2,2
5,3,329,2,696,30065,2,2,2
5,3,329,2,696,30065,3,2,2
5,3,329,2,696,30065,4,2,2
5,3,329,2,696,30066,3,1,1
5,3,323,2,580,30072,2,2,2
5,3,323,2,580,30075,1,6,6
5,3,323,2,580,30075,2,6,6
5,3,323,2,580,30075,3,4,4
5,3,323,2,580,30075,4,4,4
5,3,323,2,580,30076,1,6,6
5,3,323,2,580,30076,2,4,4
5,3,323,2,580,30076,3,4,4
5,3,323,2,580,30076,4,6,6
5,3,313,2,70,30091,1,7,12
5,3,313,2,70,30091,3,7,12
5,3,301,1,1198,30104,3,1,1
5,3,301,1,1198,30105,1,7,1
5,3,301,1,1198,30105,2,7,1
5,3,301,1,1198,30105,3,7,1
5,3,301,1,1198,30108,3,2,3
5,3,326,2,74,30113,1,7,1
5,3,326,2,74,30113,2,7,1
5,3,326,2,74,30113,3,7,1
5,3,326,2,74,30115,2,2,2
5,3,326,2,74,30115,3,1,2
5,3,326,2,74,30115,4,1,1
5,3,305,2,1542,30124,3,3,3
5,3,305,2,1542,30124,4,,3
5,3,305,2,1542,30125,3,1,1
5,3,312,2,20,30131,4,7,14
5,3,312,2,20,30132,4,3,6
5,3,312,2,20,30133,1,7,1
5,3,312,2,20,30133,3,7,4
5,3,305,2,4,30143,1,7,3
5,3,305,2,4,30143,2,7,3
5,3,305,2,4,30143,3,7,3
5,3,305,2,4,30144,3,2,2
4,4,418,1,44,40007,1,2,6
4,4,418,1,44,40007,3,2,6
4,4,417,1,678,40014,1,5,2
4,4,417,1,678,40014,3,4,3
4,4,417,1,678,40015,1,1,2
4,4,417,1,678,40015,2,2,1
4,4,417,1,678,40015,3,1,1
4,4,417,1,678,40016,2,1,2
4,4,417,1,678,40016,3,2,2
4,4,414,1,2176,40031,3,6,6
4,4,414,1,2176,40032,1,6,6
4,4,414,1,2176,40032,3,6,6
4,4,414,1,2176,40040,1,1,2
4,4,414,1,2176,40040,2,1,1
4,4,414,1,2176,40040,3,1,1
4,4,413,2,1540,40060,1,3,5
4,4,413,2,1540,40060,2,1,1
4,4,413,2,1540,40060,3,2,1
4,4,405,2,484,40077,2,2,1
4,4,419,2,296,40083,3,1,2
4,4,419,2,296,40085,1,3,1
4,4,401,1,1460,40093,1,2,1
4,4,401,1,1460,40095,2,2,4
4,4,401,1,1460,40095,3,3,3
4,4,401,1,1460,40098,3,3,6
4,4,412,2,2592,40101,1,1,1
4,4,412,2,2592,40101,2,1,1
4,4,412,2,2592,40101,3,1,1
4,4,412,2,2592,40109,2,3,3
4,4,412,2,1606,40111,1,1,2
4,4,412,2,1606,40111,2,1,2
4,4,412,2,1606,40118,4,4,5
4,4,410,2,4036,40122,3,2,3
4,4,410,2,4036,40125,3,1,1
4,4,407,2,796,40134,3,2,1
4,4,410,1,3192,40142,1,1,2
4,4,410,1,3414,40157,2,2,1
4,4,410,1,3414,40157,3,1,1
4,4,401,1,738,40162,3,2,3
4,4,401,1,738,40166,2,1,1
4,4,421,1,800,40176,3,2,4
4,4,421,1,800,40176,4,1,2
4,4,411,1,1486,40187,2,2,2
4,4,411,1,1486,40187,3,1,2
4,4,401,2,2106,40196,3,3,4
4,4,402,2,1080,40201,2,2,3
4,4,402,2,1080,40201,3,2,3
4,4,402,2,1080,40208,3,4,3
4,4,403,2,836,40212,1,2,2
4,4,403,2,836,40212,2,1,2
4,4,403,2,836,40212,3,2,2
2,5,506,2,830,50001,1,7,1
2,5,506,2,830,50001,2,7,1
2,5,506,2,830,50001,3,7,1
2,5,506,2,830,50002,3,1,1
2,5,506,2,830,50005,3,7,21
2,5,502,1,2194,50011,1,7,2
2,5,502,1,2194,50011,2,7,2
2,5,502,1,2194,50011,3,7,2
2,5,502,1,2194,50012,1,7,2
2,5,502,1,2194,50012,2,7,2
2,5,502,1,2194,50012,3,7,2
2,5,502,1,2194,50014,1,7,1
2,5,502,1,2194,50014,2,7,1
2,5,502,1,2194,50014,3,7,1
2,5,515,2,18,50026,2,1,3
2,5,502,2,3878,50031,1,7,7
2,5,502,2,3878,50031,2,7,7
2,5,502,2,3878,50031,3,7,7
2,5,502,2,3878,50033,1,7,2
2,5,502,2,3878,50033,2,7,2
2,5,502,2,3878,50033,3,7,2
2,5,502,2,3878,50033,4,7,2
2,5,502,2,3878,50035,3,7,7
2,5,502,2,3878,50036,1,7,7
2,5,502,2,3878,50036,2,7,2
2,5,502,2,3878,50036,3,7,2
2,5,502,2,3878,50036,4,7,2
2,5,502,2,3878,50037,3,7,7
2,5,502,2,3878,50038,3,7,4
2,5,502,2,3878,50039,3,7,14
2,5,504,2,708,50046,2,3,9
2,5,504,2,708,50046,3,2,6
2,5,504,2,708,50049,2,2,6
2,5,504,2,708,50049,3,3,9
2,5,504,2,708,50050,3,1,1
2,5,513,2,348,50053,3,7,14
2,5,513,2,348,50054,1,7,3
2,5,513,2,348,50054,2,7,3
2,5,513,2,348,50054,3,7,3
2,5,513,2,348,50054,4,7,3
2,5,513,2,348,50057,3,7,14
2,5,513,2,348,50058,3,7,14
2,5,514,2,710,50064,3,3,9
2,5,501,2,60,50074,2,7,14
2,5,501,2,60,50074,3,7,14
2,5,501,2,60,50075,3,7,14
2,5,501,2,60,50077,3,7,14
2,5,501,2,60,50078,3,7,14
2,5,501,2,60,50079,3,7,14
2,5,516,2,942,50082,3,7,21
2,5,516,2,942,50090,3,1,2
2,5,508,2,984,50094,3,7,14
2,5,508,2,984,50097,3,7,14
2,5,514,1,2036,50101,3,3,1
2,5,514,1,2036,50102,1,3,9
2,5,514,1,2036,50102,3,3,9
2,5,508,2,718,50112,3,5,5
2,5,510,1,872,50127,3,2,6
2,5,518,2,1588,50131,2,7,14
2,5,518,2,1588,50131,3,7,7
2,5,518,2,1588,50132,3,7,7
2,5,518,2,1588,50134,3,7,7
2,5,518,2,1588,50135,1,7,3
2,5,518,2,1588,50135,2,7,3
2,5,518,2,1588,50135,3,7,3
2,5,518,2,1588,50135,4,7,3
2,5,518,2,1588,50140,1,7,2
2,5,518,2,1588,50140,2,7,2
2,5,518,2,1588,50140,3,7,2
2,5,510,2,1516,50145,3,3,9
2,5,518,2,1304,50155,3,7,7
2,5,518,2,1304,50159,1,7,2
2,5,518,2,1304,50159,2,7,2
2,5,518,2,1304,50159,3,7,2
5,6,602,2,1356,60001,1,2,3
5,6,602,2,1356,60002,3,2,2
5,6,602,2,1356,60004,4,1,1
5,6,602,2,1356,60006,3,1,1
5,6,602,2,1356,60010,2,1,2
5,6,602,2,1356,60010,4,3,3
5,6,606,2,1372,60014,3,2,4
5,6,606,2,1372,60017,3,7,21
5,6,606,2,1372,60019,3,2,6
5,6,608,1,3978,60021,1,4,6
5,6,608,1,3978,60021,2,4,6
5,6,608,1,3978,60021,3,4,6
5,6,608,1,3978,60021,4,4,6
5,6,608,1,3978,60022,1,1,1
5,6,608,1,3978,60022,2,1,2
5,6,608,1,3978,60022,3,2,3
5,6,608,1,3978,60023,3,2,4
5,6,608,1,3978,60025,1,2,2
5,6,608,1,3978,60025,3,1,1
5,6,608,1,3978,60025,4,1,2
5,6,608,1,3978,60026,3,6,18
5,6,608,1,3978,60028,2,1,1
5,6,608,1,3978,60029,1,1,1
5,6,607,2,1892,60031,3,1,2
5,6,607,2,1892,60031,4,2,3
5,6,607,2,1892,60033,3,1,1
5,6,607,2,1892,60034,3,1,1
5,6,607,2,1892,60036,3,7,14
5,6,607,2,1892,60037,1,2,2
5,6,607,2,1892,60037,4,1,2
5,6,607,2,1892,60038,3,2,3
5,6,607,2,1892,60039,2,1,2
5,6,607,2,1892,60040,3,3,3
5,6,601,2,640,60041,3,2,3
5,6,601,2,640,60044,1,1,1
5,6,601,2,640,60044,2,2,3
5,6,601,2,640,60047,1,1,1
5,6,601,2,640,60047,3,3,5
5,6,601,2,640,60048,3,2,1
5,6,601,2,640,60049,2,2,2
5,6,601,2,640,60049,4,1,1
5,6,605,2,162,60056,2,2,2
5,6,605,2,162,60056,3,1,2
5,6,608,2,748,60061,1,2,2
5,6,608,2,748,60063,3,1,1
1,7,707,2,560,70001,1,7,3
1,7,707,2,560,70001,2,7,3
1,7,707,2,560,70001,3,7,3
1,7,707,2,560,70001,4,7,3
1,7,707,2,560,70002,2,2,4
1,7,707,2,560,70002,3,1,3
1,7,707,2,560,70006,2,1,3
1,7,707,2,560,70006,3,1,2
1,7,707,2,560,70006,4,1,1
1,7,707,2,560,70007,1,7,3
1,7,707,2,560,70007,2,7,3
1,7,707,2,560,70007,3,1,3
1,7,707,2,560,70008,3,2,2
1,7,707,2,560,70009,1,7,3
1,7,707,2,560,70009,2,7,3
1,7,707,2,560,70009,3,7,3
1,7,707,2,560,70009,4,2,1
1,7,707,2,560,70010,2,1,2
1,7,707,2,560,70010,3,3,6
1,7,708,2,754,70014,1,7,1
1,7,708,2,754,70014,2,2,2
1,7,708,2,754,70015,1,7,3
1,7,708,2,754,70015,2,2,1
1,7,708,2,754,70015,3,1,3
1,7,708,2,754,70016,3,7,2
1,7,708,2,754,70018,2,1,2
1,7,708,2,754,70018,3,3,3
1,7,708,2,754,70018,4,1,1
1,7,708,2,754,70019,2,2,4
1,7,708,2,754,70019,3,3,4
1,7,708,2,754,70019,4,1,1
1,7,708,2,754,70020,2,2,4
1,7,708,2,754,70020,3,3,6
1,7,708,2,754,70020,4,1,2
1,7,705,2,4186,70021,1,7,3
1,7,705,2,4186,70021,2,7,3
1,7,705,2,4186,70021,3,7,3
1,7,705,2,4186,70021,4,7,3
1,7,705,2,4186,70022,2,2,4
1,7,705,2,4186,70022,3,3,3
1,7,705,2,4186,70024,3,1,1
1,7,705,2,4186,70025,1,7,3
1,7,705,2,4186,70025,2,7,3
1,7,705,2,4186,70025,3,7,3
1,7,705,2,4186,70026,2,3,5
1,7,705,2,4186,70026,3,4,4
1,7,705,2,4186,70026,4,1,1
1,7,705,2,4186,70027,1,1,1
1,7,705,2,4186,70027,2,2,3
1,7,705,2,4186,70027,3,1,1
1,7,705,2,4186,70029,2,3,4
1,7,705,2,4186,70029,3,2,3
1,7,705,2,4186,70029,4,1,1
1,7,705,2,4186,70030,2,2,3
1,7,705,2,4186,70030,3,6,8
1,7,705,2,4186,70030,4,2,2
1,7,722,2,234,70033,2,4,6
1,7,722,2,234,70033,3,3,5
1,7,722,2,234,70033,4,1,1
1,7,722,2,234,70035,2,4,6
1,7,722,2,234,70035,3,5,8
1,7,722,2,234,70035,4,1,2
1,7,722,2,234,70036,1,7,3
1,7,722,2,234,70036,2,7,3
1,7,722,2,234,70036,3,7,3
1,7,722,2,234,70036,4,7,3
1,7,722,2,234,70037,2,2,4
1,7,722,2,234,70037,3,3,3
1,7,722,2,234,70037,4,1,1
1,7,722,2,234,70038,1,3,3
1,7,722,2,234,70038,2,7,3
1,7,722,2,234,70038,3,7,3
1,7,722,2,234,70039,2,7,3
1,7,722,2,234,70039,3,7,3
1,7,722,2,234,70039,4,3,3
1,7,722,2,234,70040,2,3,3
1,7,722,2,234,70040,3,7,3
1,7,722,2,892,70041,1,3,3
1,7,722,2,892,70041,2,7,3
1,7,722,2,892,70041,3,3,1
1,7,722,2,892,70042,1,3,1
1,7,722,2,892,70042,2,2,2
1,7,722,2,892,70042,3,3,1
1,7,722,2,892,70043,2,2,4
1,7,722,2,892,70043,3,3,4
1,7,722,2,892,70043,4,1,1
1,7,722,2,892,70044,2,2,4
1,7,722,2,892,70044,3,4,6
1,7,722,2,892,70044,4,1,2
1,7,722,2,892,70045,2,2,4
1,7,722,2,892,70045,3,2,2
1,7,722,2,892,70047,2,7,3
1,7,710,2,2726,70051,1,7,3
1,7,710,2,2726,70051,2,7,3
1,7,710,2,2726,70051,3,7,3
1,7,710,2,2726,70052,2,3,6
1,7,710,2,2726,70052,3,4,5
1,7,710,2,2726,70052,4,1,2
1,7,710,2,2726,70053,1,7,3
1,7,710,2,2726,70053,2,7,3
1,7,710,2,2726,70053,3,7,3
1,7,710,2,2726,70053,4,7,3
1,7,710,2,2726,70054,2,3,5
1,7,710,2,2726,70054,3,5,6
1,7,710,2,2726,70054,4,1,2
1,7,710,2,2726,70055,2,2,3
1,7,710,2,2726,70055,3,3,3
1,7,710,2,2726,70057,1,1,1
1,7,710,2,2726,70057,2,7,3
1,7,710,2,2726,70057,3,1,1
1,7,710,2,2726,70058,2,2,4
1,7,710,2,2726,70058,3,5,7
1,7,710,2,2726,70058,4,1,1
1,7,711,2,2532,70062,2,4,7
1,7,711,2,2532,70062,3,3,7
1,7,711,2,2532,70063,1,2,1
1,7,711,2,2532,70063,2,7,3
1,7,711,2,2532,70063,3,4,3
1,7,711,2,2532,70065,2,3,6
1,7,711,2,2532,70065,3,3,4
1,7,711,2,2532,70065,4,1,2
1,7,711,2,2532,70066,1,7,3
1,7,711,2,2532,70066,2,7,3
1,7,711,2,2532,70066,3,7,3
1,7,711,2,2532,70066,4,7,3
1,7,711,2,2532,70068,1,3,7
1,7,711,2,2532,70068,2,3,7
1,7,711,2,2532,70068,3,3,7
1,7,711,2,2532,70070,1,7,3
1,7,711,2,2532,70070,2,7,3
1,7,711,2,2532,70070,3,7,3
1,7,709,2,1226,70071,3,1,1
1,7,709,2,1226,70072,2,2,4
1,7,709,2,1226,70072,3,4,7
1,7,709,2,1226,70072,4,1,1
1,7,709,2,1226,70074,3,4,7
1,7,709,2,1226,70074,4,1,1
1,7,709,2,1226,70075,1,2,3
1,7,709,2,1226,70075,2,5,3
1,7,709,2,1226,70075,3,7,3
1,7,709,2,1226,70076,1,2,2
1,7,709,2,1226,70076,2,3,5
1,7,709,2,1226,70076,3,2,6
1,7,709,2,1226,70077,3,2,4
1,7,709,2,1226,70079,3,1,1
1,7,709,2,1226,70080,3,2,2
2,8,813,2,2094,80001,1,4,4
2,8,813,2,2094,80001,2,3,5
2,8,813,2,2094,80001,3,6,12
2,8,813,2,2094,80003,1,1,2
2,8,813,2,2094,80003,2,2,1
2,8,813,2,2094,80003,3,2,1
2,8,813,2,2094,80007,2,7,8
2,8,821,1,1448,80013,3,7,14
2,8,821,1,1448,80013,4,7,9
2,8,821,1,1448,80019,2,7,14
2,8,821,1,5062,80029,1,2,
2,8,821,1,5062,80029,2,2,
2,8,821,1,5062,80029,3,1,3
2,8,821,1,5062,80029,4,2,
2,8,821,1,5062,80030,2,3,6
2,8,821,1,5062,80030,3,7,13
2,8,816,2,1270,80034,3,4,6
2,8,816,2,1270,80037,1,2,3
2,8,816,2,1270,80037,2,2,4
2,8,803,1,944,80049,1,3,4
2,8,803,1,944,80049,2,4,5
2,8,803,1,944,80049,3,2,2
2,8,811,1,1558,80051,1,2,4
2,8,811,1,1558,80051,2,5,6
2,8,811,1,1558,80051,3,5,6
2,8,811,1,1558,80058,2,3,3
2,8,811,1,1558,80058,3,4,4
2,8,811,1,1558,80059,3,4,12
2,8,811,1,1558,80060,3,5,1
2,8,811,2,390,80061,1,2,3
2,8,811,2,390,80061,2,1,4
2,8,811,2,390,80061,3,2,2
2,8,811,2,390,80062,4,7,
2,8,811,2,390,80064,1,1,
2,8,811,2,390,80064,2,3,
2,8,811,2,390,80064,3,1,
2,8,811,2,390,80067,1,4,3
2,8,811,2,390,80067,2,1,2
2,8,811,2,390,80067,3,2,2
2,8,811,2,390,80068,3,7,7
2,8,802,2,1152,80075,1,3,2
2,8,802,2,1152,80075,2,2,4
2,8,802,2,1152,80075,3,1,1
2,8,802,2,1152,80079,1,6,2
2,8,802,2,1152,80079,2,1,1
2,8,802,2,1152,80079,3,1,3
2,8,802,2,1152,80079,4,1,1
2,8,812,2,866,80086,1,2,1
2,8,812,2,866,80086,2,2,2
2,8,812,2,866,80090,3,4,6
2,8,812,2,866,80090,4,4,5
2,8,805,2,46,80091,1,1,
2,8,805,2,46,80091,3,7,14
2,8,805,2,46,80099,2,2,5
2,8,805,2,46,80099,3,1,2
2,8,805,2,46,80099,4,1,1
2,8,827,2,804,80101,3,3,5
2,8,827,2,804,80101,4,4,6
2,8,827,2,804,80108,1,3,5
2,8,827,2,804,80108,3,2,3
2,8,807,2,946,80114,3,7,14
2,8,807,2,946,80120,2,3,4
2,8,807,2,2396,80121,1,2,3
2,8,807,2,2396,80121,2,4,8
2,8,807,2,2396,80121,3,5,10
2,8,807,2,2396,80127,1,2,4
2,8,807,2,2396,80127,2,5,5
2,8,807,2,2396,80128,1,1,4
2,8,807,2,2396,80128,2,1,5
2,8,807,2,1438,80132,3,7,14
2,8,820,2,1030,80144,3,4,6
2,8,824,2,768,80156,1,2,14
2,8,824,2,768,80156,2,2,14
2,8,824,2,768,80157,3,3,5
2,8,817,1,2476,80167,3,4,3
2,8,817,1,2476,80170,3,4,2
2,8,823,2,548,80171,3,2,3
2,8,823,2,548,80171,4,7,14
2,8,823,2,548,80177,2,2,2
2,8,823,2,548,80177,3,1,3
2,8,823,2,548,80178,1,2,2
2,8,823,2,548,80178,2,1,1
2,8,823,2,548,80178,3,3,4
2,8,823,2,548,80179,3,4,8
2,8,809,2,1748,80181,3,3,5
2,8,809,2,1748,80181,4,7,14
2,8,809,2,1748,80184,3,7,14
2,8,809,2,1748,80186,1,2,3
2,8,809,2,1748,80186,2,3,4
2,8,809,2,1748,80188,3,2,3
2,8,826,2,926,80195,4,7,14
2,8,815,2,362,80201,3,5,5
2,8,815,2,362,80204,1,3,1
2,8,815,2,362,80204,2,3,1
2,8,815,2,362,80204,3,4,2
2,8,815,2,362,80205,3,3,3
5,9,908,1,278,90005,3,1,3
5,9,908,1,278,90009,2,2,2
5,9,908,1,278,90010,3,2,2
5,9,903,2,48,90014,3,2,2
5,9,903,2,48,90018,3,1,1
5,9,903,2,48,90019,1,1,1
5,9,903,2,48,90019,2,1,1
5,9,903,2,48,90019,3,1,1
5,9,903,2,48,90019,4,2,2
5,9,903,2,48,90020,1,2,4
5,9,903,2,48,90020,2,3,6
5,9,903,2,48,90020,3,6,12
5,9,903,2,48,90020,4,7,10
5,9,915,1,1390,90026,2,2,1
5,9,915,1,1390,90026,3,1,1
5,9,917,1,1254,90035,3,3,2
5,9,917,1,1254,90036,4,7,1
5,9,917,1,1254,90037,3,2,2
5,9,917,1,1254,90038,3,4,1
5,9,917,1,1254,90039,1,3,2
5,9,917,1,1254,90039,3,1,2
5,9,901,2,398,90047,3,2,2
5,9,910,2,200,90051,1,2,
5,9,910,2,200,90054,3,1,7
5,9,910,2,200,90055,2,2,1
5,9,910,2,200,90055,3,2,1
5,9,910,2,200,90058,2,2,2
5,9,907,2,1446,90066,2,2,2
5,9,907,2,1446,90067,1,1,2
5,9,907,2,1446,90067,3,2,2
5,9,907,2,1446,90068,3,1,2
5,9,907,2,1446,90068,4,1,2
5,9,907,2,1446,90070,2,7,7
5,9,907,2,1446,90070,3,7,7
5,9,912,2,102,90071,2,2,1
5,9,912,2,102,90072,3,3,1
5,9,912,2,102,90073,1,7,1
5,9,912,2,102,90073,2,7,1
5,9,912,2,102,90074,2,1,1
5,9,912,2,102,90074,3,1,1
5,9,912,2,102,90076,3,1,1
5,9,912,2,102,90076,4,7,1
5,9,912,2,102,90080,3,2,2
5,9,916,2,1068,90082,4,7,7
5,9,916,2,1068,90086,3,2,2
5,9,916,2,1068,90087,2,2,1
5,9,916,2,1068,90087,3,2,1
5,9,916,2,1068,90087,4,1,1
5,9,916,2,1068,90090,2,2,3
5,9,916,2,1068,90090,3,2,2
5,9,918,2,834,90097,2,1,1
5,9,918,2,834,90099,2,4,4
5,9,918,2,834,90099,3,4,4
5,9,918,2,834,90100,3,3,6
5,9,905,2,978,90104,4,7,2
5,9,905,2,978,90106,3,1,1
5,9,905,2,978,90107,2,2,1
5,9,905,2,978,90107,3,3,6
5,9,905,2,978,90107,4,1,1
5,9,905,2,978,90108,1,3,3
5,9,905,2,978,90108,2,3,3
5,9,905,2,978,90110,3,2,4
5,9,914,2,1746,90115,3,5,3
5,9,914,2,1746,90118,2,1,2
5,9,914,2,1746,90118,3,1,2
5,9,914,2,1746,90118,4,1,1
5,9,914,2,1746,90119,3,1,1
5,9,914,2,1746,90120,2,2,2
5,9,914,2,1746,90120,3,2,2
5,9,913,2,2266,90128,4,3,3
5,10,1014,2,80,100004,3,7,14
5,10,1012,2,936,100061,3,2,3
5,10,1012,2,936,100062,3,2,5
5,10,1012,2,936,100067,3,4,12
5,10,1005,2,1374,100082,2,4,4
5,10,1005,2,1374,100084,1,7,21
5,10,1005,2,1374,100084,3,7,14
5,10,1005,1,662,100094,3,3,9
5,10,1005,1,662,100097,3,3,3
5,10,1018,2,898,100105,1,7,5
5,10,1018,2,898,100105,2,7,5
5,10,1020,1,38,100127,1,5,10
5,10,1020,1,38,100127,3,5,10
4,11,1104,1,2028,110001,2,1,3
4,11,1104,1,2028,110001,3,2,2
4,11,1104,1,2028,110005,1,2,2
4,11,1104,1,2028,110005,2,1,1
4,11,1104,1,2028,110005,3,1,1
4,11,1104,1,2028,110005,4,1,1
4,11,1104,1,2028,110006,3,2,2
4,11,1104,1,2028,110010,1,1,1
4,11,1104,1,2028,110010,3,1,1
4,11,1112,2,1952,110011,1,2,1
4,11,1112,2,1952,110011,3,1,2
4,11,1112,2,1952,110015,1,2,2
4,11,1112,2,1952,110015,3,1,1
4,11,1112,2,1952,110019,3,2,2
4,11,1112,2,1952,110020,2,3,2
4,11,1112,2,1952,110020,3,2,1
4,11,1112,2,78,110021,2,2,3
4,11,1112,2,78,110025,1,3,3
4,11,1112,2,78,110025,2,1,2
4,11,1112,2,78,110026,1,1,1
4,11,1112,2,78,110026,2,1,1
4,11,1112,2,78,110029,3,1,2
4,11,1112,2,78,110030,1,1,2
4,11,1110,2,714,110031,2,1,1
4,11,1110,2,714,110035,4,1,1
4,11,1110,2,714,110036,2,2,2
4,11,1110,2,2752,110046,1,2,2
4,11,1110,2,2752,110047,2,3,2
4,11,1108,2,492,110051,4,1,1
4,11,1108,2,492,110056,2,1,1
4,11,1108,2,492,110057,2,1,1
4,11,1108,2,492,110059,2,2,4
4,11,1105,2,100,110067,3,3,2
4,11,1106,2,446,110078,2,3,2
4,11,1106,2,446,110079,3,1,1
4,11,1107,2,1034,110097,1,1,2
4,11,1107,2,1034,110098,1,1,1
4,11,1107,2,1034,110099,2,1,1
4,11,1107,2,1034,110100,3,1,1
4,11,1109,2,672,110101,2,1,1
4,11,1109,2,672,110108,3,2,2
4,11,1113,2,954,110116,2,1,1
4,11,1113,2,954,110118,2,1,1
4,11,1102,2,936,110122,1,1,1
4,11,1102,2,936,110127,2,2,2
4,11,1102,2,936,110130,1,3,9
4,11,1101,2,154,110132,2,1,1
4,11,1101,2,154,110133,1,1,1
4,11,1101,2,154,110139,2,2,1
4,11,1101,2,154,110140,2,3,2
5,12,1211,1,2856,120005,3,7,14
5,12,1211,1,2856,120006,3,3,8
5,12,1202,1,2146,120011,3,3,
5,12,1202,1,2146,120011,4,3,9
5,12,1202,1,2146,120014,3,2,8
5,12,1202,1,2146,120017,3,4,3
5,12,1202,1,2710,120022,3,3,10
5,12,1212,1,1392,120033,3,2,9
5,12,1208,2,526,120046,3,7,21
5,12,1208,2,526,120046,4,7,21
5,12,1208,2,526,120050,1,2,4
5,12,1204,2,736,120078,3,3,10
5,12,1211,1,2220,120083,1,1,2
5,12,1211,1,2220,120087,2,2,1
5,12,1211,1,2220,120087,3,3,1
5,12,1211,1,2220,120090,3,3,7
5,12,1211,1,2220,120090,4,2,5
5,12,1214,2,452,120100,3,1,2
6,13,1307,1,268,130029,3,7,
4,14,1401,2,1116,140006,2,2,2
4,14,1401,2,1116,140007,3,7,4
4,14,1401,2,1116,140008,2,2,1
4,14,1408,2,1996,140027,2,2,1
4,14,1403,1,34,140058,3,3,2
4,14,1413,2,670,140071,4,1,1
4,14,1410,2,236,140087,1,2,1
4,14,1410,2,236,140087,2,3,2
4,14,1411,2,1066,140117,2,4,2
4,14,1411,2,1066,140117,3,2,2
4,14,1416,2,2314,140124,1,5,4
4,14,1416,2,2314,140124,2,5,4
4,14,1416,2,2314,140124,3,5,4
4,14,1416,2,2314,140124,4,2,2
2,15,1506,1,398,150001,3,7,7
2,15,1506,1,398,150001,4,7,7
2,15,1506,1,398,150005,1,2,2
2,15,1506,1,398,150005,3,7,7
2,15,1506,1,398,150006,3,7,7
2,15,1506,1,398,150009,1,2,2
2,15,1506,1,398,150009,2,2,2
2,15,1506,1,398,150010,3,2,2
2,15,1508,2,1682,150011,1,4,4
2,15,1508,2,1682,150011,2,6,6
2,15,1508,2,1682,150011,3,7,7
2,15,1508,2,1682,150011,4,3,3
2,15,1508,2,1682,150013,1,2,2
2,15,1508,2,1682,150013,2,3,3
2,15,1508,2,1682,150014,1,2,2
2,15,1508,2,1682,150014,2,1,1
2,15,1508,2,1682,150015,1,2,2
2,15,1508,2,1682,150015,2,2,2
2,15,1508,2,1682,150015,3,1,2
2,15,1508,2,1682,150015,4,2,2
2,15,1508,2,1682,150016,1,7,7
2,15,1508,2,1682,150016,2,7,7
2,15,1508,2,1682,150016,3,7,7
2,15,1508,2,1682,150017,1,2,1
2,15,1508,2,1682,150017,3,3,2
2,15,1508,2,1682,150018,1,2,2
2,15,1508,2,1682,150019,3,3,3
2,15,1508,2,1682,150020,1,2,2
2,15,1511,2,1938,150021,1,3,1
2,15,1511,2,1938,150021,2,3,2
2,15,1511,2,1938,150021,3,3,2
2,15,1511,2,1938,150022,1,3,3
2,15,1511,2,1938,150022,2,2,2
2,15,1511,2,1938,150023,2,7,7
2,15,1511,2,1938,150023,3,7,7
2,15,1511,2,1938,150024,1,2,2
2,15,1511,2,1938,150024,2,1,1
2,15,1511,2,1938,150025,3,3,3
2,15,1511,2,1938,150026,1,2,1
2,15,1511,2,1938,150026,2,2,1
2,15,1511,2,1938,150026,3,2,1
2,15,1511,2,1938,150027,1,3,3
2,15,1511,2,1938,150027,2,2,2
2,15,1511,2,1938,150028,3,6,6
2,15,1511,2,1938,150029,1,2,2
2,15,1511,2,1938,150029,2,2,1
2,15,1511,2,1938,150029,3,2,1
2,15,1511,2,1938,150030,1,2,2
2,15,1511,2,1938,150030,2,2,2
2,15,1511,2,1938,150030,3,1,1
2,15,1502,2,590,150032,1,3,3
2,15,1502,2,590,150032,2,1,1
2,15,1502,2,590,150033,3,7,7
2,15,1502,2,590,150034,2,1,3
2,15,1502,2,590,150034,3,1,7
2,15,1502,2,590,150035,3,3,3
2,15,1502,2,590,150037,2,1,1
2,15,1502,2,590,150037,3,5,5
2,15,1502,2,590,150038,1,2,2
2,15,1502,2,590,150038,2,2,2
2,15,1502,2,590,150038,3,3,3
2,15,1502,2,590,150039,3,1,2
2,15,1510,2,616,150041,3,5,5
2,15,1510,2,616,150043,1,2,2
2,15,1510,2,616,150043,2,3,3
2,15,1510,2,616,150044,1,3,3
2,15,1510,2,616,150044,2,2,2
2,15,1510,2,616,150045,3,7,7
2,15,1510,2,616,150047,1,4,4
2,15,1510,2,616,150047,2,2,2
2,15,1510,2,616,150048,3,3,3
2,15,1507,2,458,150051,1,2,2
2,15,1507,2,458,150051,2,2,2
2,15,1507,2,458,150051,3,1,1
2,15,1507,2,458,150053,4,6,6
2,15,1507,2,458,150054,1,3,3
2,15,1507,2,458,150054,2,2,2
2,15,1507,2,458,150054,3,2,2
2,15,1507,2,458,150055,3,6,6
2,15,1507,2,458,150057,3,7,7
2,15,1507,2,458,150059,1,3,3
2,15,1507,2,458,150059,2,2,2
2,15,1507,2,458,150059,3,1,1
2,15,1507,2,458,150060,4,5,5
2,15,1503,2,634,150061,3,7,7
2,15,1503,2,634,150064,2,3,3
2,15,1503,2,634,150064,3,5,5
2,15,1503,2,634,150066,2,4,4
2,15,1503,2,634,150066,3,7,7
2,15,1503,2,634,150068,3,3,3
2,15,1503,2,634,150070,1,2,2
2,15,1503,2,634,150070,3,2,2
2,15,1506,1,148,150071,1,2,2
2,15,1506,1,148,150072,2,5,5
2,15,1506,1,148,150072,3,7,7
2,15,1506,1,148,150073,1,2,1
2,15,1506,1,148,150073,3,2,1
2,15,1506,1,148,150074,2,2,6
2,15,1506,1,148,150074,3,7,7
2,15,1506,1,148,150076,3,6,6
2,15,1506,1,148,150076,4,2,2
2,15,1506,1,148,150077,1,7,4
2,15,1506,1,148,150077,2,3,2
2,15,1506,1,148,150078,1,3,2
2,15,1506,1,148,150078,2,4,3
2,15,1506,1,148,150078,3,5,4
2,15,1506,1,148,150079,3,1,1
2,15,1506,1,148,150080,2,3,10
4,16,1626,2,1546,160001,1,2,1
4,16,1626,2,1546,160001,2,3,2
4,16,1626,2,1546,160002,1,2,1
4,16,1626,2,1546,160002,3,3,1
4,16,1626,2,1546,160002,4,1,1
4,16,1626,2,1546,160005,3,2,4
4,16,1624,1,136,160018,3,2,4
4,16,1624,1,136,160019,3,1,1
4,16,1612,2,414,160021,3,2,2
4,16,1622,2,18,160022,3,3,4
4,16,1624,1,136,160036,3,6,12
4,16,1606,2,590,160038,2,2,6
4,16,1613,2,440,160056,1,2,2
4,16,1613,2,440,160056,3,1,2
4,16,1616,2,296,160062,2,5,10
4,16,1616,2,296,160062,3,5,10
4,16,1616,2,296,160065,3,1,1
4,16,1616,2,296,160067,3,2,2
4,16,1616,2,296,160069,1,2,2
4,16,1620,2,106,160071,3,4,4
4,16,1620,2,106,160072,3,3,3
4,16,1620,2,106,160075,3,2,1
4,16,1620,2,106,160080,3,1,1
4,16,1618,2,1060,160081,1,5,5
4,16,1618,2,1060,160081,3,3,3
4,16,1618,2,1060,160083,3,6,12
4,16,1618,2,1060,160084,3,1,2
4,16,1618,2,1060,160086,3,7,7
4,16,1601,2,954,160092,3,3,3
4,16,1601,2,954,160097,2,3,3
4,16,1601,2,954,160098,2,2,2
4,16,1606,2,590,160101,3,1,2
4,16,1606,2,590,160103,3,2,2
4,16,1610,2,1006,160105,1,7,7
4,16,1610,2,1006,160117,3,2,6
4,16,1602,2,1576,160119,3,4,2
4,16,1612,2,414,160128,2,2,4
4,16,1625,2,1210,160134,3,3,3
4,16,1625,2,1210,160138,1,2,2
4,16,1625,2,1210,160138,2,2,2
4,16,1625,2,1210,160138,3,4,4
4,16,1625,2,1210,160140,2,4,4
4,16,1625,2,1210,160142,2,2,2
4,16,1605,2,180,160144,3,1,1
4,16,1605,2,180,160148,2,2,4
4,16,1605,2,180,160148,4,1,1
4,16,1605,2,180,160153,2,1,2
4,16,1609,2,738,160160,3,1,1
4,16,1608,2,1104,160163,2,3,9
4,16,1608,2,1104,160163,3,3,9
4,16,1608,2,1104,160165,3,1,2
4,16,1612,2,108,160174,2,2,2
4,16,1612,2,108,160175,3,2,2
4,16,1603,2,158,160178,2,2,2
4,16,1603,2,158,160178,3,2,3
4,16,1603,2,158,160184,2,3,1
4,16,1603,2,158,160184,3,3,1
4,16,1612,2,108,160188,2,3,3
4,16,1612,2,108,160188,3,1,1
4,16,1612,2,108,160189,2,2,2
4,16,1612,2,108,160190,2,2,2
3,17,1706,2,284,170001,3,5,5
3,17,1719,2,1354,170012,3,2,2
3,17,1719,2,1354,170014,3,1,1
3,17,1704,2,1080,170021,2,1,1
3,17,1704,2,1080,170024,2,1,1
3,17,1704,2,1080,170025,2,2,2
3,17,1722,2,96,170042,1,3,3
3,17,1722,2,96,170042,2,3,3
3,17,1715,2,2244,170055,1,1,5
3,17,1715,2,2244,170055,3,2,3
3,17,1715,2,2244,170057,1,7,5
3,17,1715,2,2244,170057,3,7,3
3,17,1710,2,546,170068,3,7,7
3,17,1710,2,546,170070,2,7,7
3,17,1713,1,226,170078,2,7,7
3,17,1716,2,1452,170084,2,2,2
3,17,1716,2,1452,170086,3,2,2
3,17,1702,2,510,170092,3,2,2
3,17,1702,2,510,170094,1,2,4
3,17,1702,2,510,170094,2,1,3
3,17,1702,2,510,170094,3,4,3
3,17,1702,2,510,170095,2,2,2
3,17,1702,2,510,170095,3,2,2
3,17,1702,2,510,170098,3,7,7
3,17,1727,2,634,170108,2,6,6
3,17,1727,2,634,170110,1,3,3
3,17,1727,2,634,170110,2,2,2
3,17,1727,2,634,170110,3,1,1
3,17,1712,2,794,170115,1,1,1
3,17,1712,2,794,170115,2,2,2
3,17,1712,2,794,170115,3,4,4
3,17,1712,2,794,170116,2,2,2
3,17,1724,2,786,170126,2,3,3
3,17,1724,2,786,170129,2,2,2
3,18,1804,1,2690,180004,1,3,2
3,18,1804,1,2690,180004,2,4,5
3,18,1804,1,2690,180004,3,1,1
3,18,1804,1,2690,180005,1,2,2
3,18,1804,1,2690,180005,2,2,2
3,18,1804,1,2690,180005,3,3,3
3,18,1804,1,2690,180009,3,1,0
3,18,1809,1,1272,180011,1,2,2
3,18,1809,1,1272,180011,2,2,2
3,18,1809,1,1272,180011,3,3,2
3,18,1809,1,1272,180012,3,7,7
3,18,1809,1,1272,180013,1,3,2
3,18,1809,1,1272,180013,2,4,3
3,18,1809,1,1272,180013,3,6,2
3,18,1809,1,1272,180017,3,4,4
3,18,1809,1,1272,180018,1,3,3
3,18,1809,1,1272,180018,2,3,3
3,18,1809,1,1272,180018,3,7,7
3,18,1809,1,1272,180019,1,3,3
3,18,1809,1,1272,180019,2,2,2
3,18,1809,1,1272,180019,3,3,3
3,18,1809,1,1272,180020,2,2,1
3,18,1809,1,1272,180020,3,2,2
3,18,1823,1,1822,180021,1,2,
3,18,1823,1,1822,180021,2,2,3
3,18,1823,1,1822,180021,3,2,1
3,18,1823,1,1822,180021,4,1,
3,18,1823,1,1822,180024,1,2,1
3,18,1823,1,1822,180024,2,1,4
3,18,1823,1,1822,180024,3,2,1
3,18,1823,1,1822,180028,2,2,2
3,18,1823,1,1822,180028,3,1,2
3,18,1823,1,1822,180030,1,2,1
3,18,1823,1,1822,180030,2,2,1
3,18,1823,1,1822,180030,3,1,2
3,18,1823,1,1822,180030,4,1,4
3,18,1803,2,840,180031,1,7,2
3,18,1803,2,840,180031,2,7,2
3,18,1803,2,840,180031,3,7,2
3,18,1803,2,840,180032,1,5,5
3,18,1803,2,840,180032,4,5,5
3,18,1803,2,840,180033,1,4,14
3,18,1803,2,840,180033,2,4,14
3,18,1803,2,840,180033,3,5,14
3,18,1803,2,840,180033,4,5,7
3,18,1803,2,840,180034,1,6,7
3,18,1803,2,840,180034,2,6,7
3,18,1803,2,840,180034,3,6,7
3,18,1803,2,840,180034,4,6,7
3,18,1803,2,840,180036,2,1,0
3,18,1803,2,840,180036,3,4,0
3,18,1803,2,840,180038,2,3,4
3,18,1803,2,840,180038,3,5,7
3,18,1816,1,378,180043,2,4,0
3,18,1816,1,378,180043,3,5,
3,18,1816,1,378,180047,1,7,7
3,18,1816,1,378,180047,2,3,7
3,18,1816,1,378,180047,3,3,7
3,18,1816,1,378,180047,4,3,7
3,18,1816,1,378,180050,1,7,7
3,18,1805,2,534,180052,2,7,10
3,18,1805,2,534,180052,3,7,10
3,18,1805,2,534,180052,4,7,10
3,18,1805,2,534,180053,2,7,1
3,18,1805,2,534,180053,3,7,1
3,18,1805,2,534,180054,3,7,7
3,18,1805,2,534,180054,4,7,7
3,18,1805,2,534,180056,2,2,3
3,18,1805,2,534,180056,3,4,6
3,18,1805,2,534,180056,4,4,14
3,18,1805,2,534,180059,2,7,2
3,18,1805,2,534,180059,3,7,2
3,18,1817,2,370,180064,2,5,10
3,18,1817,2,370,180064,3,5,14
3,18,1817,2,370,180065,2,2,4
3,18,1817,2,370,180065,3,5,14
3,18,1817,2,370,180065,4,5,14
3,18,1808,2,1726,180072,2,7,7
3,18,1808,2,1726,180072,3,7,7
3,18,1808,2,1726,180076,2,1,1
3,18,1808,2,1726,180076,3,2,4
3,18,1808,2,1726,180077,2,1,1
3,18,1808,2,1726,180077,3,1,1
3,18,1808,2,1726,180077,4,1,1
3,18,1808,2,1726,180078,1,,1
3,18,1808,2,1726,180078,2,1,1
3,18,1808,2,1726,180078,3,1,1
3,18,1808,2,1726,180078,4,1,1
3,18,1811,2,364,180083,1,2,1
3,18,1811,2,364,180083,2,2,1
3,18,1811,2,364,180083,3,2,1
3,18,1811,2,364,180085,2,2,5
3,18,1811,2,364,180085,3,3,10
3,18,1811,2,364,180085,4,1,1
3,18,1811,2,364,180086,3,1,1
3,18,1820,2,450,180092,2,3,3
3,18,1820,2,450,180096,2,2,2
3,18,1820,2,450,180096,3,2,2
3,18,1820,2,450,180096,4,4,8
3,18,1820,2,450,180098,2,2,2
3,18,1820,2,450,180100,2,7,7
3,18,1820,2,450,180100,3,7,7
3,18,1820,2,450,180100,4,7,7
3,18,1822,2,1654,180109,2,4,8
3,18,1822,2,1654,180109,3,4,8
3,18,1822,2,1654,180109,4,2,4
3,18,1814,2,678,180112,1,7,7
3,18,1814,2,678,180112,2,7,7
3,18,1814,2,678,180113,1,7,14
3,18,1814,2,678,180113,2,7,14
3,18,1814,2,678,180117,3,7,14
3,19,1925,2,3394,190003,1,2,2
3,19,1925,2,3394,190003,2,3,2
3,19,1925,2,3394,190005,1,7,7
3,19,1925,2,3394,190005,4,7,7
3,19,1925,2,3394,190006,1,2,3
3,19,1925,2,3394,190006,2,4,2
3,19,1925,2,3394,190009,1,2,4
3,19,1925,2,3394,190009,2,3,2
3,19,1925,2,3394,190009,3,4,4
3,19,1925,2,3394,190010,1,2,2
3,19,1925,2,3394,190010,2,3,2
3,19,1925,2,3394,190010,3,2,2
3,19,1921,1,842,190011,1,2,1
3,19,1921,1,842,190011,2,3,3
3,19,1921,1,842,190019,1,2,4
3,19,1921,1,842,190019,3,2,4
3,19,1921,1,842,190020,3,2,4
3,19,1943,2,668,190021,1,7,1
3,19,1943,2,668,190021,2,7,1
3,19,1943,2,668,190021,3,7,1
3,19,1943,2,668,190021,4,7,1
3,19,1943,2,668,190022,1,7,7
3,19,1943,2,668,190022,3,7,7
3,19,1916,2,1516,190034,3,7,1
3,19,1916,2,1516,190035,2,7,7
3,19,1916,2,1516,190035,3,7,7
3,19,1916,2,1516,190035,4,7,7
3,19,1916,2,1516,190036,1,7,1
3,19,1916,2,1516,190036,2,7,1
3,19,1916,2,1516,190036,3,0,1
3,19,1901,2,640,190047,1,7,2
3,19,1901,2,640,190047,2,7,2
3,19,1901,2,640,190048,1,7,2
3,19,1901,2,640,190048,2,7,2
3,19,1901,2,640,190048,3,7,2
3,19,1901,2,640,190048,4,7,2
3,19,1937,2,432,190056,1,3,2
3,19,1937,2,432,190056,2,1,2
3,19,1937,2,432,190057,1,3,1
3,19,1937,2,432,190057,2,2,2
3,19,1937,2,432,190060,1,2,2
3,19,1937,2,432,190060,2,3,2
3,19,1936,2,1994,190066,1,0,1
3,19,1936,2,1994,190066,2,7,1
3,19,1936,2,1994,190066,3,7,1
3,19,1936,2,1994,190067,1,7,1
3,19,1936,2,1994,190067,2,7,1
3,19,1936,2,1994,190067,3,7,1
3,19,1902,2,52,190071,2,3,1
3,19,1902,2,52,190072,2,7,1
3,19,1902,2,52,190073,3,7,1
3,19,1902,2,52,190074,1,2,1
3,19,1902,2,52,190074,2,2,2
3,19,1902,2,52,190075,1,2,2
3,19,1902,2,52,190075,2,1,1
3,19,1902,2,52,190076,1,2,1
3,19,1902,2,52,190076,2,2,2
3,19,1902,2,52,190079,1,2,3
3,19,1902,2,52,190079,2,1,1
3,19,1902,2,52,190080,1,3,2
3,19,1902,2,52,190080,2,3,2
3,19,1914,2,934,190081,1,3,3
3,19,1914,2,934,190081,2,1,1
3,19,1914,2,934,190081,3,1,2
3,19,1914,2,934,190082,1,3,3
3,19,1914,2,934,190082,2,2,1
3,19,1914,2,934,190082,3,2,3
3,19,1914,2,934,190083,1,7,1
3,19,1914,2,934,190083,2,7,1
3,19,1914,2,934,190083,3,7,1
3,19,1914,2,934,190084,1,7,1
3,19,1914,2,934,190084,2,7,1
3,19,1914,2,934,190084,3,7,1
3,19,1914,2,934,190085,1,7,1
3,19,1914,2,934,190085,2,7,1
3,19,1914,2,934,190085,3,7,1
3,19,1914,2,934,190086,1,7,2
3,19,1914,2,934,190086,2,7,2
3,19,1914,2,934,190087,1,3,3
3,19,1914,2,934,190087,2,2,1
3,19,1914,2,934,190088,1,3,3
3,19,1914,2,934,190088,2,2,3
3,19,1914,2,934,190088,3,2,3
3,19,1941,2,518,190094,1,7,1
3,19,1941,2,518,190094,2,7,1
3,19,1941,2,518,190094,3,7,1
3,19,1941,2,518,190094,4,7,1
3,19,1941,2,518,190095,1,7,1
3,19,1941,2,518,190095,2,7,1
3,19,1941,2,518,190095,3,7,1
3,19,1941,2,518,190096,1,7,1
3,19,1941,2,518,190096,2,7,1
3,19,1941,2,518,190096,3,7,1
3,19,1941,2,518,190098,1,2,3
3,19,1941,2,518,190098,2,1,2
3,19,1941,2,518,190099,1,2,2
3,19,1941,2,518,190099,2,1,2
3,19,1941,2,518,190100,1,7,7
3,19,1941,2,518,190100,3,2,6
3,19,1941,2,518,190100,4,2,2
3,19,1925,1,2858,190105,1,2,1
3,19,1925,1,2858,190105,2,4,1
3,19,1925,1,2858,190105,3,6,1
3,19,1925,1,2858,190105,4,5,1
3,19,1925,1,2858,190109,1,5,10
3,19,1912,1,1510,190112,1,3,2
3,19,1912,1,1510,190112,2,4,1
3,19,1912,1,1510,190112,3,1,1
3,19,1912,1,1510,190112,4,1,1
3,19,1912,1,1510,190116,1,3,2
3,19,1912,1,1510,190116,2,5,1
3,19,1912,1,1510,190116,3,4,1
3,19,1905,2,1290,190123,1,3,1
3,19,1905,2,1290,190123,2,3,1
3,19,1905,2,1290,190123,3,2,1
3,19,1905,2,1290,190123,4,1,1
3,19,1905,2,1290,190129,3,3,0
3,19,1905,2,1290,190130,1,2,1
3,19,1905,2,1290,190130,2,3,1
3,19,1905,2,1290,190130,3,2,1
3,19,1905,2,1290,190130,4,1,1
3,19,1910,2,808,190131,1,4,2
3,19,1910,2,808,190131,2,3,2
3,19,1910,2,808,190136,1,5,7
3,19,1910,2,808,190136,3,2,3
3,19,1910,2,808,190139,1,5,2
3,19,1910,2,808,190139,2,4,2
3,19,1910,2,808,190139,3,1,1
3,19,1908,2,284,190142,2,1,1
3,19,1908,2,284,190145,2,7,1
3,19,1908,2,284,190145,3,2,1
3,19,1908,2,284,190145,4,2,1
3,19,1908,2,284,190148,1,3,1
3,19,1908,2,284,190148,2,4,1
3,19,1908,2,284,190148,3,5,1
3,19,1908,2,284,190148,4,1,1
3,19,1934,2,386,190152,1,4,1
3,19,1934,2,386,190152,2,4,1
3,19,1934,2,386,190152,3,3,1
3,19,1934,2,386,190152,4,2,1
3,19,1934,2,386,190154,1,2,1
3,19,1934,2,386,190155,1,2,2
3,19,1934,2,386,190158,1,2,1
3,19,1934,2,386,190158,2,2,1
3,19,1934,2,386,190158,3,2,1
3,19,1934,2,386,190158,4,2,1
3,19,1919,2,366,190161,1,1,1
3,19,1919,2,366,190161,2,1,1
3,19,1919,2,366,190161,3,2,1
3,19,1919,2,366,190161,4,7,1
3,19,1919,2,366,190162,1,4,1
3,19,1919,2,366,190162,2,3,1
3,19,1919,2,366,190162,3,7,3
3,19,1919,2,366,190162,4,7,3
3,19,1919,2,366,190163,1,3,1
3,19,1919,2,366,190163,2,4,1
3,19,1919,2,366,190163,3,6,1
3,19,1919,2,366,190163,4,5,1
3,19,1919,2,366,190165,1,1,2
3,19,1928,2,526,190174,1,2,0
3,19,1928,2,526,190174,2,1,0
3,19,1928,2,526,190175,1,1,1
3,19,1928,2,526,190175,2,1,1
3,19,1928,2,526,190175,3,1,1
3,19,1928,2,526,190175,4,1,1
3,19,1928,2,526,190177,1,1,1
3,19,1928,2,526,190177,2,1,1
3,19,1928,2,526,190177,3,1,1
3,19,1928,2,526,190177,4,1,1
3,19,1932,2,562,190186,1,7,1
3,19,1932,2,562,190186,2,7,1
3,19,1932,2,562,190186,3,7,1
3,19,1932,2,562,190187,1,4,1
3,19,1932,2,562,190187,2,4,1
3,19,1932,2,562,190187,3,4,1
3,19,1932,2,562,190187,4,7,1
3,19,1932,2,562,190188,2,2,10
3,19,1932,2,562,190190,1,2,1
3,19,1923,2,284,190195,1,4,1
3,19,1923,2,284,190195,2,5,1
3,19,1923,2,284,190195,3,5,1
3,19,1923,2,284,190195,4,5,1
3,19,1923,2,284,190196,1,2,1
3,19,1923,2,284,190196,2,1,1
3,19,1923,2,284,190196,3,1,1
3,19,1923,2,284,190196,4,1,1
3,19,1923,2,284,190197,1,2,1
3,19,1923,2,284,190197,2,3,1
3,19,1923,2,284,190197,3,2,1
3,19,1923,2,284,190197,4,1,1
3,20,2021,1,3300,200006,1,7,2
3,20,2021,1,3300,200006,2,5,2
3,20,2021,1,3300,200006,3,2,3
3,20,2018,2,1134,200011,1,7,14
3,20,2018,2,1134,200011,2,7,14
3,20,2018,2,1134,200011,3,7,7
3,20,2018,2,1134,200012,1,7,14
3,20,2018,2,1134,200012,2,7,7
3,20,2018,2,1134,200012,3,7,7
3,20,2005,2,970,200024,1,7,14
3,20,2005,2,970,200024,2,7,7
3,20,2005,2,970,200024,3,7,7
3,20,2005,2,970,200025,1,7,14
3,20,2005,2,970,200025,2,7,14
3,20,2005,2,970,200025,3,7,7
3,20,2005,2,970,200026,2,7,14
3,20,2005,2,970,200026,3,7,14
3,20,2003,2,784,200031,1,7,14
3,20,2003,2,784,200031,3,7,7
3,20,2003,2,784,200032,1,7,14
3,20,2003,2,784,200032,2,7,7
3,20,2003,2,784,200032,3,7,7
3,20,2003,2,784,200033,1,7,14
3,20,2003,2,784,200033,2,7,7
3,20,2003,2,784,200033,3,7,7
3,20,2003,2,784,200034,1,7,14
3,20,2003,2,784,200034,3,7,7
3,20,2032,1,1390,200056,1,7,14
3,20,2032,1,1390,200056,2,7,7
3,20,2032,1,1390,200056,3,7,7
3,20,2032,2,1772,200061,1,5,10
3,20,2032,2,1772,200061,2,4,4
3,20,2032,2,1772,200062,2,7,14
3,20,2032,2,1772,200062,3,7,7
3,20,2015,2,1746,200078,1,6,12
3,20,2015,2,1746,200078,3,5,5
3,20,2022,2,1130,200086,1,7,14
3,20,2022,2,1130,200086,3,7,7
3,20,2022,2,1130,200087,1,7,14
3,20,2022,2,1130,200087,2,7,7
3,20,2022,2,1130,200087,3,7,7
3,20,2001,2,1354,200091,1,2,2
3,20,2001,2,1354,200091,2,2,3
3,20,2001,2,1354,200091,3,3,2
3,20,2001,2,1354,200092,2,2,2
3,20,2001,2,1354,200092,3,3,2
3,20,2001,2,1354,200093,1,2,3
3,20,2001,2,1354,200093,2,3,2
3,20,2001,2,1354,200093,3,3,4
3,20,2001,2,1354,200094,1,2,3
3,20,2001,2,1354,200094,2,2,2
3,20,2001,2,1354,200094,3,2,2
3,20,2001,2,1354,200095,1,3,8
3,20,2001,2,1354,200095,2,1,3
3,20,2001,2,1354,200095,3,4,12
3,20,2001,2,1354,200096,1,3,9
3,20,2001,2,1354,200096,2,2,4
3,20,2001,2,1354,200097,1,7,12
3,20,2001,2,1354,200097,2,4,9
3,20,2001,2,1354,200097,3,2,6
3,20,2001,2,1354,200097,4,2,4
3,20,2001,2,1354,200098,2,2,2
3,20,2001,2,1354,200098,3,2,2
3,20,2001,2,1354,200098,4,2,1
3,20,2001,2,1354,200099,2,5,4
3,20,2001,2,1354,200099,3,4,3
3,20,2001,2,1354,200100,2,2,2
3,20,2001,2,1354,200100,3,2,2
3,20,2025,2,760,200101,2,2,2
3,20,2025,2,760,200101,3,2,2
3,20,2025,2,760,200102,2,2,2
3,20,2025,2,760,200102,3,1,2
3,20,2025,2,760,200103,1,1,2
3,20,2025,2,760,200103,2,2,3
3,20,2025,2,760,200104,1,4,6
3,20,2025,2,760,200104,2,2,4
3,20,2025,2,760,200105,1,2,2
3,20,2025,2,760,200105,2,3,2
3,20,2025,2,760,200107,2,2,3
3,20,2025,2,760,200107,3,4,6
3,20,2025,2,760,200108,1,7,14
3,20,2025,2,760,200108,2,4,8
3,20,2025,2,760,200108,3,2,4
3,20,2025,2,760,200109,1,4,6
3,20,2025,2,760,200109,2,3,8
3,20,2025,2,760,200109,3,3,2
3,20,2025,2,760,200110,2,2,2
3,20,2025,2,760,200110,3,2,2
3,20,2025,2,1304,200111,1,2,2
3,20,2025,2,1304,200111,2,1,1
3,20,2025,2,1304,200111,3,1,1
3,20,2025,2,1304,200112,2,2,2
3,20,2025,2,1304,200112,3,2,2
3,20,2025,2,1304,200113,1,4,6
3,20,2025,2,1304,200113,2,2,3
3,20,2025,2,1304,200114,1,4,6
3,20,2025,2,1304,200114,2,3,4
3,20,2025,2,1304,200114,3,1,1
3,20,2025,2,1304,200114,4,1,2
3,20,2025,2,1304,200115,1,2,2
3,20,2025,2,1304,200115,2,1,2
3,20,2025,2,1304,200115,3,2,2
3,20,2025,2,1304,200116,1,4,6
3,20,2025,2,1304,200116,2,2,3
3,20,2025,2,1304,200116,3,1,2
3,20,2025,2,1304,200116,4,1,1
3,20,2025,2,1304,200117,2,2,3
3,20,2025,2,1304,200117,3,2,3
3,20,2025,2,1304,200118,1,2,2
3,20,2025,2,1304,200118,2,2,1
3,20,2025,2,1304,200118,3,1,1
3,20,2025,2,1304,200119,2,2,2
3,20,2025,2,1304,200120,2,3,3
3,20,2025,2,1304,200120,3,2,3
3,20,2019,2,344,200124,1,6,12
3,20,2019,2,344,200124,2,4,10
3,20,2019,2,344,200124,3,1,2
3,20,2019,2,344,200124,4,7,18
3,20,2019,2,344,200125,1,6,9
3,20,2019,2,344,200125,2,4,6
3,20,2019,2,344,200126,1,2,3
3,20,2019,2,344,200126,2,2,3
3,20,2019,2,344,200126,3,1,3
3,20,2019,2,344,200126,4,2,2
3,20,2019,2,344,200127,1,4,9
3,20,2019,2,344,200127,2,2,6
3,20,2019,2,344,200127,3,1,1
3,20,2019,2,344,200127,4,2,4
3,20,2009,2,240,200131,1,4,12
3,20,2009,2,240,200131,2,3,6
3,20,2009,2,240,200131,3,2,4
3,20,2009,2,240,200131,4,1,1
3,20,2009,2,240,200132,1,2,2
3,20,2009,2,240,200132,2,2,3
3,20,2009,2,240,200132,3,2,1
3,20,2009,2,240,200133,2,2,2
3,20,2009,2,240,200134,1,3,6
3,20,2009,2,240,200134,2,2,4
3,20,2009,2,240,200134,4,1,2
3,20,2009,2,240,200135,2,2,2
3,20,2009,2,240,200135,3,2,2
3,20,2009,2,240,200136,2,2,2
3,20,2009,2,240,200136,3,2,2
3,20,2009,2,240,200137,1,3,6
3,20,2009,2,240,200137,2,1,2
3,20,2009,2,240,200137,4,1,2
3,20,2009,2,240,200138,2,4,2
3,20,2009,2,240,200140,1,2,2
3,20,2009,2,240,200140,2,3,2
3,20,2009,2,240,200140,3,2,0
3,20,2008,2,1474,200142,1,2,2
3,20,2008,2,1474,200142,2,2,2
3,20,2008,2,1474,200142,3,3,2
3,20,2008,2,1474,200143,1,7,18
3,20,2008,2,1474,200143,2,4,9
3,20,2008,2,1474,200143,3,1,1
3,20,2008,2,1474,200144,2,2,2
3,20,2008,2,1474,200144,3,2,3
3,20,2008,2,1474,200144,4,1,2
3,20,2008,2,1474,200149,1,1,1
3,20,2008,2,1474,200149,2,1,0
3,20,2008,2,1474,200150,1,2,2
3,20,2008,2,1474,200150,2,2,2
3,20,2008,2,1474,200150,3,2,3
3,20,2013,2,1232,200151,1,2,2
3,20,2013,2,1232,200151,2,2,3
3,20,2013,2,1232,200151,3,1,3
3,20,2013,2,1232,200152,1,3,6
3,20,2013,2,1232,200152,2,2,4
3,20,2013,2,1232,200152,3,1,1
3,20,2013,2,1232,200152,4,2,3
3,20,2013,2,1232,200153,1,4,9
3,20,2013,2,1232,200153,2,2,3
3,20,2013,2,1232,200154,1,2,6
3,20,2013,2,1232,200154,2,3,2
3,20,2013,2,1232,200154,4,1,3
3,20,2013,2,1232,200155,2,2,2
3,20,2013,2,1232,200155,3,2,2
3,20,2013,2,1232,200156,1,4,8
3,20,2013,2,1232,200156,2,2,6
3,20,2013,2,1232,200156,3,1,1
3,20,2013,2,1232,200156,4,1,2
3,20,2013,2,1232,200157,1,2,1
3,20,2013,2,1232,200157,2,3,2
3,20,2013,2,1232,200158,1,1,1
3,20,2013,2,1232,200158,2,2,2
3,20,2013,2,1232,200160,1,2,2
3,20,2013,2,1232,200160,2,2,2
3,20,2013,2,1232,200160,3,2,3
3,20,2028,2,498,200163,1,6,
3,20,2028,2,498,200164,1,4,3
3,20,2028,2,498,200164,2,1,1
3,20,2028,2,498,200165,1,1,2
3,20,2028,2,498,200165,2,2,2
3,20,2028,2,498,200166,1,2,2
3,20,2028,2,498,200166,2,2,1
3,20,2028,2,498,200166,3,2,1
3,20,2028,2,498,200169,1,7,2
3,20,2012,1,844,200181,1,2,3
3,20,2012,1,844,200181,2,1,2
3,20,2012,1,844,200181,3,1,1
3,20,2012,1,844,200182,1,2,3
3,20,2012,1,844,200182,2,2,3
3,20,2012,1,844,200182,3,1,2
3,20,2012,1,844,200183,1,2,2
3,20,2012,1,844,200183,2,2,2
3,20,2012,1,844,200183,3,2,2
3,20,2012,1,844,200183,4,1,2
3,20,2012,1,844,200184,1,2,2
3,20,2012,1,844,200184,2,2,2
3,20,2012,1,844,200184,3,2,2
3,20,2012,1,844,200185,1,4,12
3,20,2012,1,844,200185,2,6,9
3,20,2012,1,844,200185,3,2,3
3,20,2012,1,844,200185,4,1,1
3,20,2012,1,844,200186,2,2,2
3,20,2012,1,844,200186,3,1,2
3,20,2012,1,844,200188,1,1,2
3,20,2012,1,844,200188,2,4,8
3,20,2012,1,844,200188,3,3,9
3,20,2012,1,844,200189,1,2,2
3,20,2012,1,844,200189,2,2,3
3,20,2012,1,844,200189,3,2,2
3,20,2012,1,844,200190,2,2,2
3,20,2012,1,844,200190,3,1,2
3,21,2106,2,2822,210002,1,2,6
3,21,2106,2,2822,210002,2,7,21
3,21,2106,2,2822,210002,3,2,6
3,21,2106,2,2822,210002,4,2,6
3,21,2106,2,2822,210003,2,7,21
3,21,2106,2,2822,210003,3,9,9
3,21,2106,2,2822,210006,3,1,1
3,21,2106,2,2822,210008,2,7,7
3,21,2106,2,2822,210008,3,3,6
3,21,2106,2,2822,210010,1,3,6
3,21,2106,2,2822,210010,2,5,12
3,21,2106,2,2822,210010,3,2,4
3,21,2106,2,2822,210010,4,2,4
3,21,2106,2,236,210011,1,3,6
3,21,2106,2,236,210011,2,2,3
3,21,2106,2,236,210012,4,3,9
3,21,2106,2,236,210015,1,2,3
3,21,2106,2,236,210015,2,3,3
3,21,2106,2,236,210015,3,2,6
3,21,2109,2,38,210022,1,2,6
3,21,2109,2,38,210022,2,7,7
3,21,2109,2,38,210024,3,7,7
3,21,2109,2,38,210027,2,3,7
3,21,2109,2,38,210027,3,2,0
3,21,2109,2,38,210027,4,7,9
3,21,2109,2,38,210028,3,3,5
3,21,2109,2,38,210028,4,0,4
3,21,2119,2,3956,210031,3,2,3
3,21,2119,2,3956,210034,3,4,7
3,21,2119,2,3956,210036,2,30,3
3,21,2119,2,2146,210042,3,7,7
3,21,2119,2,2146,210042,4,14,14
3,21,2119,2,2146,210048,1,7,7
3,21,2119,2,2146,210048,2,2,4
3,21,2119,2,2146,210048,3,3,6
3,21,2115,2,926,210054,2,3,6
3,21,2115,2,926,210054,3,1,1
3,21,2115,2,926,210054,4,1,2
3,21,2115,2,926,210058,2,2,6
3,21,2115,2,926,210058,3,2,6
3,21,2117,2,554,210063,2,3,6
3,21,2117,2,554,210065,3,4,3
3,21,2117,2,554,210067,2,2,4
3,21,2117,2,554,210067,3,2,4
3,21,2117,2,554,210070,2,7,7
3,21,2117,2,554,210070,3,7,14
3,21,2108,1,520,210072,3,1,3
3,21,2108,1,520,210074,1,2,4
3,21,2108,1,520,210074,2,3,6
3,21,2108,1,520,210079,4,7,7
3,21,2102,2,1124,210087,3,7,10
3,21,2102,2,1124,210089,1,2,6
3,21,2102,2,1124,210089,2,1,1
3,21,2102,2,1124,210089,3,1,1
3,21,2102,2,1124,210090,1,2,2
3,21,2102,2,1124,210090,2,3,3
3,21,2102,2,1124,210090,4,3,7
3,21,2111,2,180,210094,2,7,7
3,21,2111,2,180,210094,4,7,21
3,21,2111,2,180,210095,2,2,6
3,21,2111,2,180,210097,2,7,8
3,21,2111,2,180,210097,3,7,7
3,21,2111,2,180,210098,1,2,6
3,21,2111,2,180,210098,2,3,9
3,21,2111,2,180,210098,3,2,6
1,22,2211,1,806,220002,3,7,3
1,22,2211,1,806,220007,1,7,2
1,22,2211,1,806,220007,2,7,2
1,22,2211,1,806,220007,3,7,2
1,22,2211,1,806,220010,2,7,2
1,22,2211,1,806,220010,3,7,2
1,22,2211,2,594,220011,1,7,14
1,22,2211,2,594,220011,2,7,14
1,22,2211,2,594,220011,3,7,14
1,22,2211,2,594,220011,4,7,14
1,22,2211,2,594,220016,3,2,1
1,22,2211,2,594,220016,4,2,1
1,22,2209,1,792,220047,1,7,3
1,22,2209,1,792,220047,2,7,3
1,22,2209,1,792,220047,3,7,3
1,22,2209,1,792,220048,3,7,7
1,22,2220,1,1296,220056,1,6,8
1,22,2205,2,2432,220070,3,3,3
1,22,2205,2,664,220072,3,7,3
1,22,2205,2,664,220074,1,4,4
1,22,2205,2,664,220075,1,7,7
1,22,2205,2,664,220075,2,5,5
1,22,2218,2,596,220100,1,2,
1,22,2203,2,266,220111,1,6,6
1,22,2203,2,266,220111,2,6,6
1,22,2203,2,266,220114,2,2,2
1,22,2203,2,266,220114,3,1,2
1,22,2203,2,266,220114,4,2,3
1,22,2203,2,266,220116,3,7,3
1,22,2203,2,266,220120,3,7,3
1,23,2308,1,5180,230006,3,7,12
1,23,2307,1,78,230022,1,2,4
1,23,2307,1,78,230022,3,4,6
1,23,2311,2,516,230086,3,2,2
1,23,2311,2,516,230088,3,3,5
1,23,2311,2,516,230089,2,1,2
1,23,2311,2,516,230089,3,1,2
1,23,2316,1,140,230106,2,3,4
1,23,2316,1,140,230110,2,3,3
1,23,2316,1,140,230110,3,1,1
1,23,2303,2,2348,230116,2,1,2
6,24,2415,1,696,240002,3,1,1
6,24,2403,1,1588,240014,1,1,1
6,24,2403,1,1588,240014,3,1,1
6,24,2403,1,1588,240018,3,2,1
6,24,2403,1,674,240034,1,2,2
6,24,2403,1,674,240034,3,2,2
6,24,2403,1,674,240035,3,5,2
6,24,2403,1,674,240035,4,0,1
6,24,2401,1,766,240042,3,2,2
6,24,2403,1,7586,240052,3,1,2
6,24,2403,1,7586,240057,2,3,2
6,24,2418,1,1770,240074,3,2,1
6,24,2419,1,330,240083,3,3,3
6,24,2419,1,330,240086,2,1,1
6,24,2419,1,330,240086,3,1,1
6,24,2412,1,2798,240091,1,3,4
6,24,2412,1,2798,240094,2,1,2
6,24,2412,1,2798,240094,3,1,3
6,24,2412,1,2798,240096,3,3,3
6,24,2417,1,112,240106,3,1,0
6,24,2417,1,112,240110,2,2,2
6,24,2405,1,134,240113,3,1,1
6,24,2413,1,306,240122,3,2,2
6,24,2413,1,306,240123,1,3,1
6,24,2417,1,924,240132,1,1,1
6,24,2417,1,924,240132,2,1,1
6,24,2417,1,924,240132,3,1,1
6,24,2417,1,924,240132,4,1,1
6,24,2408,1,2074,240141,3,2,2
6,24,2411,1,788,240155,3,2,1
6,24,2407,2,396,240163,3,1,2
6,24,2407,2,396,240168,3,1,1
6,24,2407,2,396,240170,3,1,1
1,25,2508,1,2788,250002,1,7,3
1,25,2508,1,2788,250002,2,7,3
1,25,2508,1,2788,250002,3,7,3
1,25,2508,1,2788,250002,4,7,3
1,25,2508,1,2788,250005,1,3,4
1,25,2508,1,2788,250005,2,6,2
1,25,2508,1,2788,250005,3,5,4
1,25,2508,1,2788,250005,4,5,3
1,25,2508,1,2788,250008,1,6,1
1,25,2508,1,2788,250008,2,6,2
1,25,2508,1,2788,250008,3,3,1
1,25,2508,1,2788,250008,4,4,1
1,25,2504,2,222,250011,2,3,3
1,25,2504,2,222,250013,1,2,6
1,25,2504,2,222,250013,2,2,6
1,25,2504,2,222,250013,3,2,6
1,25,2504,2,222,250013,4,1,6
1,25,2504,2,222,250015,1,3,1
1,25,2504,2,222,250015,2,5,1
1,25,2504,2,222,250015,3,5,1
1,25,2504,2,222,250015,4,4,1
1,25,2504,2,222,250017,1,1,1
1,25,2504,2,222,250017,2,1,1
1,25,2504,2,222,250017,3,1,1
1,25,2504,2,222,250017,4,1,1
1,25,2504,2,222,250018,1,7,3
1,25,2504,2,222,250018,2,7,3
1,25,2504,2,222,250018,3,7,3
1,25,2504,2,222,250018,4,7,3
1,25,2509,2,248,250022,1,7,3
1,25,2509,2,248,250022,2,7,3
1,25,2509,2,248,250022,3,7,3
1,25,2509,2,248,250022,4,7,3
1,25,2509,2,248,250024,1,7,1
1,25,2509,2,248,250024,2,7,1
1,25,2509,2,248,250024,3,7,1
1,25,2509,2,248,250024,4,7,1
1,25,2509,2,248,250025,1,7,2
1,25,2509,2,248,250025,2,7,2
1,25,2509,2,248,250025,3,7,2
1,25,2509,2,248,250025,4,7,2
1,25,2509,2,248,250026,1,1,2
1,25,2509,2,248,250026,2,1,3
1,25,2509,2,248,250026,3,1,1
1,25,2509,2,248,250026,4,1,0
1,25,2509,2,248,250027,1,7,1
1,25,2509,2,248,250027,2,7,1
1,25,2509,2,248,250027,3,7,1
1,25,2509,2,248,250027,4,7,1
1,25,2509,2,248,250028,2,3,3
1,25,2509,2,248,250029,1,7,3
1,25,2509,2,248,250029,2,7,3
1,25,2509,2,248,250029,3,7,3
1,25,2509,2,248,250029,4,7,3
1,25,2509,2,248,250030,1,1,1
1,25,2509,2,248,250030,2,1,1
1,25,2509,2,248,250030,3,1,1
1,25,2509,2,248,250030,4,0,1
1,25,2507,2,814,250032,1,2,1
1,25,2507,2,814,250032,2,3,1
1,25,2507,2,814,250032,3,3,1
1,25,2507,2,814,250032,4,3,1
1,25,2507,2,814,250035,2,4,10
1,25,2507,2,814,250038,1,7,3
1,25,2507,2,814,250038,2,7,3
1,25,2507,2,814,250038,3,7,3
1,25,2507,2,814,250038,4,7,3
1,25,2507,2,814,250040,1,7,1
1,25,2507,2,814,250040,2,7,1
1,25,2507,2,814,250040,3,7,1
1,25,2507,2,814,250040,4,7,1
1,25,2513,2,128,250042,2,3,4
1,25,2513,2,128,250043,1,5,1
1,25,2513,2,128,250043,2,5,1
1,25,2513,2,128,250043,3,5,1
1,25,2513,2,128,250043,4,5,1
1,25,2513,2,128,250045,1,2,1
1,25,2513,2,128,250045,2,2,1
1,25,2513,2,128,250045,3,2,1
1,25,2513,2,128,250045,4,2,1
1,25,2513,2,128,250047,1,3,3
1,25,2513,2,128,250047,2,3,3
1,25,2513,2,128,250047,3,2,3
1,25,2513,2,128,250047,4,1,3
1,25,2502,2,728,250054,1,7,3
1,25,2502,2,728,250054,2,7,3
1,25,2502,2,728,250054,3,7,3
1,25,2502,2,728,250054,4,7,3
1,25,2502,2,728,250055,1,2,1
1,25,2502,2,728,250055,2,2,1
1,25,2502,2,728,250055,3,2,1
1,25,2502,2,728,250055,4,1,1
1,25,2502,2,728,250056,1,3,1
1,25,2502,2,728,250056,2,2,1
1,25,2502,2,728,250056,3,2,1
1,25,2502,2,728,250056,4,1,1
1,25,2502,2,728,250057,1,7,3
1,25,2502,2,728,250057,2,7,3
1,25,2502,2,728,250057,3,7,3
1,25,2502,2,728,250057,4,7,3
1,25,2502,2,728,250058,1,7,3
1,25,2502,2,728,250058,2,7,3
1,25,2502,2,728,250058,3,7,3
1,25,2502,2,728,250058,4,7,3
1,25,2502,2,728,250060,1,7,3
1,25,2502,2,728,250060,2,7,3
1,25,2502,2,728,250060,3,7,3
1,25,2502,2,728,250060,4,7,3
1,25,2511,2,1424,250061,1,7,3
1,25,2511,2,1424,250061,2,7,3
1,25,2511,2,1424,250061,3,7,3
1,25,2511,2,1424,250061,4,7,3
1,25,2511,2,1424,250062,1,3,1
1,25,2511,2,1424,250062,2,2,1
1,25,2511,2,1424,250062,3,1,1
1,25,2511,2,1424,250062,4,1,1
1,25,2511,2,1424,250063,1,7,3
1,25,2511,2,1424,250063,2,7,3
1,25,2511,2,1424,250063,3,7,3
1,25,2511,2,1424,250063,4,7,3
1,25,2511,2,1424,250064,1,2,1
1,25,2511,2,1424,250064,2,2,1
1,25,2511,2,1424,250064,3,2,1
1,25,2511,2,1424,250064,4,2,1
1,25,2511,2,1424,250065,1,7,2
1,25,2511,2,1424,250065,2,7,2
1,25,2511,2,1424,250065,3,7,2
1,25,2511,2,1424,250065,4,7,2
1,25,2511,2,1424,250066,3,3,5
1,25,2511,2,1424,250067,1,7,3
1,25,2511,2,1424,250067,2,7,3
1,25,2511,2,1424,250067,3,7,3
1,25,2511,2,1424,250067,4,7,3
1,25,2511,2,1424,250068,2,3,6
1,25,2511,2,1424,250070,1,1,2
1,25,2511,2,1424,250070,2,1,1
1,25,2511,2,1424,250070,3,1,1
1,25,2511,2,1424,250070,4,1,1
1,26,2606,1,516,260002,3,4,4
1,26,2615,2,2196,260051,4,7,2
1,26,2615,2,2196,260058,3,7,1
1,26,2621,2,100,260073,3,1,2
1,26,2621,2,100,260074,3,2,2
1,26,2611,2,424,260082,3,3,2
1,26,2611,2,424,260083,2,1,1
1,26,2611,2,424,260083,3,2,2
1,26,2611,2,424,260085,3,2,2
1,26,2611,2,424,260090,3,3,2
1,26,2605,2,594,260096,1,2,2
1,26,2605,2,594,260096,2,2,2
1,26,2605,2,594,260096,3,2,2
1,26,2605,2,594,260096,4,2,2
1,26,2605,2,594,260098,2,2,2
1,26,2605,2,594,260098,3,2,1
1,26,2603,1,1786,260101,2,1,1
1,26,2603,1,1786,260101,3,2,3
1,26,2603,1,1786,260102,2,3,5
1,26,2603,1,1786,260102,3,1,1
1,26,2603,1,658,260111,3,1,2
1,26,2603,1,658,260113,1,2,6
1,26,2603,1,658,260113,3,1,6
1,26,2603,1,658,260115,2,2,2
1,26,2603,1,658,260116,2,2,2
1,26,2603,1,658,260117,2,3,4
1,26,2603,1,658,260117,3,2,2
1,26,2613,2,2248,260121,2,3,6
1,26,2613,2,2248,260121,3,2,4
1,26,2613,2,2248,260123,1,3,4
1,26,2613,2,2248,260123,2,2,5
1,26,2613,2,2248,260123,3,3,2
1,26,2613,2,2248,260125,2,2,6
1,26,2613,2,2248,260125,3,1,2
1,26,2608,2,820,260131,2,2,3
1,26,2608,2,820,260131,3,1,2
1,26,2608,2,820,260132,2,2,3
1,26,2608,2,820,260132,3,1,2
1,26,2608,2,820,260133,2,2,3
1,26,2608,2,820,260133,3,1,2
1,26,2601,2,822,260145,2,3,5
1,26,2601,2,822,260145,3,2,4
1,26,2601,2,822,260146,2,3,9
1,26,2601,2,822,260149,1,3,2
1,26,2601,2,822,260149,2,3,6
1,26,2601,2,822,260149,3,2,2
1,26,2601,2,822,260149,4,1,1
1,26,2601,2,822,260150,2,2,4
1,26,2601,2,822,260150,3,1,2
1,26,2613,2,1462,260151,2,2,2
1,26,2613,2,1462,260151,3,1,2
1,26,2613,2,1462,260152,2,3,8
1,26,2613,2,1462,260152,3,2,4
1,26,2613,2,1462,260153,2,3,10
1,26,2613,2,1462,260153,3,2,5
1,26,2613,2,1462,260155,2,3,2
1,26,2613,2,1462,260155,3,2,1
1,26,2616,2,254,260161,2,2,4
1,26,2616,2,254,260161,3,1,1
1,26,2616,2,254,260162,2,2,2
1,26,2616,2,254,260163,2,2,4
1,26,2616,2,254,260163,3,1,2
1,26,2616,2,254,260164,2,2,4
1,26,2616,2,254,260164,3,1,2
1,26,2625,2,926,260178,2,2,3
1,26,2625,2,926,260178,3,1,2
1,26,2625,2,926,260179,2,2,2
1,26,2625,2,926,260180,2,2,4
1,26,2625,2,926,260180,3,1,2
6,27,2709,1,1646,270033,1,2,2
6,27,2709,1,1646,270034,1,3,3
6,27,2709,1,1646,270038,3,2,2
6,27,2712,2,110,270050,3,3,5
6,27,2711,1,710,270051,3,5,5
6,27,2707,1,1410,270072,2,2,2
6,27,2707,1,1410,270072,3,3,3
6,28,2806,1,164,280019,1,5,3
6,28,2806,1,164,280019,2,4,3
6,28,2806,1,164,280019,3,6,2
6,28,2802,2,566,280041,2,2,2
6,28,2802,2,566,280041,3,1,1
6,28,2802,2,566,280049,2,1,2
6,28,2802,2,566,280049,3,1,3
6,28,2816,2,3944,280072,1,2,1
6,28,2816,2,3944,280072,2,2,1
6,28,2810,2,2394,280093,2,2,2
6,28,2810,2,2394,280093,3,1,1
6,28,2810,1,3722,280108,1,4,2
6,29,2930,1,530,290001,2,2,2
6,29,2930,1,530,290007,3,1,1
6,29,2930,1,530,290009,1,5,10
6,29,2927,1,1124,290014,3,1,1
6,29,2927,1,1124,290016,3,7,21
6,29,2927,1,1124,290018,3,5,2
6,29,2930,1,1418,290025,3,3,3
6,29,2930,1,1418,290029,3,3,3
6,29,2930,1,1300,290038,2,2,1
6,29,2930,1,1300,290039,3,4,1
6,29,2909,2,220,290045,3,2,3
6,29,2918,1,952,290055,3,3,9
6,29,2918,1,952,290056,3,1,2
6,29,2918,1,952,290059,1,2,2
6,29,2918,1,952,290059,2,3,3
6,29,2918,1,952,290060,3,1,2
6,29,2905,1,384,290061,2,2,3
6,29,2905,1,1096,290071,3,4,1
6,29,2905,1,1096,290076,3,4,6
6,29,2905,1,1096,290078,3,3,2
6,29,2905,1,1096,290079,2,3,3
6,29,2905,1,1096,290080,3,4,6
6,29,2910,1,350,290082,3,2,4
6,29,2910,1,350,290084,3,7,7
6,29,2911,1,746,290091,3,4,12
6,29,2911,1,746,290097,3,0,2
6,29,2911,1,746,290098,3,1,1
6,29,2911,2,1870,290103,3,1,1
6,29,2911,2,1870,290107,3,1,2
6,29,2923,2,1126,290114,3,2,2
6,29,2923,2,1126,290115,2,2,2
6,29,2923,2,1126,290117,2,2,2
6,29,2923,2,1126,290118,3,2,2
6,29,2923,2,1126,290120,4,7,3
6,29,2923,1,396,290123,3,3,2
6,29,2923,1,396,290127,4,1,1
6,29,2902,1,1028,290133,3,5,10
6,29,2902,1,1028,290135,3,2,1
6,29,2902,1,1028,290137,3,1,2
6,29,2902,1,1028,290140,3,3,3
6,29,2920,1,506,290141,3,7,7
6,29,2920,1,506,290142,2,2,2
6,29,2920,1,506,290142,3,2,2
6,29,2920,1,1210,290151,3,1,1
6,29,2920,1,1210,290153,3,6,6
6,29,2920,1,1210,290157,3,2,4
6,29,2920,1,1210,290160,3,2,2
6,29,2914,1,214,290162,4,1,1
6,29,2914,1,214,290166,3,5,3
6,29,2920,2,1628,290171,3,1,1
6,29,2920,2,1628,290173,3,2,2
6,29,2920,2,1628,290173,4,1,1
6,29,2920,2,1628,290176,3,1,1
6,29,2920,2,1628,290178,3,1,1
6,29,2920,2,1628,290180,3,1,3
6,30,3009,1,764,300008,3,4,4
6,30,3018,2,914,300025,3,7,3
6,30,3018,2,914,300025,4,7,3
6,30,3018,2,914,300027,3,4,2
6,30,3018,2,914,300027,4,7,1
6,30,3012,2,334,300033,1,7,3
6,30,3012,2,334,300033,2,7,3
6,30,3012,2,334,300033,3,7,2
6,30,3012,2,334,300033,4,7,2
6,30,3012,2,334,300034,1,7,3
6,30,3012,2,334,300034,2,7,3
6,30,3012,2,334,300034,3,7,3
6,30,3012,2,334,300034,4,7,3
6,30,3012,2,334,300037,1,7,14
6,30,3012,2,334,300037,3,4,7
6,30,3012,2,334,300039,1,7,2
6,30,3012,2,334,300039,2,7,2
6,30,3012,2,334,300039,3,7,2
6,30,3012,2,334,300039,4,7,2
6,30,3014,2,120,300041,3,6,6
6,30,3005,1,2942,300093,3,3,21
6,30,3009,1,1642,300112,3,3,6
6,30,3002,1,1310,300137,1,1,1
6,30,3002,1,1310,300137,2,2,2
6,30,3002,1,1310,300137,3,2,1
6,30,3002,1,1310,300138,3,4,5
6,30,3002,1,1264,300142,3,3,2
6,30,3002,1,1264,300146,1,6,10
6,30,3002,1,1264,300148,3,2,2
6,30,3030,1,946,300151,2,1,3
6,30,3030,1,946,300151,3,1,3
6,30,3030,1,946,300154,2,2,2
6,30,3030,1,946,300155,3,4,6
6,30,3030,1,946,300158,2,3,2
6,30,3030,1,946,300158,3,2,2
6,30,3016,1,390,300162,1,1,2
6,30,3016,1,390,300162,2,1,1
6,30,3016,1,390,300166,2,1,1
6,30,3023,2,622,300173,1,2,3
6,30,3023,2,622,300173,2,1,1
6,30,3023,2,622,300177,2,2,2
6,30,3023,2,622,300180,1,3,3
6,30,3023,2,622,300180,2,3,1
6,30,3033,2,554,300190,2,2,3
6,30,3033,2,554,300190,3,2,3
6,30,3015,2,1688,300192,1,3,2
6,30,3015,2,1688,300192,2,2,2
6,30,3015,2,1688,300193,2,2,2
6,30,3015,2,1688,300196,2,4,6
6,30,3032,1,1088,300202,3,7,7
6,30,3032,1,1088,300210,3,2,2
6,30,3032,2,520,300212,1,3,4
6,30,3032,2,520,300212,2,1,2
6,30,3032,2,520,300214,2,1,2
6,30,3004,2,216,300225,2,1,2
6,30,3004,2,216,300225,3,1,2
6,30,3004,2,216,300226,3,3,3
6,30,3004,2,216,300228,3,2,6
1,31,3105,1,2914,310004,3,7,3
1,31,3101,2,604,310011,1,5,2
1,31,3101,2,604,310011,2,4,3
1,31,3101,2,604,310011,3,4,2
1,31,3101,2,604,310012,2,3,14
1,31,3101,2,604,310012,3,4,11
1,31,3115,2,680,310026,1,7,1
1,31,3115,2,680,310026,2,7,1
1,31,3115,2,680,310026,3,7,1
1,31,3115,2,680,310026,4,7,1
1,31,3115,2,680,310028,1,3,9
1,31,3115,2,680,310028,2,4,12
1,31,3115,2,680,310028,3,3,4
1,31,3115,2,680,310028,4,5,7
1,31,3115,2,680,310030,1,7,14
1,31,3115,2,680,310030,3,7,14
1,31,3111,2,2966,310032,1,3,7
1,31,3111,2,2966,310032,2,3,10
1,31,3111,2,2966,310032,3,4,6
1,31,3111,2,2966,310033,1,5,11
1,31,3111,2,2966,310033,2,4,13
1,31,3111,2,2966,310033,3,4,7
1,31,3107,2,1092,310044,3,1,3
1,31,3107,2,1092,310045,1,3,12
1,31,3107,2,1092,310045,2,4,14
1,31,3107,2,1092,310045,3,3,12
1,31,3107,2,1092,310046,1,3,6
1,31,3107,2,1092,310046,2,4,8
1,31,3107,2,1092,310046,3,2,5
1,31,3107,2,1092,310049,1,4,12
1,31,3107,2,1092,310049,2,3,10
1,31,3107,2,1092,310049,3,2,10
1,31,3107,1,724,310053,4,3,10
1,31,3107,1,724,310054,1,3,7
1,31,3107,1,724,310054,2,4,10
1,31,3107,1,724,310055,3,2,4
1,31,3113,2,332,310062,1,2,4
1,31,3113,2,332,310062,2,1,1
1,31,3113,2,332,310063,3,2,6
1,31,3113,2,332,310065,1,3,4
1,31,3113,2,332,310065,2,4,12
1,31,3113,2,332,310065,3,3,8
1,31,3113,2,332,310068,1,3,7
1,31,3113,2,332,310068,2,3,4
1,31,3113,2,332,310068,3,2,3
1,31,3109,2,1026,310074,1,2,6
1,31,3109,2,1026,310074,2,4,6
1,31,3109,2,1026,310074,3,7,11
1,31,3109,2,1026,310076,1,2,6
1,31,3109,2,1026,310076,2,6,10
1,31,3109,2,1026,310076,3,5,14
1,31,3109,2,1026,310077,1,2,5
1,31,3109,2,1026,310077,2,1,3
1,31,3109,2,1026,310077,3,5,11
1,31,3109,2,1026,310080,2,3,7
1,31,3109,2,1026,310080,3,4,12
1,31,3112,2,350,310085,1,1,3
1,31,3112,2,350,310085,2,2,5
1,31,3112,2,350,310085,3,2,4
1,31,3112,2,350,310087,1,3,7
1,31,3112,2,350,310087,2,2,5
1,31,3112,2,350,310087,3,2,6
1,31,3116,2,1344,310097,2,2,7
1,31,3116,2,1344,310097,3,3,11
1,31,3116,2,1344,310099,1,2,4
1,31,3116,2,1344,310099,2,1,1
1,31,3116,2,1344,310099,3,3,10
1,31,3116,2,1344,310100,2,2,3
1,31,3116,2,1344,310100,3,1,2
1,31,3116,2,1344,310100,4,3,7
1,31,3103,2,874,310104,1,3,7
1,31,3103,2,874,310104,3,3,10
1,31,3103,2,874,310105,1,3,6
1,31,3103,2,874,310105,2,4,12
1,31,3103,2,874,310105,3,3,14
1,31,3103,2,874,310109,2,3,12
1,31,3103,2,874,310109,3,6,10
1,31,3103,2,874,310110,1,2,2
1,31,3103,2,874,310110,2,2,2
5,32,3215,1,2978,320001,2,5,10
5,32,3215,1,2978,320001,3,5,10
5,32,3215,1,2978,320006,2,1,1
5,32,3215,1,2978,320006,3,2,1
5,32,3215,1,2978,320007,2,1,2
5,32,3215,1,2978,320007,3,2,3
5,32,3222,1,2780,320013,1,2,1
5,32,3222,1,2780,320013,2,2,1
5,32,3222,1,2780,320013,3,4,1
5,32,3222,1,2780,320013,4,2,2
5,32,3222,1,2780,320014,2,2,2
5,32,3222,1,2780,320014,3,1,1
5,32,3222,1,2780,320015,1,2,2
5,32,3222,1,2780,320015,2,1,2
5,32,3222,1,2780,320016,1,3,3
5,32,3222,1,2780,320016,2,1,2
5,32,3222,1,2780,320016,4,1,2
5,32,3218,2,296,320021,1,3,1
5,32,3218,2,296,320021,2,1,1
5,32,3218,2,296,320024,2,2,1
5,32,3218,2,296,320025,2,1,1
5,32,3218,2,296,320026,1,2,1
5,32,3218,2,296,320027,2,1,2
5,32,3218,2,296,320027,3,2,3
5,32,3223,2,578,320033,2,1,3
5,32,3223,2,578,320033,3,2,3
5,32,3223,2,578,320033,4,1,1
5,32,3223,2,578,320034,2,2,4
5,32,3223,2,578,320034,3,1,3
5,32,3223,2,578,320034,4,1,2
5,32,3223,2,578,320035,2,3,2
5,32,3223,2,578,320036,3,1,1
5,32,3209,1,1208,320044,1,1,3
5,32,3209,1,1208,320044,2,2,2
5,32,3209,1,1208,320044,3,1,3
5,32,3209,1,1208,320045,2,1,3
5,32,3209,1,1208,320045,3,2,4
5,32,3209,1,1208,320048,3,1,1
5,32,3209,1,1208,320049,2,2,1
5,32,3209,1,1208,320049,3,1,1
5,32,3213,2,128,320052,1,2,1
5,32,3213,2,128,320052,2,2,1
5,32,3213,2,128,320052,3,2,1
5,32,3213,2,128,320052,4,2,1
5,32,3215,1,4712,320055,2,3,3
5,32,3215,1,4712,320058,3,5,8
5,32,3215,1,4712,320058,4,4,6
5,32,3215,1,4712,320062,1,3,3
5,32,3215,1,1896,320064,1,2,3
5,32,3215,1,1896,320064,2,2,2
5,32,3215,1,1896,320066,2,2,3
5,32,3215,1,1896,320066,3,4,5
5,32,3215,1,1896,320068,3,2,3
5,32,3206,2,276,320075,1,2,2
5,32,3206,2,276,320075,3,3,4
5,32,3208,2,2244,320087,1,2,3
5,32,3208,2,2244,320087,2,3,2
5,32,3208,2,2244,320087,3,1,1
5,32,3208,2,2244,320088,1,2,4
5,32,3208,2,2244,320088,2,3,5
5,32,3204,1,346,320098,2,2,3
5,32,3201,2,2034,320104,1,2,3
5,32,3201,2,2034,320104,2,3,5
5,32,3201,2,2034,320104,3,2,3
5,32,3201,2,2034,320105,1,4,5
5,32,3201,2,2034,320105,2,4,4
5,32,3222,1,1624,320107,2,1,2
5,32,3222,1,1624,320107,3,2,2
5,32,3222,1,1624,320107,4,1,2
5,32,3222,1,1624,320113,1,4,4
5,32,3222,1,1624,320113,2,3,3
5,32,3222,1,1624,320113,3,3,2
5,32,3222,1,1624,320114,2,3,2
5,32,3222,1,1624,320114,3,3,3
5,32,3222,1,1624,320114,4,2,1
5,32,3222,1,1624,320115,1,1,2
5,32,3222,1,1624,320115,2,2,1
5,32,3222,1,1624,320115,3,2,1
5,32,3222,1,1624,320115,4,1,1
5,32,3201,2,2034,320121,1,3,3
5,32,3201,2,2034,320121,3,2,2
5,32,3203,2,2644,320124,1,2,3
5,32,3203,2,2644,320124,2,2,3
5,32,3203,2,2644,320124,3,3,2
5,32,3203,2,2644,320125,1,3,4
5,32,3203,2,2644,320125,2,2,3
5,32,3203,2,2644,320125,3,3,4
5,32,3203,2,2644,320126,1,3,4
5,32,3203,2,2644,320126,2,3,2
5,32,3203,2,2644,320126,3,2,3
5,32,3202,2,84,320134,1,2,3
5,32,3202,2,84,320134,2,3,4
5,32,3202,2,84,320135,1,3,5
5,32,3202,2,84,320135,2,2,4
5,32,3202,2,84,320135,3,3,6
5,32,3202,2,84,320136,1,3,4
5,32,3202,2,84,320136,2,2,3
5,32,3202,2,84,320136,3,2,3
5,32,3202,2,84,320138,1,2,0
5,32,3202,2,84,320138,2,2,0
5,32,3202,2,84,320138,3,3,3
5,32,3202,2,84,320138,4,2,0
5,32,3216,2,1184,320144,1,2,3
5,32,3216,2,1184,320144,2,2,4
5,32,3216,2,1184,320145,1,3,4
5,32,3216,2,1184,320145,2,3,4
5,32,3216,2,1184,320145,3,2,2
5,32,3216,2,1184,320148,3,4,12
5,32,3223,2,390,320154,2,1,2
5,32,3223,2,390,320154,3,4,3
5,32,3223,2,390,320156,1,1,2
5,32,3223,2,390,320156,2,3,5
5,32,3223,2,390,320156,3,2,4
5,32,3223,2,390,320156,4,1,2
5,32,3221,2,132,320165,2,1,1
5,32,3221,2,132,320166,3,2,1
5,32,3221,2,132,320169,2,3,3
5,32,3221,2,132,320169,3,2,2
5,32,3221,2,132,320169,4,2,2
5,32,3221,2,132,320170,2,2,4
5,32,3221,2,132,320170,3,25,
5,32,3210,2,1692,320178,1,1,2
5,32,3210,2,1692,320178,2,2,4
5,32,3210,2,1692,320178,3,4,3
5,32,3210,2,1692,320178,4,1,2
5,32,3210,2,1692,320179,1,1,2
5,32,3210,2,1692,320179,2,3,5
5,32,3210,2,1692,320179,3,2,4
5,32,3210,2,1692,320179,4,2,2
5,32,3210,2,1692,320180,1,3,4
5,32,3210,2,1692,320180,2,2,3
5,32,3210,2,1692,320180,3,2,3
5,32,3210,2,1692,320180,4,1,2
5,32,3213,2,128,320181,2,2,4
5,32,3213,2,128,320181,3,2,3
5,32,3213,2,128,320182,2,2,3
5,32,3213,2,128,320182,3,3,4
5,32,3216,2,1184,320187,1,2,3
5,32,3216,2,1184,320187,2,3,4
5,32,3216,2,1184,320187,3,2,5
5,32,3213,2,128,320191,2,1,2
5,32,3212,2,314,320194,2,1,1
5,32,3207,2,1464,320200,2,3,2
5,32,3207,2,1464,320202,1,3,4
5,32,3207,2,1464,320202,2,2,2
5,32,3212,2,314,320205,2,2,4
5,32,3212,2,314,320205,3,2,3
5,32,3212,2,314,320205,4,2,3
5,32,3212,2,314,320207,1,2,4
5,32,3212,2,314,320207,2,2,3
5,32,3212,2,314,320207,3,2,2
5,32,3212,2,314,320207,4,2,2
5,32,3212,2,314,320210,2,2,1
3,33,3321,1,1182,330001,1,7,7
3,33,3321,1,1182,330001,2,7,7
3,33,3321,1,1182,330002,1,7,7
3,33,3321,1,1182,330002,2,7,7
3,33,3321,1,1182,330002,3,7,7
3,33,3321,1,1182,330003,1,7,7
3,33,3321,1,1182,330003,2,7,7
3,33,3321,1,1182,330003,3,7,7
3,33,3321,1,1182,330003,4,7,7
3,33,3321,1,1182,330007,1,7,7
3,33,3321,1,1182,330007,2,7,7
3,33,3321,1,1182,330007,3,7,7
3,33,3321,1,1182,330008,2,3,3
3,33,3321,1,1182,330009,1,3,3
3,33,3321,1,1182,330009,3,7,3
3,33,3321,1,1182,330010,1,7,7
3,33,3321,1,1182,330010,2,7,7
3,33,3321,1,1182,330010,3,7,7
3,33,3311,1,702,330011,1,7,7
3,33,3311,1,702,330011,2,7,7
3,33,3311,1,702,330012,1,7,7
3,33,3311,1,702,330012,2,7,7
3,33,3311,1,702,330012,3,2,2
3,33,3311,1,702,330013,1,7,5
3,33,3311,1,702,330013,2,5,5
3,33,3311,1,702,330013,3,7,7
3,33,3311,1,702,330014,1,7,7
3,33,3311,1,702,330014,2,7,7
3,33,3311,1,702,330014,3,7,7
3,33,3311,1,702,330015,1,3,5
3,33,3311,1,702,330015,3,2,2
3,33,3311,1,702,330016,1,7,10
3,33,3311,1,702,330016,2,7,7
3,33,3311,1,702,330016,3,7,7
3,33,3311,1,702,330019,1,3,3
3,33,3311,1,702,330020,1,3,2
3,33,3310,2,476,330021,1,3,3
3,33,3310,2,476,330021,2,2,1
3,33,3310,2,476,330022,1,7,7
3,33,3310,2,476,330022,2,5,5
3,33,3310,2,476,330024,1,5,5
3,33,3310,2,476,330024,2,7,7
3,33,3310,2,476,330026,1,7,7
3,33,3310,2,476,330026,2,5,5
3,33,3310,2,476,330026,3,5,5
3,33,3310,2,476,330027,1,2,1
3,33,3310,2,476,330027,3,3,2
3,33,3310,2,476,330029,1,3,4
3,33,3310,2,476,330030,1,7,7
3,33,3310,2,476,330030,2,7,7
3,33,3310,2,476,330030,3,7,7
3,33,3323,2,92,330031,1,7,7
3,33,3323,2,92,330031,2,7,7
3,33,3323,2,92,330032,1,3,4
3,33,3323,2,92,330034,1,7,7
3,33,3323,2,92,330034,2,7,7
3,33,3323,2,92,330034,3,7,7
3,33,3323,2,92,330035,1,5,5
3,33,3323,2,92,330035,2,7,7
3,33,3323,2,92,330036,1,7,7
3,33,3323,2,92,330036,2,7,5
3,33,3323,2,92,330037,1,3,5
3,33,3323,2,92,330039,1,5,5
3,33,3323,2,92,330039,2,5,5
3,33,3323,2,92,330040,1,3,4
3,33,3323,2,92,330040,2,1,2
3,33,3318,2,30,330041,1,5,5
3,33,3318,2,30,330041,2,7,6
3,33,3318,2,30,330041,3,7,7
3,33,3318,2,30,330042,1,7,7
3,33,3318,2,30,330042,2,7,7
3,33,3318,2,30,330042,3,7,7
3,33,3318,2,30,330042,4,7,7
3,33,3318,2,30,330044,1,7,7
3,33,3318,2,30,330044,2,7,7
3,33,3318,2,30,330045,1,7,7
3,33,3318,2,30,330045,2,7,7
3,33,3318,2,30,330045,3,4,7
3,33,3313,2,930,330051,1,5,7
3,33,3313,2,930,330051,2,7,7
3,33,3313,2,930,330052,1,5,7
3,33,3313,2,930,330052,2,7,7
3,33,3313,2,930,330054,1,7,5
3,33,3313,2,930,330055,1,7,10
3,33,3313,2,930,330055,2,7,7
3,33,3313,2,930,330055,3,7,7
3,33,3313,2,930,330059,1,2,2
3,33,3313,2,930,330059,3,3,3
3,33,3313,2,930,330060,1,5,7
3,33,3313,2,930,330060,2,7,7
3,33,3304,2,418,330064,1,5,5
3,33,3304,2,418,330064,2,7,7
3,33,3304,2,418,330066,1,7,7
3,33,3304,2,418,330066,2,4,6
3,33,3304,2,418,330066,3,4,4
3,33,3304,2,418,330067,1,7,7
3,33,3304,2,418,330067,2,7,7
3,33,3304,2,418,330069,1,4,7
3,33,3304,2,418,330069,2,7,7
3,33,3304,2,418,330070,1,4,7
3,33,3304,2,418,330070,2,3,3
3,33,3307,2,688,330074,1,7,7
3,33,3307,2,688,330076,1,7,7
3,33,3307,2,688,330076,2,7,7
3,33,3307,2,688,330076,3,7,7
3,33,3307,2,688,330078,1,7,7
3,33,3307,2,688,330078,2,7,7
3,33,3307,2,688,330078,3,7,7
3,33,3307,2,688,330079,1,7,7
3,33,3307,2,688,330080,1,7,7
3,33,3307,2,688,330080,2,7,7
2,34,3401,2,526,340001,3,3,9
2,34,3401,2,526,340002,2,3,3
2,34,3401,2,526,340002,3,7,10
2,34,3401,2,526,340003,1,4,4
2,34,3401,2,526,340003,2,4,5
2,34,3401,2,526,340003,3,2,2
2,34,3401,2,526,340005,1,3,3
2,34,3401,2,526,340005,2,2,2
2,34,3401,2,526,340005,3,4,4
2,34,3401,2,526,340006,2,2,5
2,34,3401,2,526,340007,1,4,4
2,34,3401,2,526,340007,2,3,3
2,34,3401,2,526,340007,3,2,2
2,34,3401,2,526,340008,2,7,2
2,34,3401,2,526,340008,3,7,2
2,34,3401,2,526,340010,2,3,5
2,34,3401,2,526,340010,3,3,5
2,34,3415,2,268,340011,1,3,6
2,34,3415,2,268,340011,2,4,5
2,34,3415,2,268,340011,3,3,3
2,34,3415,2,268,340014,3,3,3
2,34,3415,2,268,340016,1,2,4
2,34,3415,2,268,340016,2,3,5
2,34,3415,2,268,340016,3,2,3
2,34,3415,2,268,340018,1,3,5
2,34,3415,2,268,340018,2,4,6
2,34,3415,2,268,340018,3,2,3
2,34,3405,2,1706,340021,1,2,3
2,34,3405,2,1706,340021,2,4,5
2,34,3405,2,1706,340021,3,1,2
2,34,3405,2,1706,340022,3,2,6
2,34,3405,2,1706,340025,2,7,4
2,34,3405,2,1706,340025,3,7,10
2,34,3405,2,1706,340026,1,2,4
2,34,3405,2,1706,340026,2,3,5
2,34,3405,2,1706,340026,3,2,2
2,34,3405,2,1706,340027,1,4,5
2,34,3405,2,1706,340027,2,3,6
2,34,3405,2,1706,340027,3,2,3
2,34,3405,2,1706,340028,1,3,6
2,34,3405,2,1706,340028,2,4,5
2,34,3405,2,1706,340028,3,1,2
2,34,3405,2,1706,340029,2,7,14
2,34,3405,2,1706,340029,3,71,4
2,34,3405,2,1706,340030,2,4,8
2,34,3405,2,1706,340030,3,7,7
2,34,3405,2,456,340031,2,1,2
2,34,3405,2,456,340031,3,2,7
2,34,3405,2,456,340034,1,3,4
2,34,3405,2,456,340034,2,2,3
2,34,3405,2,456,340034,3,2,2
2,34,3405,2,456,340035,1,3,4
2,34,3405,2,456,340035,2,2,3
2,34,3405,2,456,340035,3,1,1
2,34,3405,2,456,340036,2,7,10
2,34,3405,2,456,340036,3,4,4
2,34,3405,2,456,340038,1,3,4
2,34,3405,2,456,340038,2,4,5
2,34,3405,2,456,340038,3,2,2
2,34,3405,2,456,340039,2,7,14
2,34,3405,2,456,340039,3,7,14
2,34,3410,2,42,340041,2,3,8
2,34,3410,2,42,340043,1,4,9
2,34,3410,2,42,340043,3,7,7
2,34,3410,2,42,340044,3,7,7
2,34,3410,2,42,340044,4,7,7
2,34,3410,2,42,340045,1,4,5
2,34,3410,2,42,340045,2,3,4
2,34,3410,2,42,340045,3,2,2
2,34,3410,2,42,340047,1,3,4
2,34,3410,2,42,340047,2,4,3
2,34,3410,2,42,340047,3,2,2
2,34,3410,2,42,340048,1,4,6
2,34,3410,2,42,340048,2,3,5
2,34,3410,2,42,340048,3,2,2
2,34,3410,2,42,340050,2,7,7
2,34,3410,2,42,340050,3,7,14
2,34,3412,2,156,340051,2,4,4
2,34,3412,2,156,340051,3,2,2
2,34,3412,2,156,340053,1,3,4
2,34,3412,2,156,340053,2,2,3
2,34,3412,2,156,340053,3,2,2
2,34,3412,2,156,340055,3,2,7
2,34,3412,2,156,340056,3,4,9
2,34,3412,2,156,340057,2,3,5
2,34,3412,2,156,340057,3,4,8
2,34,3413,2,262,340062,1,2,3
2,34,3413,2,262,340062,2,4,5
2,34,3413,2,262,340062,3,2,2
2,34,3413,2,262,340063,1,3,4
2,34,3413,2,262,340063,2,2,3
2,34,3413,2,262,340063,3,1,1
2,34,3413,2,262,340064,3,2,2
2,34,3413,2,262,340068,3,1,3
2,34,3413,2,262,340070,2,3,9
2,34,3413,2,262,340070,3,2,6
2,34,3403,2,198,340071,1,2,3
2,34,3403,2,198,340071,2,4,5
2,34,3403,2,198,340071,3,2,2
2,34,3403,2,198,340072,1,3,4
2,34,3403,2,198,340072,2,4,5
2,34,3403,2,198,340072,3,2,3
2,34,3403,2,198,340073,1,3,4
2,34,3403,2,198,340073,2,4,5
2,34,3403,2,198,340073,3,2,2
2,34,3403,2,198,340074,1,3,2
2,34,3403,2,198,340074,2,4,5
2,34,3403,2,198,340074,3,2,2
2,34,3403,2,198,340075,1,3,4
2,34,3403,2,198,340075,2,2,3
2,34,3403,2,198,340075,3,1,1
2,34,3403,2,198,340076,1,4,5
2,34,3403,2,198,340076,2,3,4
2,34,3403,2,198,340076,3,2,2
2,34,3403,2,198,340077,1,3,4
2,34,3403,2,198,340077,2,2,2
2,34,3403,2,198,340077,3,1,1
2,34,3403,2,198,340078,1,2,3
2,34,3403,2,198,340078,2,4,4
2,34,3403,2,198,340078,3,1,1
2,34,3403,2,198,340079,1,2,2
2,34,3403,2,198,340079,2,3,4
2,34,3403,2,198,340079,3,2,1
2,34,3403,2,198,340080,1,2,4
2,34,3403,2,198,340080,2,3,3
2,34,3403,2,198,340080,3,2,4
2,34,3408,2,870,340081,1,3,4
2,34,3408,2,870,340081,2,2,3
2,34,3408,2,870,340081,3,4,2
2,34,3408,2,870,340082,2,3,9
2,34,3408,2,870,340082,3,4,13
2,34,3408,2,870,340083,1,2,3
2,34,3408,2,870,340083,2,4,4
2,34,3408,2,870,340083,3,2,5
2,34,3408,2,870,340085,3,7,14
2,34,3408,2,870,340086,1,4,6
2,34,3408,2,870,340086,2,3,3
2,34,3408,2,870,340086,3,2,5
2,34,3408,2,870,340090,3,4,6
2,34,3408,2,870,340090,4,2,2
2,35,3503,1,54,350003,1,7,7
2,35,3503,1,54,350003,2,7,7
2,35,3503,1,54,350010,1,2,2
2,35,3507,2,746,350019,2,5,7
2,35,3516,2,1632,350033,3,7,14
2,35,3506,2,1040,350042,4,7,14
2,35,3506,2,1040,350045,4,7,14
2,35,3506,2,1040,350049,3,7,21
2,35,3511,2,1646,350053,3,7,14
2,35,3513,2,576,350062,3,2,2
2,35,3513,2,576,350064,1,1,1
2,35,3513,1,1278,350071,1,22,22
2,35,3513,1,1278,350071,2,22,22
2,35,3513,1,1278,350071,3,22,22
2,35,3513,1,1278,350071,4,22,22
2,35,3501,2,1228,350081,1,1,1
2,35,3501,2,1228,350082,3,7,14
2,35,3501,2,1228,350084,2,7,7
2,35,3501,2,1228,350084,3,5,7
2,35,3501,2,1228,350086,3,7,14
2,35,3501,2,1228,350088,3,7,7
2,35,3501,2,1228,350090,3,7,14
2,35,3501,1,702,350092,3,7,14
2,35,3501,1,702,350095,2,7,7
2,35,3501,1,702,350098,2,7,12
2,35,3501,1,702,350098,3,7,12
2,35,3501,1,702,350100,2,3,4
2,35,3509,2,1310,350103,2,7,14
2,35,3509,2,1310,350103,3,7,14
2,35,3509,2,1310,350105,3,3,7
2,35,3509,2,1310,350106,2,7,14
2,35,3509,2,1310,350106,3,7,14
2,35,3509,2,1310,350108,2,7,14
2,35,3509,2,1310,350108,3,7,14
2,35,3509,2,1310,350109,4,3,9
2,35,3509,2,1310,350110,1,2,2
2,35,3509,2,2276,350113,3,7,14
2,35,3509,2,2276,350116,1,2,2
2,35,3509,2,2276,350116,4,1,1
2,35,3504,2,1288,350121,4,14,7
2,35,3504,2,1288,350126,3,7,12
2,35,3504,2,1288,350127,1,2,2
2,35,3504,2,1288,350127,4,2,2
3,36,3605,2,240,360015,1,1,2
3,36,3605,2,240,360015,2,1,1
