"zone","state","lga","sector","ea","hhid","plotid","cropid","cropcode","s11gq1a","s11gq1b","s11gq1c","s11gq2","s11gq3","s11gq4","s11gq5a","s11gq5b","s11gq5c","s11gq5d","s11gq6","s11gq7","s11gq7b","s11gq8a","s11gq8b","s11gq8c"
4,1,106,2,880,10022,3,2,3180,80,3,,5,1975,0,4,2010,7,2010,2,,,15,,
4,1,106,2,880,10023,3,2,3180,50,3,,6,1986,0,4,2010,7,2010,2,,,17,2,
4,1,106,2,880,10024,3,1,3180,50,3,,50,1978,0,9,2009,8,2010,1,2,,100,2,
4,1,106,2,880,10025,3,2,3180,30,3,,30,98,0,8,2009,8,2010,1,2,,150,3,
4,1,106,2,880,10026,3,3,3180,5,3,,5,1980,0,10,2009,7,2010,2,,,30,2,
4,1,106,2,880,10029,3,6,3050,2,3,,2,,0,1,2010,12,2010,2,,,,,
4,1,106,2,880,10029,3,7,3180,6,3,,6,,0,2,2010,4,2010,2,,,9,2,
4,1,106,2,880,10029,3,8,3170,5,3,,5,,0,,,,,2,,,,,
4,1,106,2,880,10029,3,9,3090,2,3,,2,,0,,,,,2,,,,,
4,1,111,1,1146,10034,1,4,3160,80,3,,1,1985,0,2,2010,6,2010,2,,,3,4,"BASIN"
4,1,111,1,1146,10034,1,5,3050,80,3,,3,1980,0,1,2010,12,2010,2,,,0,,
4,1,107,2,1044,10063,3,3,3180,60,3,,4,1975,0,4,2010,7,2010,1,10,,20,2,
4,1,107,2,1044,10065,3,2,3180,50,3,,5,1980,0,3,2010,7,2010,2,,,0,,
4,1,117,2,560,10071,4,1,3180,50,3,,50,2010,50,,,,,2,,,0,,
4,1,117,2,560,10073,1,3,3180,40,3,,1,1980,0,4,2009,7,2009,2,,,0,,
4,1,117,2,560,10074,1,3,3180,40,3,,2,1978,0,4,2010,8,2010,2,,,0,,
4,1,117,2,560,10074,1,4,3220,4,3,,1,1980,0,3,2010,7,2010,2,,,5,4,"BASIN"
4,1,117,2,560,10074,3,3,3180,200,3,,1,1982,0,3,2010,7,2010,2,,,0,,
4,1,110,2,76,10086,1,2,3221,2,3,,2,2004,0,10,2009,11,2009,2,,,0,,
4,1,108,2,904,10102,3,2,3180,50,3,,50,98,0,11,2009,9,2010,2,,,150,2,
4,1,108,2,904,10103,4,1,3170,6,3,,6,1990,0,9,2009,10,2009,2,,,0,,
2,2,209,2,1040,20004,1,1,1070,21,3,,1,2000,0,,,,,2,,,0,,
2,2,209,2,1040,20007,1,1,1081,1,3,,1,1999,0,,,,,2,,,0,,
2,2,209,2,1040,20009,3,1,1100,3,5,,12,1983,0,3,2010,5,2010,2,,,1200,1,
2,2,209,2,1040,20009,3,2,1070,3,5,,8,1983,0,10,2009,11,2009,2,,,500,1,
2,2,209,2,1040,20009,3,3,1110,3,5,,5,1983,0,2,2010,4,2010,2,,,500,1,
2,2,209,2,1040,20009,3,4,3160,3,5,,3,1983,0,,,,,2,,,0,,
2,2,203,2,1224,20041,1,1,1060,2,5,,5,1998,0,11,2009,4,2010,2,,,250,1,
2,2,210,2,1300,20069,1,1,1082,15,3,,15,1985,,9,2010,11,2010,2,,,15,3,
2,2,210,2,1300,20070,1,1,1080,1,,,6,1945,0,4,2010,7,2010,2,,,4000,1,
2,2,214,2,898,20075,1,1,1080,4,6,,3,1970,0,10,2009,12,2009,2,,,0,,
2,2,207,2,1302,20095,1,1,1070,1,5,,28,1998,,4,2010,6,2010,2,,,7,4,
2,2,207,2,1302,20095,1,2,1080,1,5,,5,1998,,9,2010,11,2010,2,,,1,4,
2,2,207,2,1302,20095,2,1,1110,1,5,,1,2002,,2,2010,3,2010,2,,,5,4,
2,2,207,2,1302,20097,1,1,3160,1,5,,,1997,,4,2010,6,2010,2,,,33,4,
2,2,207,2,1302,20100,1,4,3160,1,6,,22,1973,8,4,2010,5,2010,1,6,,70,3,
5,3,309,2,478,30038,1,1,1020,1,3,,1,2010,0,3,2010,5,2010,2,,,4,2,
5,3,309,2,478,30038,2,1,1020,2,3,,2,2010,0,3,2010,5,2010,2,,,6,2,
5,3,309,2,478,30038,3,1,1040,1,3,,1,2010,0,4,2010,7,2010,2,,,2,2,
5,3,309,2,478,30038,3,2,,2,3,,2,2010,0,3,2010,5,2010,2,,,4,2,
5,3,321,2,364,30057,1,1,1020,6,3,,6,1983,0,4,1990,5,2010,2,,,7,2,
5,3,323,2,580,30077,1,2,3180,40,3,,40,1979,0,1,2010,8,2010,2,,,100,2,
5,3,323,2,580,30077,7,1,3180,45,3,,45,1990,0,2,2010,8,2010,1,2,,200,2,
5,3,301,1,1198,30110,1,1,1020,425,3,,1,2004,0,,,,,2,,,0,,
5,3,305,2,1542,30123,1,1,2160,50,3,,22,2002,0,5,2010,,,2,,,10,2,
5,3,305,2,1542,30127,2,1,3180,250,3,,999,1991,80,3,2010,9,2010,2,,,100,2,
5,3,312,2,20,30139,1,1,1020,100,3,,100,1982,0,1,2010,9,2010,2,,,100,2,
5,3,312,2,20,30140,1,1,1020,1,4,,21,1987,0,3,2010,8,2010,2,,,50,2,
4,4,414,1,2176,40031,1,1,1020,1,3,,1,1970,0,5,2010,9,2010,2,,,1,4,"BASKET"
4,4,414,1,2176,40031,1,2,1080,3,3,,3,1984,0,2,2010,5,2010,2,,,2,4,"BASKET"
4,4,414,1,2176,40031,1,3,1120,1,3,,1,1965,0,5,2010,9,2010,1,8,,1,4,"BASKET"
4,4,414,1,2176,40031,1,4,3220,7,3,,7,2004,0,7,2010,11,2010,2,,,2,2,
4,4,414,1,2176,40033,1,5,3180,3,3,,3,1977,0,6,2010,8,2010,2,,,10,2,
4,4,415,1,2108,40043,1,6,3180,6,,,6,1975,0,1,2010,8,210,2,,,15,2,
4,4,415,1,2108,40044,1,4,3210,3,3,,3,2009,0,8,2010,11,2010,2,,,4,3,"BASKETS"
4,4,415,1,2108,40044,1,5,3220,1,3,,1,1970,0,6,2010,10,2010,2,,,2,2,
4,4,415,1,2108,40044,1,6,3180,3,3,,3,1970,0,3,2010,5,2010,2,,,5,2,
4,4,415,1,2108,40044,1,7,2170,6,3,,6,2009,0,8,2010,12,2010,2,,,7,2,
4,4,415,1,2108,40044,1,8,2030,8,3,,8,2009,0,8,2010,12,2010,2,,,2,2,
4,4,415,1,2108,40045,1,3,3090,1,3,,1,1998,0,6,2010,9,2010,2,,,1,4,"BASKET"
4,4,415,1,2108,40045,2,2,2120,7,3,,7,2007,0,8,2010,11,2010,2,,,1,2,
4,4,415,1,2108,40045,2,3,2030,5,3,,5,2007,0,8,2010,11,2010,2,,,1,2,
4,4,413,2,1540,40054,2,3,3180,5,3,,5,1980,0,11,2009,11,2009,2,,,0,,
4,4,413,2,1540,40055,1,1,1080,2,3,,2,1980,0,3,2010,9,2010,2,,,3,2,
4,4,413,2,1540,40055,2,1,1080,2,3,,2,1990,0,3,2010,9,2010,2,,,3,2,
4,4,413,2,1540,40056,1,1,1120,1,3,,1,1980,0,3,2010,9,2010,2,,,4,2,
4,4,413,2,1540,40056,2,1,1040,1,3,,1,1980,0,3,2010,9,2010,2,,,4,2,
4,4,419,2,296,40081,1,6,3180,3,3,,3,1978,0,2,2010,7,,2,,,10,2,
4,4,419,2,296,40085,1,1,1020,10,3,,10,1972,0,8,2010,,,2,,,30,2,
4,4,419,2,296,40086,4,4,3180,50,3,,50,,0,8,2009,8,2010,2,,,100,2,
4,4,401,1,1460,40094,1,4,3180,3,3,,3,,,5,2010,8,2010,2,,,6,2,
4,4,412,2,2592,40107,1,6,2170,46,3,,46,1998,0,4,2010,9,2010,2,,,10,2,
4,4,412,2,2592,40107,1,7,3210,3,3,,8,1999,0,1,2010,6,2010,2,,,20,3,
4,4,412,2,2592,40107,1,8,3180,13,3,,13,1970,0,1,2010,6,2010,2,,,20,2,
4,4,412,2,2592,40107,2,5,2170,6,3,,6,1998,0,1,2010,6,2010,2,,,6,2,
4,4,412,2,2592,40107,2,6,3210,5,2,,5,1998,0,1,2010,6,2010,2,,,10,3,
4,4,412,2,2592,40108,1,5,2170,6,3,,6,1985,0,1,2010,9,2010,2,,,10,2,
4,4,412,2,2592,40108,1,6,3210,2,3,,2,1987,0,3,2010,7,2010,2,,,6,3,
4,4,412,2,2592,40109,1,4,3180,5,3,,5,1970,0,3,2010,5,2010,2,,,12,2,
4,4,412,2,2592,40109,1,5,2030,12,3,,12,2000,0,8,2010,11,2010,2,,,2,2,
4,4,412,2,2592,40109,1,6,3160,1,3,,1,1986,0,2,2010,4,2010,2,,,2,4,"BASKET"
4,4,412,2,2592,40110,1,4,2120,10,3,,10,2003,0,7,2010,11,2010,2,,,3,2,
4,4,412,2,2592,40110,1,5,3180,8,3,,8,1986,0,2,2010,5,2010,2,,,25,2,
4,4,412,2,2592,40110,1,6,3050,1,3,,1,1971,0,5,2010,12,2010,2,,,0,,
4,4,412,2,1606,40115,1,7,3170,1,3,,1,1975,0,9,2009,,0,2,,,0,,
4,4,412,2,1606,40116,1,6,2170,2,3,,2,1985,0,1,2010,8,2010,2,,,10,2,
4,4,412,2,1606,40117,1,6,2170,5,3,,5,1985,0,2,2010,9,2010,2,,,15,2,
4,4,412,2,1606,40118,1,3,2170,10,3,,10,2005,0,7,2010,11,2010,2,,,0,,
4,4,412,2,1606,40118,1,4,3060,1,3,,1,2002,0,1,2010,12,2010,2,,,0,,
4,4,412,2,1606,40118,1,5,3210,1,3,,1,2009,0,8,2010,11,2010,2,,,0,,
4,4,412,2,1606,40119,1,3,2170,10,3,,10,2004,0,7,2010,4,2010,2,,,3,2,
4,4,412,2,1606,40120,1,4,2030,12,3,,12,2002,0,7,2010,11,2010,2,,,1,2,
4,4,412,2,1606,40120,1,5,3180,2,3,,2,1988,0,2,2010,5,2010,2,,,4,2,
4,4,410,2,4036,40123,1,1,1020,2,3,,2,2000,0,,,,,2,,,0,,
4,4,410,2,4036,40123,1,2,1040,1,3,,1,1999,0,8,2009,8,2010,2,,,1,4,"BASKET"
4,4,410,2,4036,40123,1,3,3221,1,3,,1,1975,0,3,2009,3,2010,2,,,2,4,"BASKET"
4,4,410,2,4036,40123,1,4,3220,3,3,,3,1975,0,5,2010,8,2010,2,,,4,2,
4,4,410,2,4036,40123,2,1,1040,7,3,,7,1975,0,5,2010,8,2010,2,,,6,2,
4,4,410,2,4036,40123,2,2,1020,2,3,,2,1998,0,5,2010,8,2010,2,,,5,2,
4,4,410,2,4036,40123,2,3,3180,1,3,,1,1980,0,,,,,,,,,,
4,4,410,2,4036,40124,1,1,1040,3,3,,3,1970,0,1,2010,8,2010,2,,,5,2,
4,4,407,2,796,40135,3,2,2170,5,3,,5,2007,0,2,2009,2,2010,2,,,6,2,
4,4,407,2,796,40136,1,1,1110,15,3,,15,2007,0,7,2009,7,2010,2,,,8,2,
4,4,410,1,3192,40144,6,3,3180,30,3,,30,1972,0,8,2009,8,2010,2,,,50,2,
4,4,410,1,3192,40146,3,2,3180,25,3,,25,1970,0,8,2009,8,2010,2,,,40,2,
4,4,410,1,3414,40155,1,1,1120,10,3,,10,2005,0,8,2009,8,2010,2,,,5,2,
4,4,401,1,738,40163,1,4,3180,3,3,,3,,0,11,2009,11,2009,2,,,0,,
4,4,401,1,738,40164,1,5,3180,4,3,,4,,,7,2010,3,2011,2,,,8,2,
4,4,401,1,738,40166,1,5,3180,10,3,,10,,0,8,2009,8,2010,2,,,40,2,
4,4,421,1,800,40172,1,5,2170,20,3,,20,2006,0,8,2009,8,2010,2,,,7,2,
4,4,411,1,1486,40181,1,4,3220,2,3,,2,1972,0,7,2010,9,2010,2,,,1,4,"BASKETS"
4,4,411,1,1486,40181,1,5,3130,2,3,,2,1960,0,7,2010,9,2010,2,,,1,4,"BASKETS"
4,4,411,1,1486,40181,1,6,3160,2,3,,2,1960,0,2,2010,4,2010,2,,,2,4,"BASKETS"
4,4,411,1,1486,40181,1,7,3180,2,3,,2,1970,0,3,2010,3,2010,2,,,3,2,
4,4,411,1,1486,40182,1,3,2170,8,3,,8,2000,0,7,2010,11,2010,2,,,6,2,
4,4,411,1,1486,40182,1,4,3220,2,3,,2,1979,0,6,2010,10,2010,2,,,4,4,"BASKETS"
4,4,411,1,1486,40182,1,5,3190,1,3,,1,1960,0,5,2010,8,2010,1,8,,2,4,"BAGS"
4,4,411,1,1486,40182,1,6,3050,2,3,,2,1971,0,1,2010,12,2010,2,,,20,3,
4,4,411,1,1486,40182,1,7,3210,2,3,,2,2009,0,8,2010,12,2010,2,,,10,3,
4,4,411,1,1486,40182,1,8,3180,4,3,,4,1976,0,2,2010,3,2010,2,,,9,2,
4,4,411,1,1486,40182,2,2,2170,5,3,,15,2003,0,2,2010,11,2010,2,,,3,2,
4,4,411,1,1486,40182,2,3,3220,1,2,,1,1998,0,6,2010,10,2010,2,,,1,4,"BASKET"
4,4,411,1,1486,40182,2,4,3210,2,3,,2,2008,0,8,2010,12,2010,2,,,5,3,
4,4,411,1,1486,40182,2,5,3050,1,3,,1,1975,0,1,2010,12,2010,2,,,0,,
4,4,411,1,1486,40182,2,6,3180,3,3,,3,1988,0,2,2010,5,2010,2,,,5,2,
4,4,411,1,1486,40184,1,6,3180,4,3,,4,1965,0,2,2010,8,2010,2,,,15,2,
4,4,411,1,1486,40184,1,7,2170,6,3,,6,1990,0,1,2010,9,2010,2,,,10,2,
4,4,411,1,1486,40185,1,4,2170,20,3,,20,1995,0,1,2010,8,2010,2,,,12,3,
4,4,411,1,1486,40185,1,5,3210,3,3,,3,1995,0,2,2010,8,2010,2,,,8,3,
4,4,411,1,1486,40185,1,6,3020,3,3,,3,1995,0,,,,,,,,,,
4,4,411,1,1486,40186,1,2,3160,1,3,,1,1975,0,2,2010,5,2010,2,,,1,3,"BASKETS"
4,4,401,2,2106,40192,1,4,3180,4,3,,4,,0,11,2010,11,2010,2,,,0,,
4,4,401,2,2106,40192,2,2,3180,3,3,,3,,0,11,2010,11,2010,2,,,0,,
4,4,401,2,2106,40194,1,4,3180,2,3,,2,0,0,2,0,,,2,,,3,2,
4,4,401,2,2106,40194,2,4,3180,2,3,,2,0,0,2,0,,,2,,,3,2,
4,4,401,2,2106,40196,2,4,3180,4,3,,4,,0,2,2010,2,2010,2,,,6,2,
4,4,401,2,2106,40196,3,3,3180,5,3,,5,,0,3,2010,3,2010,2,,,7,2,
4,4,401,2,2106,40198,1,5,3180,3,3,,3,0,0,7,2010,8,2010,2,,,9,2,
4,4,402,2,1080,40205,1,2,2110,20,3,,20,1980,0,2,2010,7,2010,2,,,15,2,
4,4,402,2,1080,40205,1,3,3180,1,3,,1,1950,0,3,2010,8,2010,2,,,5,2,
4,4,402,2,1080,40205,1,4,2030,10,3,,10,1980,0,,,5,2010,2,,,3,2,
4,4,402,2,1080,40205,1,5,3210,3,3,,3,1987,0,1,2010,5,2010,2,,,7,3,
4,4,402,2,1080,40205,1,6,3160,1,3,,1,1980,0,,,,,2,,,0,,
4,4,402,2,1080,40206,1,6,3050,1,3,,1,1957,0,,2,8,2010,2,,,6,2,
4,4,402,2,1080,40206,1,7,3050,1,3,,1,1970,0,,10,10,2010,2,,,0,,
4,4,402,2,1080,40206,1,8,2170,12,3,,12,1981,0,,1,9,2010,2,,,15,3,
2,5,506,2,830,50002,4,2,3160,3,3,,1,2000,0,4,2010,6,2010,2,,,5,4,
2,5,506,2,830,50002,4,3,3090,3,3,,1,2000,0,8,2010,9,2010,2,,,,,
2,5,506,2,830,50003,1,1,1082,10,3,,10,2000,0,4,2010,6,2010,2,,,400,1,
2,5,506,2,830,50006,1,1,1070,1,3,,1,2000,0,5,2010,6,2010,1,5,,30,4,
2,5,506,2,830,50007,3,2,2030,244,2,,2,1994,0,11,2010,12,2010,2,,,20,2,
2,5,506,2,830,50007,3,3,3160,600,2,,4,1996,0,3,2010,6,2010,2,,,150,1,
2,5,506,2,830,50008,1,1,3160,3,3,,3,1999,0,4,2010,6,2010,1,11,,1500,1,
2,5,506,2,830,50008,1,2,2030,100,3,,100,2000,0,8,2010,12,2010,1,8,,2000,1,
2,5,515,2,18,50023,1,1,1070,1,3,,1,2003,0,6,,9,,2,,,250,1,
2,5,515,2,18,50023,1,2,1100,2,3,,2,1940,0,6,,,,2,,,10,2,
2,5,515,2,18,50024,1,1,1070,1,3,,1,1999,0,6,2010,7,2010,2,,,15,4,
2,5,515,2,18,50024,1,2,1062,1,3,,1,1990,0,5,2010,5,2010,2,,,10,4,
2,5,514,2,710,50061,1,1,1100,0.0199999995529652,3,,2,1976,0,4,2010,6,2010,2,,,200,1,
2,5,518,2,1588,50131,6,2,2030,60,2,,998,1990,0,1,2010,12,2010,2,,,20000,1,
5,6,606,2,1372,60017,1,1,1020,10,2,,10,2009,0,11,2009,12,2009,2,,,0,,
1,7,705,2,4186,70021,3,1,3170,6300,1,,130,1992,0,6,2010,6,2010,2,,,12000,1,
1,7,705,2,4186,70021,4,1,3170,9000,1,,170,1992,0,6,2010,6,2010,2,,,19200,1,
1,7,705,2,4186,70022,2,1,3170,9980,1,,200,2000,0,2,2010,3,2010,2,,,2800,1,
1,7,705,2,4186,70030,2,2,3170,1,6,,380,2003,0,10,2009,4,2010,1,1,,400,1,
1,7,722,2,234,70032,2,2,3170,4800,2,,201,1986,0,3,2009,3,2010,1,8,,42,2,
1,7,722,2,234,70033,4,1,3170,5321,1,,400,2000,0,11,2009,5,2010,2,,,200,1,
1,7,722,2,234,70035,2,2,3170,9430,1,,400,1995,0,10,2009,5,2010,2,,,2400,1,
1,7,722,2,234,70036,2,2,3170,7000,1,,250,1998,0,1,2010,1,2010,2,,,5000,1,
1,7,722,2,234,70038,3,1,3170,7000,1,,57,1993,0,5,2010,5,2010,2,,,1700,1,
1,7,722,2,234,70040,2,1,3170,4800,1,,47,1986,0,,0,,,2,,,0,,
1,7,722,2,892,70041,4,1,3170,8000,1,,550,2008,0,2,2010,2,2010,2,,,150,1,
1,7,722,2,892,70042,4,1,3170,7000,1,,235,2000,0,1,2010,2,2010,2,,,100,1,
1,7,722,2,892,70044,1,3,3170,1020,1,,80,1998,0,11,2009,3,2010,2,,,120,1,
1,7,722,2,892,70044,2,3,3170,3110,1,,120,2005,0,11,2009,4,2010,2,,,600,1,
1,7,710,2,2726,70052,2,1,3170,2100,1,,25,2004,0,11,2009,5,2010,2,,,600,1,
1,7,710,2,2726,70056,2,2,3170,1600,1,,201,1995,0,12,2010,12,2010,1,8,,22,2,
1,7,711,2,2532,70062,3,3,3170,2850,1,,35,1994,0,12,2009,5,2010,2,,,3000,1,
1,7,717,2,1248,70093,1,1,1120,800,1,,0,,,,,,,2,,,0,,
1,7,717,2,1248,70093,1,2,1123,800,1,,0,,,,,,,2,,,0,,
1,7,717,2,1248,70093,1,3,1020,800,1,,0,,,,,,,2,,,0,,
1,7,717,2,1248,70098,1,1,1120,1000,1,,30,2000,0,1,2010,4,2010,2,,,5,2,
1,7,701,2,606,70102,3,1,1120,200,3,,200,1963,0,8,2009,11,2010,1,4,,24,2,
1,7,701,2,606,70104,3,2,1020,48,3,,48,1984,0,5,2010,11,2010,2,,,5,2,
1,7,701,2,606,70106,2,1,1120,140,7,,200,1920,0,9,2009,11,2010,2,,,34,2,
1,7,701,2,606,70107,2,1,1120,70,7,,100,1972,0,6,2009,10,2010,2,,,30,2,
1,7,701,2,606,70108,3,1,3180,280.100006103516,7,,999,1964,0,9,2009,9,2010,2,,,34,1,
1,7,701,2,606,70110,1,1,1120,18.2000007629395,7,,46,1962,0,4,2009,4,2010,2,,,0,,
1,7,715,2,780,70135,1,1,1020,40,3,,50,1990,5,4,2010,8,,2,,,100,2,
1,7,715,2,780,70140,1,1,1020,40,3,,999,1990,40,5,2010,,,2,,,130,2,
2,8,821,1,5062,80023,1,1,1100,,,,0,,,,,,,2,,,0,,
2,8,811,1,1558,80060,1,1,1070,999,,,,,,,,,,,,,,,
2,8,802,2,1152,80076,1,1,1070,2,,,,,,,,,,,,,,,
2,8,802,2,1152,80076,1,2,1080,2,,,,,,,,,,,,,,,
2,8,802,2,1152,80076,1,3,1010,2,,,,,,,,,,,,,,,
2,8,802,2,1152,80076,1,4,,2,,,,,,,,,,,,,,,
2,8,805,2,46,80095,3,1,1110,1,5,,3,1980,0,1,2009,4,2010,2,,,0,,
2,8,805,2,46,80095,3,2,3160,1,5,,2,1980,0,1,2009,4,2010,2,,,0,,
2,8,827,2,804,80109,1,1,1070,1,5,,100,1990,,1,2009,12,2009,2,,,0,,
2,8,807,2,2396,80125,1,1,1080,12,5,,4,2010,30,1,,,,,,,,,
2,8,807,2,2396,80125,1,2,1010,12,5,,4,2010,25,1,,,,,,,,,
2,8,807,2,2396,80125,1,3,1110,12,5,,4,2010,40,1,,,,,,,,,
2,8,807,2,2396,80125,1,4,1070,12,5,,4,2010,15,1,,,,,,,,,
2,8,807,2,2396,80125,1,5,1060,12,5,,4,2010,20,1,,,,,,,,,
2,8,807,2,1438,80138,1,1,1080,4,5,,30,1968,,4,2010,5,,2,,,50,4,
2,8,807,2,1438,80138,1,2,1070,4,5,,20,1968,,11,2010,12,,2,,,50,4,
2,8,807,2,1438,80140,1,1,1070,1,5,,40,1990,0,4,5,5,2010,1,5,,400,4,
2,8,807,2,1438,80140,1,2,1080,1,5,,50,1990,0,11,1,1,2010,1,5,,700,4,
5,9,903,2,48,90016,1,1,3180,480,3,,480,2000,0,,,,,2,,,0,,
5,9,910,2,200,90056,1,1,1020,2,5,,150,1962,0,9,2009,12,2009,2,,,40,1,
5,9,910,2,200,90057,1,1,1020,1360,3,,136,1962,0,8,2009,12,2009,2,,,15,4,"BAG"
5,9,910,2,200,90058,1,1,1020,2,6,,217,1962,0,9,2009,11,2009,2,,,65,1,
5,9,907,2,1446,90061,1,1,1020,50,3,,50,2006,50,,,,,1,6,,0,,
5,9,907,2,1446,90063,1,1,1120,1500,3,,500,2004,1000,1,2010,8,2010,2,,,3,4,"BASIN"
5,9,907,2,1446,90063,1,2,1020,300,3,,300,2007,100,,,,,2,,,,,
5,9,907,2,1446,90064,4,1,3040,1000,3,,100,1995,0,5,2010,8,2010,2,,,0,,
5,9,907,2,1446,90064,5,1,3040,1000,3,,100,2009,0,,,,,2,,,0,,
5,9,907,2,1446,90064,5,2,2030,2000,3,,200,2009,0,,,,,2,,,0,,
5,9,907,2,1446,90064,6,1,3040,1500,3,,150,2005,0,5,2010,5,2010,2,,,15,1,
5,9,907,2,1446,90064,6,2,2030,500,5,,500,2005,0,1,2010,12,2010,2,,,15,3,
5,9,907,2,1446,90066,1,4,3040,4500,3,,999,2010,4300,,,,,2,,,0,,
5,9,907,2,1446,90066,3,1,3181,1400,3,,999,2010,1400,,,,,2,,,0,,
5,9,912,2,102,90077,1,1,1120,2,6,,999,1977,,,,,,,,,,,
5,9,916,2,1068,90082,3,1,3180,50,3,,50,2006,,,,,,2,,,0,,
5,9,916,2,1068,90089,1,1,1020,2000,3,,200,2001,0,3,2009,8,2009,2,,,25,2,
5,9,914,2,1746,90111,2,1,1020,2,5,,997,,0,4,2010,8,2010,,,,,,
5,9,914,2,1746,90112,5,1,3180,50,3,,50,1998,0,3,2010,7,2000,2,,,60,4,"LITRE"
5,9,914,2,1746,90112,6,1,3040,1,6,,999,2000,0,5,2010,7,2010,2,,,130,1,
5,9,914,2,1746,90113,3,1,3180,60,3,,60,1973,0,,,,,,,,,,
5,9,914,2,1746,90113,4,1,3040,1,6,,999,1990,200,5,200,7,2010,1,1,,90,1,
5,9,914,2,1746,90118,1,1,3180,100,3,,55,2010,100,1,2010,9,2010,1,6,,30,2,
5,9,914,2,1746,90120,1,1,1120,400,3,,400,1978,112,10,2009,12,2009,2,,,0,,
5,10,1007,1,1166,100025,1,3,2180,1.5,4,,999,2008,0,,,,,2,,,0,,
5,10,1008,2,1314,100031,1,1,1121,2,,,,,,,,,,,,,,,
5,10,1008,2,1718,100048,3,1,3180,4,3,,300,2004,0,3,2010,5,2010,2,,,200,1,
4,11,1112,2,1952,110015,2,2,3180,10,3,,10,2010,3,,,,,2,,,,,
4,11,1112,2,1952,110016,2,2,1123,29,3,,29,1985,0,3,2010,10,2010,1,11,"LACK OF CARE",89,4,"HEAD"
4,11,1112,2,1952,110016,2,3,1080,25,3,,25,1992,0,4,2010,11,2010,2,,,1,1,
4,11,1112,2,1952,110018,2,4,3180,19,3,,19,1992,0,4,2010,11,2010,1,11,"KACK OF CARE",25,2,
4,11,1112,2,1952,110020,1,4,3180,2,3,,2,1990,2,1,2010,2,2010,2,,,4,4,"BASIN"
4,11,1112,2,78,110027,2,3,2120,42,1,,42,1995,0,4,2010,11,2010,2,,,150,1,
4,11,1112,2,78,110027,2,4,3190,4,1,,4,2004,0,3,2010,11,2010,2,,,20,3,
4,11,1112,2,78,110027,2,5,3050,35,1,,35,1999,0,3,2010,10,2010,2,,,18,2,
4,11,1112,2,78,110028,2,3,3180,6,3,,6,1960,0,3,2010,10,2010,2,,,10,2,
4,11,1110,2,714,110038,1,5,3190,8,3,,8,2004,0,4,2010,8,2010,2,,,2,3,"PICES"
4,11,1113,2,954,110117,1,1,1020,1,4,,50,2004,50,,,,,2,,,0,,
5,12,1208,2,526,120049,1,4,3040,50,3,,50,2002,,11,2009,1,2010,2,,,150,1,
5,12,1208,2,526,120049,1,5,2170,20,3,,20,1980,,7,2010,9,2010,2,,,50,4,"BUNCH"
5,12,1208,2,526,120049,1,6,3190,5,3,,5,2005,,6,2010,9,2010,2,,,150,1,
6,13,1310,1,1300,130007,1,1,3040,1,6,,999,1982,0,4,2009,2,2010,1,2,,50,1,
6,13,1307,1,268,130025,2,1,3111,6,5,,999,,0,,,,,2,,,0,,
6,13,1307,1,268,130025,2,2,3040,6,5,,999,,0,,,,,2,,,0,,
6,13,1303,1,626,130034,1,1,3040,3,5,,999,1977,0,3,2010,10,2010,1,2,,200,1,
6,13,1305,1,1232,130042,2,1,3040,2,6,,999,1998,0,4,2010,8,2010,1,2,,100,1,
6,13,1305,1,1232,130048,1,1,3040,4,5,,999,1982,0,4,2010,8,2010,1,2,,100,1,
6,13,1309,2,674,130051,1,1,3040,3,5,,999,1987,0,8,2010,12,2010,2,,,25,1,
6,13,1309,2,674,130051,1,2,3110,40,3,,40,1987,0,3,2010,12,2010,2,,,0,,
6,13,1309,2,674,130052,1,1,3040,2,5,,999,1985,0,6,2010,10,2010,2,,,100,1,
6,13,1309,2,674,130052,1,2,,1,5,,200,2010,200,,,,,2,,,0,,
6,13,1309,2,674,130053,1,1,3040,2,5,,999,1988,0,1,2010,12,2010,1,2,,15,1,
6,13,1309,2,674,130053,1,2,2170,250,3,,250,2008,0,2,2010,12,2010,1,6,,4,2,
6,13,1309,2,674,130054,1,1,3040,1000,3,,999,1975,0,4,2010,11,2010,2,,,100,1,
6,13,1309,2,674,130054,1,2,3170,100,3,,999,1975,0,6,2010,12,2010,1,8,,0,,
6,13,1309,2,674,130054,1,3,2170,200,3,,200,1975,0,3,2010,10,2010,2,,,0,,
6,13,1309,2,674,130054,1,4,3111,100,3,,100,2009,0,,,,,2,,,0,,
6,13,1309,2,674,130055,1,1,3042,1,5,,999,1988,0,2,2010,12,2010,2,,,50,1,
6,13,1309,2,674,130056,1,1,3040,3,5,,999,1991,0,7,2010,12,2010,2,,,3,1,
6,13,1309,2,674,130056,1,2,3110,50,3,,50,1991,0,4,2010,12,2010,2,,,0,,
6,13,1309,2,674,130056,1,3,2170,130,3,,130,1991,0,2,2010,12,2010,2,,,8,1,
6,13,1309,2,674,130057,1,1,3040,3,5,,999,1989,0,3,2010,8,2010,1,2,,150,1,
6,13,1309,2,674,130057,1,2,3110,60,3,,60,1987,0,3,2010,8,2010,2,,,0,,
6,13,1309,2,674,130058,1,1,3040,2,5,,999,1990,0,4,2010,8,2010,2,,,100,1,
6,13,1309,2,674,130059,1,1,3040,1,5,,999,1998,0,9,2010,12,2010,2,,,100,1,
6,13,1309,2,674,130059,1,2,3110,20,3,,20,1998,0,5,2010,10,2010,2,,,50,1,
6,13,1309,2,674,130060,1,1,3040,2,5,,999,1988,0,6,2010,12,2010,2,,,25,1,
6,13,1309,2,674,130060,1,2,3110,130,3,,130,1988,0,4,2010,12,2010,2,,,0,,
6,13,1309,2,674,130060,1,3,2170,200,3,,200,2004,0,3,2010,12,2010,2,,,0,,
4,14,1401,2,1116,140001,1,5,3180,4,3,,4,1990,0,4,2009,3,2010,2,,,4,4,"HEAD"
4,14,1401,2,1116,140002,1,4,3180,4,3,,4,1992,,4,1992,3,2010,2,,,6,4,"HEAD"
4,14,1401,2,1116,140003,1,5,3180,5,3,,5,1994,0,4,2009,3,2010,2,,,10,4,"HEAD"
4,14,1401,2,1116,140004,1,1,1121,949,1,,0,,,,,,,2,,,0,,
4,14,1401,2,1116,140010,1,2,1080,3,3,,3,1985,0,4,2009,3,2010,2,,,0,,
4,14,1407,2,68,140013,1,4,3180,2,3,,2,1988,0,4,2009,3,2010,2,,,4,4,"HEAD"
4,14,1407,2,68,140013,1,5,3050,1,3,,1,1990,0,6,2009,5,2010,2,,,20,4,"NUT"
4,14,1407,2,68,140015,1,6,3210,5,3,,5,1999,0,10,2009,8,2010,2,,,45,3,
4,14,1407,2,68,140015,1,7,3183,5,3,,8,1982,0,12,2009,4,2010,2,,,4,4,"CLIRES"
4,14,1407,2,68,140015,1,8,3050,2,3,,2,1980,0,7,2009,6,2010,2,,,30,3,
4,14,1408,2,1996,140024,1,4,3183,5,3,,5,1975,0,3,2009,3,2010,2,,,25,4,"LITRE"
4,14,1408,2,1996,140024,1,5,3170,1,3,,1,1975,0,11,2009,12,2010,2,,,50,3,
4,14,1408,2,1996,140024,1,6,2170,1,3,,1,1975,0,8,2009,12,2010,2,,,2,4,"HEAD"
4,14,1408,2,1996,140024,1,7,3210,1,3,,1,2009,2,10,2006,10,2010,2,,,20,3,
4,14,1408,2,1996,140025,1,6,3180,10,1,,10,1980,0,3,2009,3,2010,2,,,75,4,"LITRE"
4,14,1408,2,1996,140025,1,7,3111,4,1,,4,1980,0,4,2009,4,2010,2,,,10,4,"HEAD"
4,14,1408,2,1996,140025,1,8,2030,1,1,,1,1980,0,7,2009,7,2010,2,,,1,4,"HEAD"
4,14,1408,2,1996,140026,1,4,3111,4,3,,4,2000,0,3,2009,3,2010,2,,,4,4,"LITRE"
4,14,1408,2,1996,140026,1,5,3160,1,3,,1,2000,0,4,2009,4,2010,2,,,10,4,"HEAD"
4,14,1408,2,1996,140026,1,6,3180,1,3,,1,2000,0,3,2009,4,2010,2,,,100,3,
4,14,1408,2,1996,140026,1,7,3210,1,3,,1,2000,0,10,2009,9,2010,2,,,20,3,
4,14,1408,2,1996,140027,1,7,3180,15,3,,15,1996,0,2,2010,11,2010,2,,,4,4,"LITRE"
4,14,1408,2,1996,140027,1,8,3110,3,3,,3,2000,0,3,2010,,,2,,,3,4,"BASKET"
4,14,1408,2,1996,140027,2,1,1020,13,3,,13,1998,0,,,,,2,,,,,
4,14,1408,2,1996,140028,1,8,3190,2,3,,2,2001,0,,,,,1,8,,,,
4,14,1408,2,1996,140028,1,9,3160,2,3,,2,1992,0,,,,,2,,,,,
4,14,1408,2,1996,140028,1,10,3110,2,3,,2,1984,0,,,,,1,8,,,,
4,14,1408,2,1996,140028,1,11,3050,1,3,,1,1986,0,6,2010,,,2,,,,,
4,14,1408,2,1996,140028,1,12,3180,20,3,,20,1985,0,2,2010,11,2010,2,,,10,4,"LITRE"
4,14,1408,2,1996,140028,1,13,3210,2,3,,2,2002,0,9,2010,,,2,,,,,
4,14,1408,2,1996,140030,1,4,3050,3,3,,6,1999,0,3,2009,4,2010,2,,,30,3,
4,14,1408,2,1996,140030,1,5,3160,3,3,,3,1999,0,4,2009,3,2010,2,,,200,3,
4,14,1413,1,2578,140035,1,4,3180,7,3,,7,1993,0,4,2009,3,2010,2,,,14,4,"HEAD"
4,14,1413,1,2578,140036,1,5,3180,3,3,,3,1970,0,4,2009,3,2010,2,,,3,4,"HEAD"
4,14,1413,1,2578,140037,1,2,1040,3,3,,2,2001,0,7,2009,7,2010,2,,,2,4,"HEAD"
4,14,1413,1,2578,140037,1,5,3183,3,3,,3,1960,0,4,2009,4,2010,2,,,3,4,"LITRE"
4,14,1413,1,2578,140038,1,5,1040,4,3,,4,1970,0,4,2009,3,2010,2,,,4,4,"HEAD"
4,14,1413,1,2578,140038,1,6,3183,4,3,,4,1970,0,4,2009,7,2010,2,,,4,4,"HEAD"
4,14,1413,1,2578,140039,1,3,3050,3,3,,3,2004,0,3,2010,11,2010,2,,,20,1,
4,14,1413,1,2578,140039,1,4,3210,2,3,,2,2009,0,4,2010,10,2010,2,,,6,1,
4,14,1413,1,2578,140039,1,5,3170,2,3,,2,2008,0,4,2010,,,2,,,,,
4,14,1413,1,2578,140039,2,4,3220,3,3,,3,2006,0,4,2010,,,2,,,0,,
4,14,1413,1,2578,140039,2,5,2170,1,3,,1,2006,0,3,2010,,,2,,,,,
4,14,1413,1,2578,140040,1,3,3221,1,3,,1,1993,0,4,2010,8,2010,2,,,4,4,"BAG"
4,14,1415,2,952,140044,1,3,3180,30,3,,30,1983,0,3,2010,11,2010,2,,,20,4,"LITRE"
4,14,1415,2,952,140045,1,4,3110,2,3,,2,1985,0,1,2010,6,2010,2,,,15,4,"BASKET"
4,14,1415,2,952,140045,1,5,3210,2,3,,2,2002,0,11,2009,8,2010,2,,,25,3,
4,14,1415,2,952,140045,1,6,3180,20,3,,2,1970,0,2,2010,10,2010,2,,,20,4,"LITRE"
4,14,1415,2,952,140045,1,7,3221,1,3,,1,1982,0,1,2010,7,2010,2,,,16,4,"BASKET"
4,14,1415,2,952,140045,1,8,3220,1,3,,1,1988,0,2,2010,9,2010,2,,,0,,
4,14,1415,2,952,140045,2,3,3180,9,3,,9,1970,0,2,2010,11,2010,2,,,10,4,"LITRE"
4,14,1415,2,952,140045,2,4,3160,1,3,,1,1986,0,11,2009,2,2010,2,,,10,4,"BAG"
4,14,1415,2,952,140045,2,5,3170,1,3,,1,1986,0,5,2010,12,2010,2,,,0,,
4,14,1415,2,952,140045,2,6,3110,1,3,,1,1985,0,11,2009,8,2010,2,,,8,4,"BASKET"
4,14,1415,2,952,140046,1,4,3183,3,3,,3,1960,0,4,2009,3,2010,2,,,3,3,"HEAD"
4,14,1415,2,952,140047,1,5,3183,6,3,,6,1965,0,4,2009,3,2010,2,,,6,4,"HEAD"
4,14,1415,2,952,140049,1,4,3180,5,3,,5,2001,0,4,2009,3,2010,2,,,10,4,"HEAD"
4,14,1415,2,952,140049,1,5,3050,1,3,,1,2001,0,6,2009,5,2010,2,,,12,3,
4,14,1415,2,952,140049,2,4,3180,12,3,,12,2000,0,4,2009,3,2010,2,,,0,,
4,14,1415,2,952,140050,1,3,3170,3,3,,3,1988,0,7,2009,6,2010,2,,,100,3,
4,14,1415,2,952,140050,1,4,3180,1,3,,1,1988,0,4,2009,3,2010,2,,,0,3,
4,14,1406,2,694,140061,1,1,1120,9,3,,9,1978,0,4,2009,3,2010,2,,,9,4,"HEAD"
4,14,1406,2,694,140062,1,4,2190,5,3,,5,1979,0,4,2009,3,2010,2,,,5,4,"HEAD"
4,14,1406,2,694,140063,1,5,3183,8,3,,8,1982,0,1,2009,3,2010,2,,,8,4,"HEAD"
4,14,1406,2,694,140067,1,5,3050,1,3,,1,1985,0,1,2010,8,2010,2,,,25,3,
4,14,1406,2,694,140067,1,6,3210,2,3,,2,1985,0,,,9,2010,2,,,10,3,
4,14,1406,2,694,140067,1,7,3180,14,3,,4,1980,0,2,2010,11,2010,2,,,20,3,
4,14,1406,2,694,140067,2,4,2160,30,3,,30,2005,0,2,2010,7,2010,2,,,30,3,
4,14,1406,2,694,140068,2,5,3150,2,3,,2,2001,0,2,2009,8,2010,2,,,30,3,
4,14,1406,2,694,140068,2,6,3110,1,3,,1,2008,0,,,,,2,,,0,,
4,14,1406,2,694,140068,2,7,3170,2,3,,2,2007,0,1,2009,10,2010,2,,,10,4,"BAG"
4,14,1406,2,694,140069,1,5,3180,3,3,,5,1991,0,4,2009,3,2010,2,,,10,4,"HEAD"
4,14,1406,2,694,140070,1,6,3180,6,3,,6,1985,0,4,2009,3,2010,2,,,12,4,"HEAD"
4,14,1413,2,670,140071,1,5,2170,2,3,,2,1988,0,4,2010,8,2010,2,,,0,,
4,14,1413,2,670,140071,1,6,3170,11,3,,11,1983,0,4,2010,12,2010,2,,,20,4,"LITRE"
4,14,1413,2,670,140072,1,7,2160,3,1,,10,2008,0,1,2010,11,2010,2,,,10,3,
4,14,1413,2,670,140072,1,8,3183,24,3,,24,2005,0,3,2010,12,2010,2,,,20,4,"LITRE"
4,14,1413,2,670,140073,1,5,3170,2,3,,2,1992,0,4,2010,11,2010,2,,,0,,
4,14,1413,2,670,140073,2,6,3210,4,3,,4,2003,0,1,2010,8,2010,2,,,0,,
4,14,1413,2,670,140073,2,7,3190,2,3,,4,1986,0,4,2010,12,2010,2,,,0,,
4,14,1413,2,670,140073,2,8,3183,5,3,,5,1980,0,2,2010,10,2010,2,,,0,,
4,14,1413,2,670,140074,1,5,2193,5,3,,5,1961,0,4,2009,2,2010,2,,,5,4,"HEAD"
4,14,1413,2,670,140074,1,6,2170,4,3,,4,2000,0,8,2009,8,2010,2,,,4,4,"HEAD"
4,14,1413,2,670,140074,1,7,3210,2,3,,2,1999,0,10,2009,8,2010,2,,,20,3,
4,14,1413,2,670,140075,1,3,2170,4,3,,4,1975,0,8,2009,7,2010,2,,,4,4,"HEAD"
4,14,1413,2,670,140075,1,4,3180,8,3,,8,2006,0,12,2009,4,2010,2,,,8,4,"HEAD"
4,14,1413,2,670,140078,1,4,3180,20,3,,20,1990,0,4,2009,3,2010,2,,,30,4,"HEAD"
4,14,1413,2,670,140078,1,5,3050,1,3,,1,1990,0,,,,,2,,,10,3,
4,14,1410,2,236,140081,1,1,1020,4,3,,4,1957,0,4,2009,3,2010,2,,,4,4,"HEAD"
4,14,1410,2,236,140082,1,4,3183,3,3,,3,1980,0,4,2009,3,2010,2,,,3,4,"HEAD"
4,14,1410,2,236,140082,1,5,3210,2,3,,2,2010,0,4,2009,3,2010,2,,,20,3,
4,14,1410,2,236,140082,2,4,3183,3,3,,3,1980,0,4,2009,3,2010,2,,,3,4,"HEAD"
4,14,1410,2,236,140082,2,5,3210,2,3,,3,2010,0,4,2009,3,2010,2,,,10,3,
4,14,1410,2,236,140083,1,1,1020,3,3,,3,1965,0,4,2009,3,2010,2,,,3,4,"HEAD"
4,14,1410,2,236,140083,2,3,1080,1,3,,1,1970,0,12,2009,12,2010,2,,,4,4,"LITRE"
4,14,1410,2,236,140083,2,4,3221,2,3,,2,1980,0,6,2009,11,2010,2,,,30,3,
4,14,1410,2,236,140087,1,5,3050,4,3,,4,2005,0,1,2010,11,2010,2,,,40,3,
4,14,1410,2,236,140087,3,2,2190,1,3,,1,2006,0,3,2010,12,2010,2,,,0,,
4,14,1408,2,968,140101,1,4,3180,6,3,,6,1997,0,3,2009,4,2010,2,,,30,4,"HEAD"
4,14,1408,2,968,140103,1,4,3180,15,3,,15,1996,0,4,2009,3,2010,2,,,40,4,"HEAD"
4,14,1408,2,968,140105,1,5,3220,2,3,,2,1990,0,,,,,2,,,,,
4,14,1408,2,968,140105,1,6,3183,18,3,,18,2002,0,12,2009,3,2010,2,,,,,
4,14,1408,2,968,140105,1,7,2160,20,3,,20,1990,0,,,1,2010,2,,,6,4,"GALLON"
4,14,1408,2,968,140105,1,8,3190,2,3,,2,1990,0,,,,,2,,,,,
4,14,1408,2,968,140105,2,4,3183,40,3,,40,2000,0,10,2009,2,2010,2,,,,,
4,14,1408,2,968,140105,2,5,3220,1,3,,1,2003,0,,,,,2,,,,,
4,14,1408,2,968,140106,1,4,3180,20,3,,20,1982,0,12,2009,2,2010,2,,,20,4,"LITRE"
4,14,1408,2,968,140106,1,5,3160,3,3,,3,1980,0,1,2009,2,2010,2,,,12,4,"BAG"
4,14,1408,2,968,140106,1,6,3220,3,3,,3,1981,0,4,2009,2,2010,2,,,5,4,"BASKET"
4,14,1408,2,968,140106,1,7,2160,20,3,,20,200,0,12,2009,3,2010,2,,,20,3,"BASKET"
4,14,1408,2,968,140106,2,1,1040,40,3,,40,1983,0,,,9,2010,2,,,,,
4,14,1408,2,968,140106,2,2,2120,2,3,,2,1988,0,,,,,2,,,,,
4,14,1408,2,968,140106,2,3,1121,100,3,,100,2001,0,,,,,2,,,,,
4,14,1408,2,968,140108,1,5,3183,5,3,,5,1970,0,3,2009,3,2010,2,,,5,4,"HEAD"
4,14,1408,2,968,140108,1,6,3200,2,3,,2,1970,0,7,2009,7,2010,2,,,2,3,
4,14,1408,2,968,140109,1,1,1020,1,4,,999,0,,,,,,2,,,0,,
4,14,1411,2,1066,140111,1,1,1020,3,3,,3,1987,0,4,2009,3,2010,2,,,3,4,"HEAD"
4,14,1411,2,1066,140112,1,4,3180,3,3,,3,1970,0,4,2009,3,2010,2,,,0,,
4,14,1411,2,1066,140113,1,3,1080,7,3,,7,1984,0,4,2009,,,2,,,5,4,"HEAD"
4,14,1411,2,1066,140119,1,4,3180,5,3,,5,1987,0,4,2009,3,2010,2,,,5,4,"HEAD"
4,14,1416,2,2314,140121,1,4,3183,14,3,,14,1970,0,2,2009,10,2010,2,,,6,4,"LITER"
4,14,1416,2,2314,140121,2,3,3183,24,3,,24,1970,0,3,2009,11,2010,2,,,5,4,"LITER"
4,14,1416,2,2314,140122,1,4,3183,21,3,,21,1980,0,2,2009,11,2009,2,,,8,4,
4,14,1416,2,2314,140126,1,4,3180,5,3,,5,1986,0,4,2009,3,2010,2,,,5,4,
4,14,1416,2,2314,140126,2,4,3180,3,3,,3,1956,0,4,2009,3,2010,2,,,3,4,"HEAD"
4,14,1416,2,2314,140127,1,4,3180,3,3,,3,1985,0,4,2009,3,2010,2,,,3,4,"HEAD"
4,16,1626,2,1546,160002,1,3,3180,2,3,,2,1975,0,,,,,2,,,0,,
4,16,1626,2,1546,160008,2,5,3050,4,3,,4,2009,0,,,,,2,,,0,,
4,16,1626,2,1546,160009,2,4,3180,4,3,,4,1985,,7,2010,8,2010,2,,,5,2,
4,16,1610,2,1006,160013,3,3,3180,15,3,,15,1969,0,12,2009,5,2010,2,,,10,2,
4,16,1624,1,286,160014,3,3,3180,6,3,,6,1988,0,10,2010,4,2010,2,,,8,2,
4,16,1606,2,590,160016,1,4,3180,5,3,,5,1972,0,1,2010,5,2010,2,,,3,2,
4,16,1624,1,136,160018,2,3,3040,2,3,,2,1989,0,2,2010,5,2010,2,,,15,4,"BALL"
4,16,1622,2,18,160020,2,3,3180,7,3,,7,1965,0,,,,,2,,,0,,
4,16,1612,2,414,160021,2,4,3180,10,3,,10,1970,0,12,2009,2,2010,2,,,8,2,
4,16,1612,2,414,160021,3,4,3180,7,3,,7,2004,0,,,,,2,,,0,,
4,16,1622,2,18,160022,1,4,3180,18,3,,18,1970,0,12,2009,4,2010,2,,,10,2,
4,16,1622,2,18,160022,2,3,3180,8,3,,8,1980,0,1,2010,5,2010,2,,,5,2,
4,16,1622,2,18,160023,1,3,3180,5,3,,5,1945,0,,,,,2,,,0,,
4,16,1622,2,18,160023,2,3,3180,7,3,,7,1950,0,,,,,2,,,0,,
4,16,1622,2,18,160023,3,3,3180,5,3,,5,1945,0,,,,,2,,,0,,
4,16,1624,1,136,160024,2,4,3220,2,3,,2,9999,0,7,2010,7,2010,2,,,1,4,"BAG"
4,16,1624,1,136,160025,2,3,3180,8,3,,999,0,0,2,2010,6,2010,2,,,16,2,
4,16,1624,1,286,160028,3,2,3180,65,3,,65,2004,0,12,2010,2,2010,2,,,8,2,
4,16,1624,1,136,160032,1,4,3180,4,3,,4,9999,0,4,2010,4,2010,2,,,5,2,
4,16,1624,1,136,160032,1,5,3220,1,3,,1,9999,0,8,2010,8,2010,2,,,1,4,"BASKET"
4,16,1624,1,136,160033,3,3,3050,7,3,,999,0,0,1,2010,5,2010,2,,,14,2,
4,16,1606,2,590,160038,1,3,3220,1,3,,1,9999,0,,,,,2,,,0,,
4,16,1624,1,136,160041,2,2,3180,15,3,,999,9999,0,5,2010,7,2010,2,,,16,2,
4,16,1612,2,414,160046,2,4,3180,15,3,,999,9999,0,1,2010,8,2010,2,,,50,2,
4,16,1612,2,414,160047,1,4,3180,30,3,,999,9999,0,1,2010,8,2010,2,,,45,2,
4,16,1602,2,1576,160048,1,5,3170,2,3,,2,9999,0,10,2009,10,2009,2,,,0,,
4,16,1602,2,1576,160049,2,5,3180,15,3,,999,9999,0,1,2010,7,2010,2,,,32,2,
4,16,1613,2,440,160055,1,4,3183,5,3,,5,1990,0,12,2009,12,2010,2,,,5,2,"BUNCH"
4,16,1613,2,440,160056,1,5,3183,3,3,,3,1980,0,12,2009,8,2010,2,,,3,2,
4,16,1613,2,440,160059,2,4,3160,0.200000002980232,3,,999,1975,0,6,2010,8,2010,2,,,2,4,"BAGS"
4,16,1613,2,440,160059,2,5,3180,0.5,3,,999,1975,0,3,2010,6,2010,2,,,15,2,
4,16,1616,2,296,160061,1,1,1120,4,3,,4,1995,,3,2010,8,2010,2,,,4,2,
4,16,1616,2,296,160062,1,6,3220,5,3,,2,1970,0,3,2010,4,2010,2,,,5,2,
4,16,1616,2,296,160065,1,4,3180,4,3,,4,1996,0,1,2010,7,2010,2,,,4,1,
4,16,1616,2,296,160066,1,4,3180,5,3,,5,1967,0,3,2010,4,2010,2,,,6,4,"TINS"
4,16,1616,2,296,160067,4,4,3180,45,3,,45,2004,0,5,2010,6,2010,2,,,30,2,
4,16,1616,2,296,160068,1,3,3180,7,3,,7,99,0,4,2010,6,2010,2,,,6,2,
4,16,1616,2,296,160068,1,4,3160,2,3,,2,99,0,5,2010,7,2010,2,,,3,4,"BASKET"
4,16,1616,2,296,160068,1,5,3220,1,3,,1,99,0,8,2010,10,2010,2,,,2,4,"BAGS"
4,16,1616,2,296,160070,1,5,3180,5,3,,5,1984,0,4,2010,5,2010,2,,,,,
4,16,1620,2,106,160071,1,5,3220,5,3,,5,2008,0,,,,,2,,,0,,
4,16,1620,2,106,160071,1,6,,10,3,,10,1999,0,,,,,2,,,0,,
4,16,1620,2,106,160072,2,4,3180,2,3,,2,1972,0,9,2009,9,2010,2,,,0,,
4,16,1620,2,106,160072,3,3,3180,9,3,,9,1972,0,9,2009,9,2009,2,,,0,,
4,16,1620,2,106,160074,3,2,3180,15,3,,15,1980,0,3,2010,7,2010,2,,,29,2,
4,16,1620,2,106,160075,2,3,3180,4,,,4,1980,0,4,2010,5,2010,2,,,10,2,
4,16,1620,2,106,160076,1,4,3180,4,3,,3,1984,0,3,2010,8,2010,2,,,6,2,
4,16,1620,2,106,160077,3,4,3180,8,3,,8,1970,0,2,2010,3,2010,2,,,10,2,
4,16,1620,2,106,160078,1,3,3180,6,3,,6,1970,,3,2010,4,2010,2,,,8,2,
4,16,1620,2,106,160078,2,3,3180,3,3,,3,1970,,2,2010,3,2010,2,,,4,2,
4,16,1618,2,1060,160081,1,4,3180,5,3,,5,1975,0,9,2010,9,2010,2,,,0,,
4,16,1618,2,1060,160081,1,5,3200,1,1,,1,1990,0,,,,,2,,,0,,
4,16,1618,2,1060,160082,1,4,3180,1,3,,1,1975,0,9,2010,9,2010,2,,,0,,
4,16,1618,2,1060,160082,3,4,3180,4,3,,4,1975,0,9,2010,9,2010,2,,,0,,
4,16,1618,2,1060,160083,2,2,3180,7,3,,7,1995,0,9,2010,9,2010,2,,,0,,
4,16,1618,2,1060,160083,2,3,3200,3,3,,3,1995,0,12,,,,2,,,0,,
4,16,1618,2,1060,160084,2,4,3180,5,3,,5,1985,0,9,2010,9,2010,2,,,0,,
4,16,1618,2,1060,160085,1,5,3180,5,3,,5,1969,0,3,2010,4,2010,2,,,0,,
4,16,1618,2,1060,160085,2,3,3180,3,3,,3,1969,0,3,2010,4,2010,2,,,0,,
4,16,1601,2,954,160091,1,5,3220,1,3,,1,1995,7,7,2010,8,2010,2,,,5,4,"BAG"
4,16,1601,2,954,160091,1,6,3110,1,3,,1,1995,0,12,,,,,,,,,
4,16,1601,2,954,160091,2,3,3180,1,3,,,1995,0,12,,,,,,,,,
4,16,1601,2,954,160092,1,3,3180,14,3,,14,1968,,9,2009,,,,,,,,
4,16,1601,2,954,160092,2,2,3180,3,3,,3,1968,,9,2009,,,,,,,,
4,16,1601,2,954,160092,2,3,3200,1,3,,1,2005,,,,,,,,,,,
4,16,1601,2,954,160093,1,3,3180,5,3,,8,1968,,3,2010,4,2010,,,,10,2,
4,16,1601,2,954,160093,2,3,3180,7,3,,7,1968,,3,2010,4,2010,2,,,14,2,
4,16,1601,2,954,160094,2,4,3180,5,3,,5,1970,0,4,,4,,2,,,8,2,
4,16,1601,2,954,160095,3,1,1020,8,3,,,1967,0,4,2010,,,,,,4,2,
4,16,1601,2,954,160096,3,2,1080,5,3,,5,1980,0,4,2010,5,2010,2,,,8,2,
4,16,1601,2,954,160097,1,4,3180,63,3,,6,1960,0,1,2010,,,2,,,1,4,"CUSTERED PAINT"
4,16,1601,2,954,160098,1,3,3180,5,3,,5,1970,0,,,,,2,,,0,,
4,16,1601,2,954,160099,1,1,1120,4,3,,4,1967,0,,,,,2,,,0,,
4,16,1601,2,954,160099,2,1,1020,19,3,,191,1967,0,2,2010,3,2010,2,,,20,2,
4,16,1624,1,286,160102,3,3,3180,12,3,,12,1975,0,1,2010,5,2010,2,,,9,2,
4,16,1624,1,286,160102,3,4,3200,1,3,,1,1970,0,8,2009,3,2010,1,7,,3,4,"PAINT CONTAINER"
4,16,1606,2,590,160103,2,4,3180,2,1,,2,1970,0,1,2010,4,2010,2,,,4,2,
4,16,1606,2,590,160107,3,3,3180,20,3,,999,1983,0,1,2010,8,2010,2,,,18,2,
4,16,1606,2,590,160108,2,3,3180,2,4,,999,1975,0,2,2010,8,2010,2,,,30,2,
4,16,1606,2,590,160109,3,3,3180,1,4,,999,1970,0,1,2010,8,2010,2,,,28,2,
4,16,1624,1,286,160110,3,3,3180,15,3,,12,1980,0,1,2010,7,2010,2,,,14,2,
4,16,1603,2,158,160111,3,4,3180,10,3,,10,1984,0,4,2010,6,2010,2,,,15,3,
4,16,1610,2,1006,160112,2,2,3220,3,3,,3,9999,0,10,2010,10,2010,2,,,2,3,"BASKET"
4,16,1610,2,1006,160112,2,3,3160,2,3,,2,9999,0,,0,,0,,,,,,
4,16,1610,2,1006,160112,2,4,3170,3,3,,3,9999,0,,0,,0,,,,,,
4,16,1624,1,286,160113,1,5,3180,10,3,,999,1985,0,1,2010,8,2010,2,,,10,2,
4,16,1610,2,1006,160114,2,5,3180,10,,,10,1975,0,3,2010,8,2010,2,,,15,2,
4,16,1610,2,1006,160115,2,4,3180,8,3,,,1972,0,4,2010,8,2010,2,,,24,2,
4,16,1610,2,1006,160116,2,4,3180,8,3,,8,1970,0,3,2010,8,2010,2,,,18,2,
4,16,1602,2,1576,160120,1,3,3180,8,3,,8,1970,0,3,2010,5,2010,2,,,0,,
4,16,1602,2,1576,160124,2,4,3180,3,3,,3,9999,0,5,2010,5,2010,2,,,3,2,
4,16,1602,2,1576,160126,1,3,3180,2,3,,4,9999,0,3,2010,3,2010,2,,,3,2,
4,16,1602,2,1576,160126,2,5,3180,4,3,,4,9999,0,8,2010,8,2010,2,,,3,2,
4,16,1612,2,414,160128,1,2,3180,4,3,,4,9999,0,12,2010,,,2,,,10,2,
4,16,1622,2,18,160129,1,4,3180,5,3,,999,9999,0,8,2010,8,2010,2,,,20,2,
4,16,1612,2,414,160130,1,3,3180,20,3,,20,1960,0,12,2009,7,2010,2,,,20,2,
4,16,1624,1,286,160132,1,4,3180,10,3,,10,1975,0,3,2010,6,2010,2,,,8,2,
4,16,1624,1,286,160133,1,4,3180,3,3,,3,1985,0,1,2010,7,2010,2,,,4,2,
4,16,1605,2,180,160146,3,2,1020,10,3,,101,1972,0,4,2010,6,2010,2,,,15,2,
4,16,1605,2,180,160147,2,4,3180,15,3,,0,1980,0,5,2010,6,2010,,,,20,2,
4,16,1605,2,180,160148,1,4,3183,3,3,,3,1975,0,4,2010,6,2010,2,,,4,2,
4,16,1605,2,180,160149,1,3,3180,10,3,,10,1983,0,6,2010,12,2010,2,,,16,2,
4,16,1605,2,180,160150,1,4,3180,3,3,,3,1974,0,1,2010,2,2010,2,,,4,2,
4,16,1605,2,180,160151,1,4,3180,6,3,,6,1972,0,3,2010,4,2010,2,,,10,2,
4,16,1605,2,180,160153,1,5,3180,3,3,,3,1990,0,2,2010,4,2010,2,,,12,2,
4,16,1603,2,158,160154,1,4,3180,3,3,,3,1990,0,3,2010,6,2010,2,,,5,3,
4,16,1609,2,738,160156,1,3,3050,1,3,,1,9999,0,12,,12,,2,,,20,3,
4,16,1609,2,738,160158,1,5,3220,2,3,,2,9999,0,7,2010,8,2010,2,,,1,4,"BASKET"
4,16,1609,2,738,160162,1,3,3180,2,3,,2,9999,9999,9,2010,9,2010,2,,,2,2,
4,16,1608,2,1104,160164,1,4,3180,4,3,,4,9999,0,1,2010,7,2010,2,,,12,3,
4,16,1608,2,1104,160167,2,5,3180,10,3,,999,9999,0,2,2010,7,2010,2,,,20,2,
4,16,1609,2,738,160169,2,5,3220,1,3,,1,9999,0,7,2010,8,2010,2,,,1,4,"BAG"
4,16,1608,2,1104,160171,1,1,1020,3,3,,3,9999,0,,,,,2,,,,,
4,16,1612,2,108,160175,2,3,3180,10,3,,10,1970,,,,,,2,,,0,,
4,16,1603,2,158,160178,1,3,3180,5,3,,5,1970,0,2,2010,5,2010,2,,,10,2,
4,16,1603,2,158,160178,1,4,3220,2,3,,2,1970,0,7,2010,8,2010,2,,,5,4,"BUNDLE"
4,16,1603,2,158,160179,1,3,2170,30,3,,30,2005,0,,,,,2,,,0,,
4,16,1603,2,158,160179,1,4,3220,1,3,,1,2005,0,,,,,2,,,0,,
4,16,1603,2,158,160179,2,2,3180,20,3,,20,2005,0,,,,,2,,,0,,
4,16,1603,2,158,160179,2,3,3170,1,3,,1,2005,0,,,,,2,,,0,,
4,16,1603,2,158,160180,1,3,3180,6,3,,6,1979,0,3,2010,6,2010,2,,,12,2,
4,16,1603,2,158,160180,2,4,3180,4,3,,4,1979,0,3,2010,6,2020,2,,,8,2,
4,16,1603,2,158,160180,3,2,3180,5,3,,5,1979,0,3,2010,6,2010,2,,,9,2,
4,16,1603,2,158,160184,1,4,3220,2,3,,2,1985,0,9,2010,9,2010,2,,,0,,
4,16,1603,2,158,160184,2,3,3160,1,3,,1,1990,0,9,2010,9,2010,2,,,0,,
4,16,1603,2,158,160185,1,5,3180,5,3,,5,1994,0,1,2010,5,2010,2,,,10,2,
4,16,1612,2,108,160188,1,4,3180,5,3,,5,1973,0,2,2010,5,2010,2,,,10,2,
4,16,1612,2,108,160188,2,5,3180,10,3,,10,1973,0,2,2010,5,2010,2,,,10,2,
4,16,1612,2,108,160189,3,4,2170,30,3,,30,2006,0,,,,,2,,,0,,
4,16,1612,2,108,160189,3,5,3220,2,3,,2,2006,0,,,,,2,,,0,,
3,17,1719,2,1354,170014,1,4,3160,2,2,,2,1993,2,4,2010,6,2010,1,5,,50,1,
3,17,1724,2,786,170125,1,1,1070,8203.2001953125,7,,999,2000,0,11,2009,2,2010,2,,,20,4,"BAGS"
3,18,1803,2,840,180033,2,3,3140,2,3,,2,1981,0,4,2010,4,2010,1,1,,24,1,
3,18,1803,2,840,180034,2,3,3140,3,3,,,1981,0,4,2010,4,2010,2,,,40,1,
3,18,1816,1,378,180047,2,4,3140,750,3,,1,1985,0,5,2010,5,2010,1,8,,25,1,
3,18,1817,2,370,180070,2,1,1080,3,3,,3,1970,0,,,,,2,,,0,,
3,18,1808,2,1726,180076,1,1,1070,7,3,,7,1984,0,12,2009,12,2009,2,,,0,,
3,18,1808,2,1726,180076,2,1,1080,1,3,,7,1991,0,4,2009,5,2009,2,,,0,,
3,18,1811,2,364,180082,3,3,3170,2,3,,2,2008,0,5,2010,7,2010,2,,,2,4,"BAGS"
3,18,1811,2,364,180082,3,4,3021,1,3,,1,2008,0,3,2010,4,2010,2,,,2,4,"BAGS"
3,18,1811,2,364,180082,3,5,3160,1,3,,1,2008,0,4,2010,5,2010,2,,,4,4,"BAGS"
3,18,1811,2,364,180082,3,6,2030,20,2,,20,2008,0,8,2010,5,2010,2,,,3,2,
3,18,1811,2,364,180085,2,4,3170,13,3,,13,1989,0,5,2010,6,2010,2,,,13,4,"BABS"
3,18,1811,2,364,180085,2,5,3160,5,3,,5,1981,0,4,2010,5,2010,2,,,15,4,"BAGS"
3,18,1820,2,450,180091,1,1,1080,3,5,,11,2002,0,,,,,2,,,0,,
3,18,1820,2,450,180093,1,1,1080,3,3,,3,2005,0,,,,,1,6,,0,,
3,18,1820,2,450,180095,1,1,1070,3,3,,12,2005,0,3,2010,,,1,5,,35,4,"BASKET"
3,18,1820,2,450,180097,1,1,1080,6,5,,20,4,2010,,,,,2,,,,,
3,18,1820,2,450,180097,1,2,1120,6,5,,20,4,2010,,,,,2,,,,,
3,18,1820,2,450,180097,1,3,1020,6,5,,20,4,2010,,,,,2,,,,,
3,18,1820,2,450,180100,2,1,1080,3,5,,5,1977,0,4,2010,6,2010,2,,,300,1,
3,18,1822,2,1654,180102,1,1,1040,10,3,,10,2010,5,,,,,2,,,,,
3,18,1822,2,1654,180110,1,1,1080,7,3,,7,1970,0,,,,,2,,,0,,
3,18,1822,2,1654,180110,2,1,2220,2,3,,2,1970,0,,,,,2,,,0,,
3,21,2102,2,1124,210081,1,1,1100,4.30000019073486,5,,10,1995,0,4,2010,5,2010,1,2,,1000,1,
1,22,2209,1,792,220041,1,1,3160,20,4,,999,1995,0,2,2009,,,2,,,0,,
1,22,2205,2,2432,220062,1,1,1121,2500,3,,60,2004,20,5,2010,7,2010,2,,,10,4,
1,22,2205,2,2432,220064,2,1,3020,1,5,,999,1985,0,2,2009,5,2009,2,,,0,,
1,22,2205,2,2432,220064,3,1,3183,200,3,,200,1985,0,3,2009,6,2009,2,,,100,2,
1,22,2205,2,2432,220064,3,2,3190,10,3,,10,1985,0,2,2009,3,2009,2,,,16,4,
1,22,2205,2,2432,220067,1,1,3020,1,4,,999,1980,200,10,2009,1,2010,2,,,0,,
1,22,2205,2,2432,220067,1,2,3180,1,4,,999,1980,150,3,2009,6,2009,2,,,0,,
1,22,2205,2,2432,220068,1,1,3020,2,4,,999,1996,200,10,2009,1,2010,2,,,0,,
1,22,2205,2,2432,220070,3,1,3020,10,6,,999,1989,0,2,2010,,,1,5,,2750,1,
1,22,2205,2,2432,220070,4,1,3180,15,6,,999,1989,0,1,2010,12,2010,2,,,625,4,
1,22,2205,2,664,220075,1,1,1120,100,3,,100,2003,0,3,2010,,,2,,,350,1,
1,22,2205,2,664,220076,1,1,1121,250,3,,300,2002,30,5,2010,7,2010,2,,,30,4,"SACK"
1,22,2205,2,664,220076,1,2,1020,250,3,,100,1985,40,4,2010,8,2010,2,,,1500,2,
1,22,2205,2,664,220079,1,1,3020,6,4,,999,1980,0,10,2009,1,2010,1,7,,400,1,
1,22,2214,2,1354,220085,1,4,3020,100,3,,100,1997,0,3,2009,5,,2,,,0,,
1,22,2218,2,596,220092,2,1,3020,10,4,,999,1995,0,2,2010,4,2010,2,,,1000,1,
1,22,2218,2,596,220095,1,4,3180,50,3,,50,2008,0,,,,,2,,,,,
1,22,2203,2,530,220101,1,1,3020,4,6,,999,1978,0,2,2009,,0,2,,,400,1,
1,22,2203,2,266,220116,3,2,3180,4,5,,999,1980,0,4,2010,6,2010,2,,,500,3,
1,23,2308,1,5180,230001,1,2,3020,3,3,,3,2006,0,4,2010,6,2010,2,,,12,1,
1,23,2308,1,5180,230001,1,3,3160,2,3,,2,2005,0,5,2010,8,2010,2,,,100,1,
1,23,2308,1,5180,230005,5,1,3170,11,3,,11,1985,0,8,2009,12,2009,2,,,0,,
1,23,2308,1,5180,230005,5,2,3150,4,3,,4,1993,0,8,2009,12,2009,2,,,0,,
1,23,2308,1,5180,230005,5,3,3020,8,3,,8,1990,0,1,2010,7,2010,2,,,125,1,
1,23,2308,1,5180,230006,2,3,3180,8,3,,8,1990,0,3,2009,8,2009,2,,,0,,
1,23,2308,1,5180,230008,3,1,3020,200,,,999,1970,0,3,2010,4,2010,1,5,,102,1,
1,23,2316,1,140,230108,4,1,3020,100,3,,100,2004,0,1,2010,6,2010,2,,,240,1,
6,24,2407,2,396,240161,1,1,1020,4,3,,999,1940,0,,,,,2,,,0,,
6,24,2407,2,396,240165,2,3,2170,500,3,,500,2009,0,,,,,2,,,0,,
1,25,2508,1,2788,250007,1,4,3140,5,3,,1,,0,9,2009,12,2009,1,7,,0,,
1,25,2504,2,222,250014,3,3,2030,10,3,,10,2005,0,5,2009,5,2010,2,,,5,2,
1,25,2504,2,222,250014,3,4,3180,7,3,,7,2007,0,,,,,2,,,0,,
1,25,2504,2,222,250017,1,2,3180,10,2,,10,1988,0,9,2010,,0,2,,,10,1,
1,25,2504,2,222,250017,2,2,3180,6,2,,6,1990,0,5,2010,,0,2,,,6,1,
1,25,2504,2,222,250018,3,2,3180,50,3,,50,1972,20,11,2010,2,2011,1,5,,0,,
1,25,2504,2,222,250020,1,2,3180,40,3,,40,2005,0,,,,,2,,,0,,
1,25,2509,2,248,250022,4,1,3183,50,3,,50,1987,0,4,2010,5,2010,2,,,30,2,
1,25,2509,2,248,250025,1,4,3020,28,3,,2,2002,0,4,2010,5,2010,2,,,20,1,
1,25,2509,2,248,250025,1,5,3160,7,3,,2,1995,0,4,2010,5,2010,2,,,30,1,
1,25,2507,2,814,250032,1,1,1120,1,4,,999,1970,,7,2010,9,2010,2,,,30,2,
1,25,2507,2,814,250033,1,1,1120,1,5,,50,2000,10,7,2010,9,2010,2,,,40,2,
1,25,2513,2,128,250043,1,1,1080,1,4,,50,2007,,7,2010,9,2010,1,1,,20,2,
1,25,2513,2,128,250043,1,2,1010,3,4,,95,1968,,4,2010,7,2010,1,1,,50,2,
1,25,2513,2,128,250044,1,3,3180,35,3,,35,1965,,4,2010,12,2010,2,,,0,,
1,25,2513,2,128,250045,1,1,1080,2,4,,500,2007,400,3,2010,8,2010,1,1,,16,2,
1,25,2513,2,128,250045,2,1,1070,2,4,,150,1990,0,4,2010,,,1,1,,30,2,
1,25,2513,2,128,250046,1,2,2030,50,3,,50,1982,,9,2010,5,2011,1,6,,20,2,
1,25,2513,2,128,250047,1,1,1040,1,4,,70,2005,,4,2010,8,2010,2,,,12,2,
1,25,2513,2,128,250049,1,1,1070,2,4,,60,2008,60,5,2010,8,2010,2,,,15,2,
1,26,2606,1,516,260002,1,1,,10,3,,10,2005,,,,12,2010,2,,,,,
1,26,2606,1,516,260002,2,2,,15,3,,15,2007,,,,12,2010,2,,,,,
1,26,2606,1,516,260002,3,3,,50,3,,50,2006,,,,12,2010,2,,,,,
1,26,2615,2,2178,260067,1,1,1070,120.319999694824,3,,4,,,8,2010,9,2010,2,,,,,
1,26,2615,2,2178,260067,2,1,1080,30.1599998474121,3,,2,,,7,2010,9,2010,2,,,,,
1,26,2615,2,2178,260067,2,2,1060,90.2399978637695,3,,3,,,7,2010,7,2010,2,,,,,
1,26,2605,2,594,260093,2,2,1070,5,3,,3,,,,,,,2,,,,,
1,26,2605,2,594,260097,1,1,1120,4,3,,4,,,,,,,2,,,0,,
1,26,2605,2,594,260098,1,1,1070,4,2,,4,,,,,,,2,,,0,,
1,26,2613,2,2248,260126,1,1,1070,982.049987792969,7,,25,1984,,4,2010,7,2010,2,,,700,1,
1,26,2613,2,2248,260130,1,1,1070,2356.02001953125,7,,11,1990,0,4,2010,,,1,5,,300,1,
1,26,2608,2,820,260138,1,1,1110,3.5,5,,8,1995,,,,,,2,,,,,
1,26,2608,2,820,260140,1,1,1110,15,5,,999,1985,,5,2010,7,2010,2,,,10,4,
1,26,2601,2,822,260146,1,1,1090,1,5,,2,1990,2,,,,,2,,,,,
1,26,2613,2,1462,260151,1,1,1010,30,3,,30,1999,,,,,,2,,,,,
1,26,2625,2,926,260175,1,1,1100,3,3,,5,2000,,,,,,2,,,,,
1,26,2625,2,926,260176,1,1,1100,5,3,,5,2000,,,,,,2,,,,,
6,27,2715,2,752,270030,2,1,3040,2,5,,999,1993,50,11,2009,,,1,1,,25,1,
6,27,2715,2,752,270030,2,2,3110,1,5,,999,1993,25,11,2009,,,1,1,,0,,
6,27,2719,2,100,270082,1,1,3040,1000,3,,100,1956,0,5,2010,9,2010,1,2,,80,1,
6,27,2719,2,100,270086,4,1,3040,2500,3,,250,1960,0,5,2010,12,2010,1,2,,60,1,
6,27,2719,2,100,270086,4,2,3110,1000,3,,100,1960,0,1,2010,9,2010,1,2,,50,1,
6,27,2719,2,100,270086,4,3,3180,500,3,,500,1960,0,12,2009,2,2010,2,,,200,1,
6,27,2719,2,100,270087,1,1,3040,1500,3,,150,1950,10,4,2009,8,2009,2,,,60,1,
6,27,2719,2,100,270089,1,1,2160,4,4,,600,1940,5,8,2009,10,2009,1,1,,50,1,
6,27,2719,2,100,270090,1,1,3040,350,3,,350,1940,0,8,2010,,,2,,,40,1,
6,28,2806,1,164,280020,1,1,3040,2000,3,,900,1987,200,4,2010,7,2010,1,4,,130,1,
6,28,2806,1,164,280020,1,2,3110,1000,3,,800,1989,50,4,2010,7,2010,2,,,100,1,
6,28,2816,1,2302,280021,1,1,3040,4000,3,,999,1993,,11,2009,1,2009,2,,,,,
6,28,2816,1,2302,280023,1,1,3040,1000,3,,100,1990,,9,2009,3,2010,2,,,150,1,
6,28,2816,1,2302,280023,1,2,3110,300,3,,100,1990,,9,2009,11,2010,2,,,0,1,
6,28,2816,1,2302,280023,1,3,3170,130,3,,300,1994,,5,2009,9,2010,2,,,60,1,
6,28,2816,1,2302,280024,1,1,3040,1500,3,,500,2002,,3,2010,5,2010,2,,,48000,1,
6,28,2816,1,2302,280026,1,1,1040,1000,3,,650,2002,40,4,2010,5,2010,2,,,200,1,
6,28,2816,1,2302,280027,1,1,3040,800,4,,999,1970,,12,2009,9,2010,2,,,,,
6,28,2816,1,2302,280028,1,1,3040,1500,3,,150,1995,,1,2009,2,2010,2,,,100,1,
6,28,2816,1,2302,280029,1,1,3040,1000,3,,100,1995,,8,2009,3,290,1,1,,0,,
6,28,2816,1,2302,280030,1,1,3040,5000,3,,300,1995,3000,8,2009,2,2010,1,2,,500,1,
6,28,2816,1,2302,280030,2,2,,2000,3,,200,2000,2000,8,2009,2,2010,2,,,,,
6,28,2811,2,588,280051,1,1,3040,3000,3,,300,1997,50,5,2010,10,2010,1,2,,350,1,
6,28,2811,2,588,280051,1,2,3110,1000,3,,100,1997,50,2,2010,10,2010,1,5,,158,1,
6,28,2811,2,588,280051,2,1,3110,1000,3,,100,1997,50,2,2010,10,2010,1,5,,170,1,
6,28,2811,2,588,280051,2,2,3040,3500,3,,350,1997,50,5,2010,10,2010,1,2,,200,1,
6,28,2811,2,588,280051,2,3,3170,40,3,,40,1997,0,2,2010,4,2010,2,,,10,4,
6,28,2811,2,588,280052,2,1,3040,1000,3,,100,1982,100,2,2010,9,2010,1,2,,750,1,
6,28,2811,2,588,280052,2,2,3110,5500,3,,550,1982,50,3,2010,9,2010,1,2,,600,1,
6,28,2811,2,588,280053,1,1,3040,2,5,,999,12,600,8,2009,3,2010,1,2,,150,1,
6,28,2811,2,588,280053,1,2,3112,70,3,,70,12,,9,2009,5,2010,2,,,,,
6,28,2811,2,588,280053,1,3,3183,200,3,,200,12,,,,,,2,,,,,
6,28,2811,2,588,280054,1,1,3040,2500,3,,250,2000,500,8,2009,3,2010,1,1,,750,1,
6,28,2811,2,588,280054,3,1,3040,400,3,,400,2000,100,8,2009,3,2010,1,1,,750,1,
6,28,2811,2,588,280055,1,2,3110,150,3,,,1975,,7,2010,12,2010,2,,,2,4,
6,28,2811,2,588,280055,1,3,3180,200,3,,,1975,,4,2010,12,2010,2,,,0,,
6,28,2811,2,588,280055,2,1,1120,3000,1,,,2010,3000,8,2010,12,2010,2,,,0,,
6,28,2811,2,588,280055,2,2,2170,100,3,,,2010,,12,,11,2010,2,,,0,,
6,28,2811,2,588,280055,2,3,3170,50,3,,,1975,,,,12,2010,2,,,0,,
6,28,2811,2,588,280056,1,1,3040,2500,3,,950,1975,0,,,,,1,1,,0,,
6,28,2811,2,588,280056,1,2,3110,200,3,,200,1975,0,,,,,2,,,4,4,"BASKET"
6,28,2811,2,588,280056,1,3,3180,150,3,,150,1975,0,,,,,2,,,0,,
6,28,2811,2,588,280056,2,1,3040,1,5,,977,1977,0,,,,,2,,,0,,
6,28,2811,2,588,280056,2,2,3180,300,3,,300,1977,0,,,,,2,,,6,2,
6,28,2811,2,588,280056,2,3,1020,1000,3,,900,2010,1000,,,,,2,,,0,,
6,28,2811,2,588,280057,1,1,3040,700,3,,4,1995,50,2,2010,9,2010,1,2,,600,1,
6,28,2811,2,588,280057,1,2,3110,2000,3,,4,1995,0,2,2010,9,2010,1,2,,300,1,
6,28,2811,2,588,280060,1,1,3040,5000,3,,500,1990,0,2,2010,9,2010,1,2,,240,1,
6,28,2811,2,588,280060,1,2,3110,1500,3,,150,1990,0,2,2010,9,2010,2,,,95,1,
6,28,2811,2,588,280060,2,1,1120,2500,3,,250,1995,0,2,2010,9,2010,1,2,,100,1,
6,28,2811,2,588,280060,2,2,1020,900,3,,900,1995,0,2,2010,9,2010,2,,,35,1,
6,28,2815,2,1164,280061,1,1,3040,3500,3,,350,1983,0,3,2010,9,2010,1,2,,500,1,
6,28,2815,2,1164,280061,1,2,3110,1500,3,,150,1983,0,4,2010,9,2010,1,2,,200,1,
6,28,2815,2,1164,280061,3,1,3040,3450,3,,345,1983,0,3,2010,9,2010,1,2,,250,1,
6,28,2815,2,1164,280066,1,1,3040,10,5,,999,1970,0,1,2009,12,2009,1,5,,1800,1,
6,28,2815,2,1164,280067,1,1,3040,3000,3,,300,1974,,,,,,2,,,,,
6,28,2815,2,1164,280067,1,2,3110,100,3,,100,1974,,7,2010,12,2010,2,,,3,,
6,28,2815,2,1164,280067,1,3,3180,50,3,,50,1974,,8,2010,12,2010,2,,,5,,
6,28,2815,2,1164,280067,1,4,3220,3,3,,3,1975,,,,,,2,,,,,
6,28,2815,2,1164,280067,1,5,3170,5,3,,5,1975,,,,,,2,,,,,
6,28,2815,2,1164,280067,1,6,3150,2,3,,2,1976,,,,,,2,,,,,
6,28,2815,2,1164,280070,1,1,3040,100,3,,999,1970,10,,,,,2,,,0,,
6,28,2816,2,3944,280071,1,1,3040,3000,3,,300,1980,,8,2009,12,2009,1,5,,0,,
6,28,2816,2,3944,280071,1,2,3110,100,3,,100,1980,,6,2009,12,2009,1,5,,0,,
6,28,2816,2,3944,280072,1,1,3040,4000,3,,999,1980,,12,2010,,,1,5,,0,,
6,28,2816,2,3944,280072,1,2,3110,200,3,,999,1980,,3,2010,12,2010,1,5,,0,,
6,28,2816,2,3944,280072,1,3,3180,150,3,,999,1980,,12,2010,,,2,,,0,,
6,28,2816,2,3944,280072,2,1,3040,3000,3,,999,1980,,12,2010,,,1,5,,0,,
6,28,2816,2,3944,280072,2,2,3110,150,3,,999,1980,,12,2010,12,2010,1,5,,0,,
6,28,2816,2,3944,280072,2,3,3180,100,3,,999,1980,,12,2010,,,2,,,0,,
6,28,2816,2,3944,280073,1,1,3040,2000,3,,200,1961,,,,,,,,,,,
6,28,2816,2,3944,280073,1,2,3110,150,3,,150,1961,,4,2010,11,2010,2,,,4,4,"BASKET"
6,28,2816,2,3944,280073,1,3,3183,200,3,,200,1963,,7,2010,12,2010,2,,,10,3,
6,28,2816,2,3944,280074,1,1,3040,6000,3,,600,1980,,8,2009,12,2009,1,5,,0,,
6,28,2816,2,3944,280075,1,1,3040,4000,5,,300,1980,,8,2010,,,2,,,50,3,
6,28,2816,2,3944,280075,1,2,3111,4000,3,,400,1980,,,,,,2,,,,,
6,28,2816,2,3944,280076,1,1,3040,1,5,,999,15,,8,2009,4,2010,1,6,,0,,
6,28,2816,2,3944,280079,1,1,3040,950,3,,999,1940,,,,,,2,,,0,,
6,28,2816,2,3944,280080,1,1,3040,1500,3,,150,1930,0,10,2009,2,2009,2,,,0,,
6,28,2816,2,3944,280080,1,2,3110,50,3,,50,1930,0,9,2010,,2009,2,,,0,,
6,28,2814,1,1876,280084,1,1,3181,18,5,,999,1980,,2,2010,9,2010,1,5,,130,2,
6,28,2814,1,1876,280086,1,1,3180,2.5,5,,999,1995,,1,2010,9,2010,2,,,250,4,"LITRES"
6,28,2814,1,1876,280086,1,2,3180,11,5,,999,1998,,1,2010,9,2010,2,,,300,4,"LITRES"
6,28,2814,1,1876,280086,2,1,3180,15,5,,999,1998,20,1,2010,9,2010,2,,,200,4,"LITRES"
6,28,2814,1,1876,280086,2,2,3180,1.5,5,,999,2006,,,,,,2,,,250,4,"LITRES"
6,28,2813,2,612,280111,1,2,3040,25,5,,999,1970,0,9,2010,2,2011,2,,,5,1,
6,28,2813,2,612,280111,1,3,2170,200,3,,200,200,1970,9,2010,12,2011,1,,,,,
6,28,2813,2,612,280112,1,1,3110,400,3,,400,1965,0,9,2010,2,2011,2,,,,4,"BASKET"
6,28,2813,2,612,280112,1,2,3180,100,3,,100,1965,0,,,,,2,,,,,
6,28,2813,2,612,280113,1,1,3040,3040,5,,999,2005,999,9,2010,,,2,,,,,
6,28,2813,2,612,280115,2,1,3040,4,5,,,1995,,9,2010,2,2011,2,,,0,,
6,28,2813,2,612,280115,2,2,3110,100,3,,,1995,100,9,2010,12,2011,2,,,0,,
6,28,2813,2,612,280115,2,3,3170,15,2,,,1995,15,11,2009,11,2010,2,,,0,,
6,28,2813,2,612,280116,1,1,3010,4,4,,999,1990,0,9,2010,2,2011,2,,,0,,
6,28,2813,2,612,280116,1,2,3040,200,3,,999,1990,2000,9,2010,12,2011,2,,,0,,
6,28,2813,2,612,280117,1,1,3111,2,4,,999,10,999,7,2009,2,2010,2,,,3,4,"BASKET"
6,28,2813,2,612,280117,1,2,3040,1,4,,999,10,999,9,2009,3,2010,1,1,,75,1,
6,28,2813,2,612,280118,1,1,3111,4,4,,999,30,999,7,2009,4,2010,2,,,6,4,
6,28,2813,2,612,280118,2,1,3111,4,4,,999,30,999,7,2009,4,2010,2,,,2,4,
6,28,2813,2,612,280118,3,1,3111,4,4,,999,30,999,7,2009,4,2010,2,,,1,4,
6,28,2813,2,612,280118,3,2,3042,4,4,,999,30,999,7,2009,3,2010,1,1,,150,1,
6,28,2813,2,612,280119,1,1,3042,3000,1,,300,10,3000,8,2009,3,2010,1,1,,225,1,
6,29,2909,2,220,290047,1,1,3010,30,3,,30,1960,0,,,,,1,4,,0,,
6,29,2909,2,220,290047,1,2,3110,50,3,,50,1960,0,,,,,1,4,,0,,
6,29,2909,2,220,290047,1,3,3110,8,3,,8,1960,0,,,,,1,4,,0,,
6,29,2909,2,220,290047,1,4,3120,25,3,,25,1960,0,,,,,1,4,,0,,
6,29,2909,2,220,290050,1,1,3040,40,3,,40,1965,,,,,,1,7,,0,,
6,29,2909,2,220,290050,1,2,2170,10,3,,10,2008,,9,2010,12,2010,2,,,6,2,
6,29,2909,2,220,290050,1,3,2030,20,3,,20,2008,,,,,,2,,,3,2,
6,29,2909,2,220,290050,2,1,3040,60,3,,60,1965,,,,,,1,7,,0,,
6,29,2909,2,220,290050,2,2,2170,30,3,,30,2008,,8,2010,12,2010,2,,,10,2,
6,29,2909,2,220,290050,2,3,3170,6,3,,6,1965,,9,2010,12,2010,1,7,,4,4,
6,29,2909,2,220,290050,2,4,3110,20,3,,20,1965,,,,,,1,7,,0,,
6,29,2909,2,220,290050,2,5,3180,40,3,,40,1965,,4,,,,2,,,100,4,
6,29,2905,1,1096,290071,1,1,3040,200,3,,200,1984,0,11,2009,12,2009,1,6,,0,,
6,29,2905,1,1096,290071,1,2,3110,150,3,,150,1984,0,8,2009,10,2009,2,,,0,,
6,29,2905,1,1096,290071,1,3,3170,30,3,,30,1984,0,,,,,2,,,0,,
6,29,2905,1,1096,290071,1,4,3180,80,3,,80,1984,0,5,2010,,,2,,,200,4,"LITRES"
6,29,2905,1,1096,290076,1,1,3040,100,3,,100,1981,,,,,,2,,,0,,
6,29,2905,1,1096,290076,1,2,3110,70,3,,70,1981,,,,,,2,,,0,,
6,29,2905,1,1096,290076,1,3,3180,30,3,,30,1981,,4,2010,6,2010,2,,,100,4,
6,29,2911,1,746,290094,1,1,3040,80,3,,700,1990,80,9,2009,3,2010,1,6,,7,1,
6,29,2911,1,746,290094,1,2,3170,30,3,,85,1990,30,7,2009,1,2010,1,5,,30,1,
6,29,2911,1,746,290094,2,1,3040,120,3,,101,1990,120,9,2009,3,2010,1,6,,6,1,
6,29,2911,1,746,290094,2,2,2170,30,6,,60,1990,30,8,2009,4,2010,1,2,,80,3,
6,29,2911,1,746,290097,1,1,3040,1.5,5,,520,2003,47,8,2009,12,2010,1,5,,25,1,
6,29,2911,2,1870,290101,1,1,3040,4,5,,999,1970,1000,9,2010,2,2011,2,,,300,1,
6,29,2911,2,1870,290101,1,2,3170,280,3,,280,1980,200,9,2010,1,2011,1,11,,,,
6,29,2911,2,1870,290101,1,3,3110,100,3,,100,1980,0,9,2010,1,2011,1,11,,150,1,
6,29,2911,2,1870,290101,1,4,3113,20,3,,20,1970,0,9,2010,1,2011,1,11,,240,1,
6,29,2911,2,1870,290101,1,5,2170,300,3,,300,2000,200,12,2010,2,2011,1,10,,20,2,
6,29,2911,2,1870,290101,1,6,2160,200,3,,200,2000,0,11,2010,3,2011,1,11,,50,3,
6,29,2911,2,1870,290102,1,1,3040,3.5,5,,999,1991,200,9,2010,1,2011,1,5,,1500,1,
6,29,2911,2,1870,290102,1,2,3170,200,3,,999,1991,0,10,2010,3,2011,2,,,,,
6,29,2911,2,1870,290102,1,3,3110,1,5,,999,1991,0,9,2010,1,2011,1,6,,1000,1,
6,29,2911,2,1870,290103,1,1,3040,4,3,,166,1985,1000,9,2010,1,2011,1,2,,1950,1,
6,29,2911,2,1870,290103,1,2,,1,3,,520,2007,400,7,2010,2,2011,1,6,,38,2,
6,29,2911,2,1870,290104,1,1,3040,4,5,,999,1958,0,6,2010,12,2010,1,8,,200,1,
6,29,2911,2,1870,290104,2,1,3110,3,5,,999,1958,0,6,2010,12,2010,1,8,,300,1,
6,29,2911,2,1870,290104,2,2,3170,3,5,,999,1958,0,8,2010,12,2010,1,8,,13,4,
6,29,2911,2,1870,290106,1,1,3040,2080,3,,4,1950,2000,7,2010,2,2011,1,8,,864,1,
6,29,2911,2,1870,290106,1,2,2170,480,3,,4,1995,400,6,2010,12,2010,1,6,,15,2,
6,29,2911,2,1870,290106,2,1,3040,950,3,,1,1960,50,7,2010,2,2011,1,8,,225,1,
6,29,2911,2,1870,290106,3,1,3040,860,3,,4,1960,200,7,2010,2,2010,1,8,,900,1,
6,29,2911,2,1870,290106,3,2,2170,460,3,,4,2005,50,6,2010,12,2010,1,6,,4,2,
6,29,2911,2,1870,290106,3,3,3170,250,3,,4,1960,0,6,2010,3,2011,1,,,20,4,
6,29,2911,2,1870,290106,3,4,3110,200,3,,4,1960,0,6,2010,1,2011,1,5,,50,1,
6,29,2911,2,1870,290107,1,2,3040,3,5,,999,1998,100,8,2010,1,2011,1,8,,0,,
6,29,2911,2,1870,290107,1,3,3110,1,5,,999,1998,50,8,2010,1,2011,1,2,,0,,
6,29,2911,2,1870,290107,1,4,,1,5,,999,1998,100,8,2010,1,2011,1,5,,0,,
6,29,2911,2,1870,290108,3,1,2170,6,4,,999,2002,50,9,2010,2,2011,1,8,,0,,
6,29,2911,2,1870,290108,3,2,3110,3,4,,999,2005,0,9,2010,2,2011,1,2,,0,,
6,29,2911,2,1870,290108,3,3,3170,3,4,,999,2005,0,9,2010,2,2011,1,5,,0,,
6,29,2911,2,1870,290109,1,1,3040,6,5,,999,1970,2000,9,2010,1,2011,1,11,,0,,
6,29,2911,2,1870,290109,1,2,3110,40,3,,40,1970,0,6,2010,1,2011,1,11,,0,,
6,29,2911,2,1870,290109,1,3,3170,40,3,,10,1970,0,7,2010,3,2011,2,,,,,
6,29,2911,2,1870,290109,1,4,3190,500,3,,10,1970,0,10,2010,5,2011,2,,,,,
6,29,2911,2,1870,290109,1,5,2170,500,3,,999,1970,10,3,2010,5,2011,1,10,,20,2,
6,29,2911,2,1870,290110,1,1,3040,5,5,,999,1968,300,9,2010,1,2011,1,11,,150,1,
6,29,2911,2,1870,290110,1,2,3110,40,3,,20,1968,20,9,2010,1,2011,1,5,,30,1,
6,29,2911,2,1870,290110,1,3,3170,40,3,,30,1968,15,11,2010,2,2011,1,11,,50,4,
6,29,2911,2,1870,290110,1,4,2170,500,3,,999,1968,30,8,2010,12,2011,2,,,20,2,
6,29,2911,2,1870,290110,2,1,3040,5,5,,999,1980,200,9,2010,1,2011,1,11,,225,1,
6,29,2911,2,1870,290110,2,2,3110,18,3,,10,1980,15,9,2010,1,2011,1,5,,60,1,
6,29,2911,2,1870,290110,2,3,3170,17,3,,25,1980,30,11,2010,2,2011,1,11,,30,4,
6,29,2911,2,1870,290110,2,4,2170,150,3,,999,1980,15,8,2010,12,2011,2,,,2,2,
6,29,2923,2,1126,290111,1,1,3110,100,3,,100,1980,,,,,,1,5,,0,,
6,29,2923,2,1126,290111,1,2,3040,200,3,,200,1980,,,,,,1,2,,50,1,
6,29,2923,2,1126,290111,1,3,3170,10,3,,10,1980,,,,,,2,,,0,,
6,29,2923,2,1126,290111,1,4,2170,60,3,,60,1980,,,,,,2,,,0,,
6,29,2923,2,1126,290113,1,1,3040,1150,3,,150,1980,,7,2010,,,1,1,,100,1,
6,29,2923,2,1126,290113,1,2,3110,1100,3,,100,1980,,7,2010,,,1,1,,10,4,"SMALL BASKET"
6,29,2923,2,1126,290113,1,3,3170,50,3,,50,1980,,7,2010,,,1,1,,12,4,"BIG BASKET"
6,29,2923,2,1126,290114,1,1,3040,2000,3,,200,1971,,5,2009,3,2010,2,,,100,1,
6,29,2923,2,1126,290114,1,2,3110,60,3,,60,1971,,1,2010,,,2,,,60,1,
6,29,2923,2,1126,290114,1,3,3170,2,3,,2,1971,,,,,,2,,,0,1,
6,29,2923,2,1126,290116,1,1,3040,1000,3,,999,1950,,9,2010,4,2010,2,,,0,1,
6,29,2923,2,1126,290116,1,2,3110,1000,3,,999,1950,,10,2009,4,2010,2,,,30,1,
6,29,2923,2,1126,290116,1,3,3170,20,3,,20,1980,,9,2010,,,2,,,400,1,
6,29,2923,2,1126,290116,2,1,3110,2000,3,,200,1980,,10,2009,4,2010,2,,,10,1,
6,29,2923,2,1126,290116,2,2,1120,100,3,,100,1950,,9,2010,,,2,,,0,,
6,29,2923,2,1126,290117,1,1,3040,1500,3,,150,1970,,7,2010,,,1,5,,135,1,
6,29,2923,2,1126,290117,1,2,3110,30,3,,30,1970,,7,2010,,,1,5,,450,1,
6,29,2923,2,1126,290117,1,3,3170,20,3,,20,1970,,7,2010,,,1,5,,630,1,
6,29,2923,2,1126,290117,1,4,2030,200,8,"SOCKER",200,1970,,1,2010,,,1,5,,42,2,
6,29,2923,2,1126,290117,2,1,1080,425,8,"SOCKER",425,2010,425,,,,,2,,,0,,
6,29,2923,2,1126,290118,1,1,3042,100,3,,100,2002,70,10,2009,4,2010,1,11,,15,1,
6,29,2923,2,1126,290118,1,2,3110,50,3,,50,2002,20,10,2009,4,2010,1,11,,2,1,
6,29,2923,2,1126,290118,1,3,2030,40,3,,40,2002,40,9,2009,4,2010,1,11,,3,4,
6,29,2923,2,1126,290120,1,1,3040,1000,3,,100,1982,0,4,2010,8,2010,1,5,,50,1,"1 BAG"
6,29,2923,2,1126,290120,1,2,2170,200,3,,200,1982,0,1,2010,9,2010,2,,,90,2,
6,29,2923,2,1126,290120,1,3,3110,80,3,,80,1984,0,5,2010,,2010,2,,,4,1,
6,29,2923,2,1126,290120,1,4,3180,22,3,,22,1984,0,,,,,2,,,0,,
6,29,2923,1,396,290124,1,1,3041,2600,3,,260,2010,2600,3,2010,9,2010,1,5,,15,1,
6,29,2923,1,396,290124,1,2,2170,200,3,,200,2010,200,3,2010,9,2010,1,8,,50,2,
6,29,2923,1,396,290126,1,2,3040,1500,3,,150,1995,400,8,2010,,,2,,,25,1,
6,29,2923,1,396,290126,2,1,3040,2000,3,,200,1995,400,8,2010,,,2,,,125,1,
6,29,2923,1,396,290126,2,2,3170,100,3,,100,1995,,,,,,2,,,0,1,
6,29,2923,1,396,290126,2,3,3110,200,3,,200,1995,,3,2010,,,2,,,30,1,
6,29,2923,1,396,290127,1,1,3040,200,3,,200,1972,,9,2010,,,1,8,,25,1,
6,29,2923,1,396,290127,1,2,3110,10,3,,10,1972,,3,2010,,,1,5,,0,,
6,29,2923,1,396,290127,1,3,3170,10,3,,10,1972,,,,,,1,5,,0,,
6,29,2923,1,396,290127,2,1,3040,200,3,,200,1972,,9,2010,,,1,8,,20,1,
6,29,2923,1,396,290127,2,2,3110,30,3,,30,1972,,3,2010,,,1,5,,0,,
6,29,2923,1,396,290127,2,3,3170,25,3,,25,1972,,,,,,1,5,,0,,
6,29,2923,1,396,290127,3,1,3040,1000,3,,100,2005,,9,2010,,,2,,,0,,
6,29,2923,1,396,290127,3,2,3110,40,3,,40,2005,,3,2010,,,2,,,0,,
6,29,2923,1,396,290128,1,1,3041,8000,5,,800,2005,0,7,2010,,,2,,,150,1,
6,29,2923,1,396,290129,1,2,2170,60,3,,60,2010,60,,,,,2,,,0,,
6,29,2923,1,396,290130,1,1,3040,200,3,,200,1996,,1,2010,,,2,,,13,1,
6,29,2923,1,396,290130,1,2,3110,50,3,,50,1996,,4,2010,,,2,,,150,1,
6,29,2920,1,1210,290151,1,1,3040,4,5,,160,1953,300,7,2010,1,2011,1,8,,150,1,
6,29,2920,1,1210,290151,2,1,3040,2,5,,850,1953,50,7,2010,1,2011,1,8,,100,1,
6,29,2920,1,1210,290151,3,1,3040,2,5,,999,1920,50,7,2010,1,2011,1,8,,100,1,
6,29,2920,1,1210,290152,1,1,3040,4,5,,150,1990,500,9,2010,1,2011,1,8,,0,,
6,29,2920,1,1210,290152,1,2,2170,4,5,,400,1990,20,4,2010,11,2010,1,6,,0,,
6,29,2920,1,1210,290152,1,3,3110,4,5,,200,1990,10,4,2010,12,2010,1,5,,0,,
6,29,2920,1,1210,290152,2,1,3040,3,5,,100,1990,0,9,2010,1,2011,1,8,,0,,
6,29,2920,1,1210,290152,2,2,2170,3,5,,250,1990,0,4,2010,11,2010,1,6,,0,,
6,29,2920,1,1210,290152,2,3,3110,3,5,,999,1990,0,4,2010,12,2010,1,5,,0,,
6,29,2920,1,1210,290152,2,4,3170,3,5,,999,1990,0,4,2010,12,2010,1,2,,,,
6,29,2914,1,214,290165,1,1,3040,200,3,,200,1960,,9,2010,,,2,,,25,1,
6,29,2914,1,214,290165,1,2,3110,4000,3,,400,1960,,12,2009,5,2010,2,,,250,1,"5BASKET"
6,29,2914,1,214,290165,1,3,3170,30,3,,30,1960,,9,2010,,,2,,,,,
6,29,2914,1,214,290165,1,4,2270,4,3,,4,1960,,6,2010,9,2010,2,,,150,1,
6,29,2914,1,214,290165,2,3,2170,100,3,,100,2010,100,1,2010,,,2,,,6,4,"BUNDS"
6,29,2914,1,214,290166,1,3,3040,500,3,,500,1976,,11,2009,1,2010,1,2,,188,1,
6,29,2914,1,214,290166,1,4,3110,1000,3,,100,1976,,3,2010,4,2010,2,,,100,1,
6,29,2914,1,214,290167,1,1,3040,700,3,,700,2001,,,,,,2,,,,,
6,29,2914,1,214,290167,1,2,2030,800,3,,800,2003,,9,2010,,,2,,,100,,
6,29,2914,1,214,290167,2,2,2170,1500,3,,150,2004,100,9,2010,,,2,,,16,2,
6,29,2914,1,214,290169,1,3,3041,900,3,,900,1990,20,9,2010,,,2,,,75,1,
6,29,2914,1,214,290169,1,4,3111,1020,3,,102,1990,,8,2010,,,2,,,150,1,
6,29,2914,1,214,290170,1,1,3041,7000,3,,700,2005,,7,2010,9,2010,1,11,"TORNADOE (IJI)",30,1,
6,29,2914,1,214,290170,2,1,1080,5000,3,,500,2005,,,,,,1,11,"TORNADOE",,,
6,29,2914,1,214,290170,2,2,2030,3000,3,,300,2005,,3,2010,9,2010,1,11,"TORNADOE",50,2,"BUNCH"
6,29,2920,2,1628,290172,1,1,3040,5,5,,999,1960,85,10,2010,2,2011,1,5,,0,,
6,29,2920,2,1628,290172,1,2,3190,5,5,,20,1960,0,11,2010,2,2011,2,,,0,,
6,29,2920,2,1628,290172,1,3,3170,5,5,,35,1960,10,9,2010,2,2011,1,5,,0,,
6,29,2920,2,1628,290172,1,4,3180,5,5,,25,1960,0,8,2010,12,2010,2,,,0,,
6,29,2920,2,1628,290172,2,1,2170,400,3,,400,1980,20,9,2010,2,2011,1,10,,18,2,
6,29,2920,2,1628,290173,1,2,2170,1,5,,250,1990,30,8,2010,12,2010,1,6,,,,
6,29,2920,2,1628,290173,2,1,,2,5,,800,2009,300,,,,,2,,,12,2,
6,29,2920,2,1628,290174,2,3,2170,3,5,,999,2007,200,9,2010,2,2011,2,,,36,2,
6,29,2920,2,1628,290175,1,1,3040,1,5,,999,1925,40,10,2010,2,2011,1,6,,150,1,
6,29,2920,2,1628,290175,1,2,3110,40,3,,40,1995,40,9,2010,1,2011,1,6,,0,,
6,29,2920,2,1628,290175,1,3,3180,200,3,,,1995,,4,2010,7,2010,1,5,,0,,
6,29,2920,2,1628,290175,1,4,3190,20,3,,5,1995,5,3,2010,5,2011,1,6,,0,,
6,29,2920,2,1628,290175,1,5,3170,20,3,,,1995,,10,2010,2,2011,1,5,,0,,
6,29,2920,2,1628,290175,2,1,2170,200,3,,20,1995,20,9,2010,6,2011,1,6,,0,,
6,29,2920,2,1628,290175,2,2,2140,1,5,,999,1995,100,,,,,1,5,,50,1,
6,29,2920,2,1628,290176,1,2,2170,2,5,,200,2004,20,9,2010,2,2011,1,5,,26,2,
6,29,2920,2,1628,290176,2,2,3110,2,5,,200,2000,2,10,2010,2,2011,2,,,0,,
6,29,2920,2,1628,290176,2,3,3190,2,5,,4,1995,0,12,2010,2,2011,2,,,0,,
6,29,2920,2,1628,290177,1,2,2170,2,5,,999,2010,200,9,2010,12,2011,1,5,,0,,
6,29,2920,2,1628,290177,2,1,3040,5,5,,999,1975,500,9,2010,12,2011,1,5,,0,,
6,29,2920,2,1628,290177,2,2,3110,5,5,,999,1975,6,9,2010,12,2011,1,5,,0,,
6,29,2920,2,1628,290177,2,3,3190,5,5,,10,1995,30,9,2010,12,2011,1,5,,0,,
6,29,2920,2,1628,290178,1,1,3040,2,5,,400,1980,100,10,2010,2,2011,1,6,,0,,
6,29,2920,2,1628,290178,1,2,3110,30,3,,10,1980,20,10,2010,2,2011,1,5,,0,,
6,29,2920,2,1628,290178,1,3,3170,30,3,,10,1980,20,10,2010,2,2011,1,5,,0,,
6,29,2920,2,1628,290178,1,4,3190,5,3,,5,1980,0,,,,,1,5,,0,,
6,29,2920,2,1628,290178,1,5,2170,1400,3,,100,1980,400,7,2010,11,2010,1,6,,24,2,
6,29,2920,2,1628,290179,1,1,3040,2,5,,800,1995,25,10,2010,2,2011,1,5,,75,1,
6,29,2920,2,1628,290179,1,2,3190,40,3,,40,1995,30,12,2010,5,2011,2,,,0,,
6,29,2920,2,1628,290179,1,3,2170,430,3,,430,1998,400,9,2010,6,2011,2,,,36,2,
6,29,2920,2,1628,290179,1,4,3110,25,3,,25,1995,5,9,2010,6,2011,2,,,0,,
6,29,2920,2,1628,290179,1,5,3170,40,3,,40,2002,20,9,2010,4,2011,2,,,0,,
6,29,2920,2,1628,290179,1,6,3180,20,3,,20,2002,0,8,2010,10,2010,2,,,250,1,
6,29,2920,2,1628,290179,2,1,2170,200,3,,200,1998,0,9,2010,12,2010,2,,,0,,
6,29,2920,2,1628,290179,3,1,,1,5,,100,2010,1000,4,2020,4,2030,2,,,0,,
6,29,2920,2,1628,290179,3,2,,1,5,,100,2010,1000,4,2020,4,2030,2,,,0,,
6,29,2920,2,1628,290180,1,1,2170,4,5,,999,2008,200,8,2010,2,2011,2,,,36,2,
6,29,2920,2,1628,290180,3,1,3040,10,5,,999,1964,0,10,2010,2,2011,1,2,,600,1,
6,29,2920,2,1628,290180,3,2,3113,1,3,,1,1980,0,7,2010,12,2010,2,,,150,1,
6,30,3014,2,120,300041,1,1,3180,3,5,,999,1993,0,,,,,2,,,0,,
6,30,3014,2,120,300041,1,2,3040,3,5,,999,1993,0,,,,,2,,,0,,
6,30,3014,2,120,300041,1,3,3170,3,5,,999,1993,0,,,,,2,,,0,,
6,30,3014,2,120,300041,1,4,1120,3,5,,999,1993,0,3,2010,,,2,,,0,,
6,30,3014,2,120,300041,1,5,1020,3,5,,999,1993,0,3,2010,,,2,,,0,,
6,30,3014,2,120,300042,1,1,3040,4,5,,999,1993,,10,2009,12,2009,2,,,0,,
6,30,3014,2,120,300043,1,1,3040,5,1,,999,2000,0,10,2009,12,2009,1,8,,0,,
6,30,3014,2,120,300044,1,1,1020,2500,3,,250,2002,,10,2010,1,2011,2,,,0,,
6,30,3014,2,120,300045,1,1,3040,5,5,,999,1994,,12,2009,12,2009,2,,,0,,
6,30,3014,2,120,300045,1,2,3170,5,5,,999,1994,,12,2009,12,2009,2,,,0,,
6,30,3014,2,120,300046,1,5,2050,25,3,,20,2006,,4,2000,10,2005,2,,,0,,
6,30,3014,2,120,300046,1,6,3113,30,3,,20,2009,,6,1998,11,2008,2,,,0,,
6,30,3014,2,120,300047,1,1,3040,2,5,,999,1990,0,9,2009,12,2009,2,,,0,,
6,30,3014,2,120,300049,1,2,3042,5,4,,140,2007,140,7,2009,4,2011,2,,,0,,
6,30,3014,2,120,300049,2,2,3110,2,4,,40,1996,10,2,1999,6,2014,2,,,0,,
6,30,3014,2,120,300050,1,1,3040,6,5,,999,1996,,12,2009,12,2009,2,,,0,,
6,30,3014,2,120,300050,1,2,3170,6,5,,999,1996,,12,2009,12,2009,2,,,0,,
6,30,3014,2,120,300050,1,3,2170,6,5,,999,1996,,12,2009,12,2009,2,,,0,,
6,30,3023,2,622,300171,1,1,3040,300,3,,300,1970,0,6,2009,11,2009,2,,,0,,
6,30,3023,2,622,300176,1,1,3040,400,3,,400,1990,0,7,2009,10,2009,2,,,0,,
6,30,3023,2,622,300177,1,1,1020,40,3,,40,2009,10,9,2009,3,2010,2,,,80,1,
6,30,3023,2,622,300178,3,4,3020,1,5,,999,1987,0,11,2009,1,2010,2,,,120,1,
6,30,3023,2,622,300178,4,5,3040,2,5,,170,1980,0,8,2010,12,2010,2,,,250,1,
6,30,3023,2,622,300178,4,6,2170,2,5,,999,1980,0,8,2010,12,2010,2,,,255,1,
1,31,3115,2,680,310025,1,1,1080,2,3,,2,1980,,,,7,2010,2,,,120,1,
1,31,3115,2,680,310030,2,1,2030,4,4,,25,2002,,6,2010,6,2010,2,,,8,2,
1,31,3107,2,1092,310041,3,5,3160,1,3,,1,1995,,,1995,,,2,,,0,,
1,31,3103,2,874,310105,3,2,3160,5,3,,5,1980,0,7,2010,7,2010,2,,,30,4,
5,32,3202,2,84,320143,1,1,1020,4,3,,0,,,,,,,2,,,0,,
3,33,3310,2,476,330027,1,1,1100,1,3,,1,2006,0,10,1999,11,1999,2,,,1,2,
2,34,3401,2,526,340002,1,1,1080,2,5,,5,,0,4,2009,5,2010,2,,,12,1,
2,34,3401,2,526,340002,2,2,1070,3,5,,11,,0,5,2009,8,2010,2,,,5,1,
2,34,3401,2,526,340004,1,1,1080,6,3,,5,0,0,4,2010,5,2010,1,5,,14,1,
2,34,3401,2,526,340004,1,2,1070,2,3,,7,0,0,5,2010,10,2010,1,5,,35,1,
2,34,3401,2,526,340009,1,1,1080,1,5,,7,0,0,11,2009,5,2010,1,5,,17,1,
2,34,3401,2,526,340010,1,1,1080,20,4,,20,1960,0,6,2010,,,2,,,0,,
2,34,3415,2,268,340014,1,1,1070,1,5,,7,0,0,4,2009,6,2010,2,,,200,1,
2,34,3410,2,42,340047,1,1,1110,120,3,,120,1986,,1,2010,3,2010,2,,,3300,1,
2,34,3413,2,262,340065,1,1,1110,2,5,,5,1980,,,2010,5,2010,2,,,6,2,
2,34,3403,2,198,340073,1,1,1080,3,6,,999,1989,,7,2009,3,2010,2,,,1000,2,
2,34,3403,2,198,340076,4,1,2030,13,3,,4,2008,0,6,2010,10,2010,2,,,78,4,"HEAD"
2,34,3403,2,198,340079,3,2,3160,12,3,,12,1982,0,3,2010,5,2010,1,7,,400,1,
2,34,3403,2,198,340079,3,3,3020,8,3,,8,2001,0,8,2010,10,2010,1,7,,5,4,"BASKET"
2,34,3403,2,198,340080,2,1,1080,2,3,,178,1980,0,1,2010,12,2010,2,,,130,2,
2,35,3504,2,1288,350125,1,1,1070,2,,,4,6,2010,1,1000,1,,1,,,,,
2,35,3504,2,1288,350125,1,2,1100,2,,,4,6,2010,1,1500,1,,1,,,,,
2,35,3504,2,1288,350125,1,3,1010,2,,,4,7,2010,1,500,1,,1,,,,,
2,35,3504,2,1288,350125,2,1,1100,2,,,4,6,2010,1,1000,1,,1,,,,,
2,35,3504,2,1288,350125,2,2,1010,2,,,4,7,2010,1,400,1,,1,,,,,
3,36,3605,2,240,360014,1,1,1100,3,3,,3,1986,0,1,2010,7,2010,2,,,100,1,
1,37,3706,2,6,370034,1,1,1120,50,3,,50,1990,20,2,2010,4,2010,1,5,,50,4,
