"zone","state","lga","sector","ea","hhid","item_cd","s11jq1","s11jq2a","s11jq2b","s11jq3a","s11jq3b","s11jq4"
4,1,106,2,880,10027,1,1,4200,0,,,2
2,2,209,2,1040,20006,2,1,1200,0,"N9",,2
2,2,209,2,1040,20006,3,1,4350,0,"N8",,2
2,2,209,2,1040,20006,5,1,500,0,,,2
2,2,209,2,1040,20006,6,1,200,0,,,2
2,2,209,2,1040,20009,5,1,1500,,"N6",,2
2,2,221,2,18,20014,2,1,250,,"N5",,2
2,2,221,2,18,20014,3,1,1000,,"N5",,2
2,2,221,2,18,20015,3,1,800,0,"N5",,2
2,2,221,2,18,20016,2,1,2000,0,"N3","N2",2
2,2,221,2,18,20016,3,1,2200,0,"N3",,2
2,2,221,2,18,20016,7,1,500,0,"N6",,2
2,2,221,2,18,20020,2,1,2000,0,"N6",,2
2,2,221,2,18,20020,3,1,1800,0,"N6",,2
2,2,221,2,18,20020,5,1,1500,0,"N6",,2
2,2,221,2,18,20020,6,1,500,0,"N6",,2
2,2,201,2,60,20022,2,1,10000,,,,2
2,2,201,2,60,20022,3,1,15000,,"N6","N7",2
2,2,201,2,60,20022,6,1,1500,,,,2
2,2,201,2,60,20022,7,1,3000,,,,2
2,2,201,2,60,20022,8,1,8000,,,,2
2,2,201,2,60,20023,7,1,200,,"N1","N3",2
2,2,201,2,60,20028,2,1,8000,0,"N4",,2
2,2,201,2,60,20028,6,1,1200,0,"N3",,2
2,2,216,2,200,20034,2,1,4000,,,,2
2,2,216,2,200,20034,3,1,10000,,,,2
2,2,216,2,200,20034,6,1,350,,,,2
2,2,203,2,1224,20044,1,1,60000,0,"N5",,2
2,2,203,2,1224,20044,2,1,3900,0,"N6",,2
2,2,203,2,1224,20044,3,1,5000,0,"N7",,2
2,2,203,2,1224,20045,2,1,10000,0,,,2
2,2,203,2,1224,20045,3,1,6500,0,,,2
2,2,203,2,1224,20045,4,1,15000,0,,,2
2,2,203,2,1224,20047,2,1,10000,0,"N3",,2
2,2,203,2,1224,20047,3,1,2000,0,"N3",,2
2,2,203,2,1224,20047,6,1,4000,0,"N1",,2
2,2,203,2,1224,20047,7,1,2000,0,"N4",,2
2,2,203,2,1224,20048,3,1,300,0,"N3",,2
2,2,203,2,1224,20049,2,1,100,,"N5",,2
2,2,203,2,1224,20049,3,1,800,,"N4",,2
2,2,212,2,956,20051,2,1,1500,,"N3",,2
2,2,212,2,956,20051,6,1,12000,,"N3",,2
2,2,212,2,956,20052,2,1,6600,,,,
2,2,212,2,956,20053,2,1,30000,,"N1",,2
2,2,212,2,956,20053,3,1,25000,,"N4",,2
2,2,212,2,956,20053,6,1,1500,,"N3",,2
2,2,212,2,956,20053,7,1,1750,,"N5",,2
2,2,212,2,956,20054,1,1,9000,0,"N3",,2
2,2,212,2,956,20054,2,1,2000,0,"N3",,2
2,2,212,2,956,20054,3,1,4000,0,"N3",,2
2,2,212,2,956,20054,6,1,600,0,"N3",,2
2,2,212,2,956,20055,2,1,2300,0,"N6",,2
2,2,212,2,956,20055,3,1,1500,0,"N7",,2
2,2,212,2,956,20055,5,1,500,0,"N7",,2
2,2,212,2,956,20055,6,1,200,0,,,2
2,2,212,2,956,20055,7,1,150,0,,,2
2,2,212,2,956,20057,2,1,34000,0,"N4",,2
2,2,212,2,956,20057,3,1,130000,0,"N3",,2
2,2,212,2,956,20058,2,1,30000,,"N1",,2
2,2,212,2,956,20058,3,1,10000,,"N3",,2
2,2,212,2,956,20060,2,1,35000,,"N2",,2
2,2,212,2,956,20060,3,1,140000,,"N1",,2
2,2,210,2,1300,20063,2,1,16000,0,"N8",,2
2,2,210,2,1300,20063,3,1,8000,,"N8",,2
2,2,210,2,1300,20064,2,1,2500,,"N2",,2
2,2,210,2,1300,20064,3,1,1500,,"N2",,2
2,2,210,2,1300,20064,5,1,1000,,,,
2,2,210,2,1300,20064,6,1,500,,,,2
2,2,210,2,1300,20068,2,1,800,2,,,2
2,2,210,2,1300,20070,2,1,4000,,"N7",,2
2,2,210,2,1300,20070,3,1,7800,,"N6",,2
2,2,210,2,1300,20070,6,1,1000,,,,2
2,2,214,2,898,20072,2,1,5000,0,"N6",,2
2,2,214,2,898,20072,3,1,10000,2500,"N6",,2
2,2,214,2,898,20072,7,1,5000,0,"N6",,2
2,2,214,2,898,20073,2,1,1000,1,"N3",,2
2,2,214,2,898,20073,3,1,500,1,"N3",,2
2,2,214,2,898,20073,6,1,300,1,"N3",,2
2,2,214,2,898,20074,2,1,25000,5000,"N5","N4",2
2,2,214,2,898,20074,3,1,2000,,"N3",,2
2,2,214,2,898,20074,6,1,,3000,"N4",,2
2,2,214,2,898,20075,2,1,24000,0,"N3",,2
2,2,214,2,898,20075,3,1,20000,0,"N6",,2
2,2,214,2,898,20075,4,1,60000,0,"N7",,2
2,2,214,2,898,20078,2,1,21600,0,"N2",,2
2,2,214,2,898,20078,3,1,600,0,"N1",,2
2,2,214,2,898,20078,5,1,500,0,"N2",,2
2,2,214,2,898,20078,6,1,960,0,"N1",,2
2,2,214,2,898,20078,9,1,1000,0,"N2",,2
2,2,215,1,8,20085,2,1,3000,,"N3",,2
2,2,215,1,8,20085,3,1,2000,,"N1",,2
2,2,215,1,8,20085,5,1,1000,,,,
2,2,215,1,8,20085,6,1,200,,,,
2,2,215,1,8,20090,2,1,5000,,"N3",,2
2,2,215,1,8,20090,6,1,400,,,,
2,2,215,1,8,20090,9,1,500,,,,
2,2,207,2,1302,20091,2,1,1200,,"N5",,2
2,2,207,2,1302,20091,3,1,1800,,"N5",,2
2,2,207,2,1302,20093,3,1,400,,"N4",,2
2,2,207,2,1302,20095,2,1,2000,,"N4",,
2,2,207,2,1302,20095,6,1,300,,,,
2,2,205,2,712,20106,3,1,2000,0,"N1",,2
2,2,218,2,1592,20111,1,1,,,,,
2,2,218,2,1592,20111,2,1,2000,,"N5",,2
2,2,218,2,1592,20111,3,1,3000,,"N4",,2
2,2,218,2,1592,20113,2,1,5000,,"N1",,2
2,2,218,2,1592,20113,3,1,300,,"N1",,2
2,2,218,2,1592,20113,5,1,2000,,,,2
2,2,218,2,1592,20113,6,1,800,,,,2
2,2,218,2,1592,20113,7,1,1000,,,,2
2,2,218,2,1592,20114,2,1,10000,,"N7",,2
2,2,218,2,1592,20114,3,1,14000,,"N7",,2
2,2,218,2,1592,20116,2,1,,4500,"N8",,2
2,2,218,2,1592,20116,3,1,,3000,"N9",,2
2,2,218,2,1592,20117,2,1,5000,,"N1",,2
2,2,218,2,1592,20117,6,1,1200,,"N1",,2
2,2,218,2,1592,20118,2,1,4000,,,,2
2,2,218,2,1592,20118,3,1,5000,,"N1",,2
2,2,218,2,1592,20118,5,1,2000,,,,2
2,2,218,2,1592,20118,6,1,500,,,,2
2,2,218,2,1592,20118,9,1,1500,,,,2
2,2,218,2,1592,20119,1,1,30000,,"N3",,2
5,3,331,1,516,30011,2,1,30000,,"N4",,2
5,3,331,1,516,30011,3,1,5000,,"N5",,2
5,3,309,2,478,30033,1,1,1800,2000,,,2
5,3,309,2,478,30033,2,1,168000,0,"N2",,2
5,3,309,2,478,30033,3,1,15000,0,"N2",,2
5,3,309,2,478,30033,5,1,12000,0,"N1",,2
5,3,309,2,478,30033,6,1,8000,0,"N5",,2
5,3,307,1,634,30049,2,1,15000,3000,"N3",,1
5,3,321,2,364,30056,2,1,236000,0,"N8",,2
5,3,321,2,364,30056,6,1,16800,0,"N9",,2
5,3,301,1,1198,30109,2,1,98000,,"N1",,2
5,3,326,2,74,30113,2,1,3200,0,"N6",,2
5,3,326,2,74,30113,3,1,200,0,"N6",,2
5,3,326,2,74,30113,6,1,200,0,"N7",,2
5,3,326,2,74,30120,2,1,10000,0,"N1",,2
4,4,415,1,2108,40043,2,1,5000,,"N2",,2
4,4,415,1,2108,40046,2,1,1500,3000,"N3",,2
4,4,405,2,484,40077,5,1,1200,,"N2",,2
4,4,419,2,296,40086,2,1,70000,,"N2",,2
4,4,419,2,296,40086,3,1,2500,,"N2",,2
4,4,419,2,296,40086,6,1,3000,,"N5","N6",2
4,4,419,2,296,40086,9,1,4500,,"N7",,1
4,4,401,1,1460,40095,2,1,105000,,"N4",,2
4,4,401,1,1460,40095,3,1,12000,,"N4",,2
4,4,401,1,1460,40095,6,1,1000,,"N5","N6",2
4,4,401,1,1460,40099,5,1,400,0,"N4",,2
4,4,412,2,2592,40104,2,1,450,0,"N1",,2
4,4,412,2,2592,40104,3,1,1500,0,"N2",,2
4,4,412,2,2592,40104,6,1,200,0,"N1",,2
4,4,410,1,3192,40144,2,1,10000,0,"N2",,2
4,4,401,2,2106,40191,5,1,600,0,"N1",,2
4,4,401,2,2106,40197,2,1,200000,,"N4",,2
4,4,401,2,2106,40197,3,1,15000,,"N5",,2
4,4,401,2,2106,40197,6,1,10000,,"N1",,2
2,5,506,2,830,50001,2,1,2000,,"N5",,2
2,5,506,2,830,50001,6,1,500,,,,2
2,5,506,2,830,50004,2,1,60,,"N10",,
2,5,506,2,830,50004,3,1,400,,"N11",,
2,5,506,2,830,50004,7,1,150,,,,
2,5,506,2,830,50006,3,1,500,,"N5",,2
2,5,506,2,830,50008,2,1,10000,,"N5",,
2,5,506,2,830,50008,3,1,5000,,"N4",,
2,5,506,2,830,50009,2,1,500,0,"N3",,2
2,5,506,2,830,50009,3,1,600,0,"N7",,2
2,5,506,2,830,50009,6,1,200,0,"N3",,2
2,5,502,1,2194,50013,2,1,2000,,"N1",,
2,5,502,1,2194,50013,3,1,700,,"N2",,
2,5,515,2,18,50021,3,1,1500,,"N3",,2
2,5,515,2,18,50022,3,1,300,,,,
2,5,515,2,18,50023,2,1,5000,,"N1",,2
2,5,515,2,18,50023,3,1,500,,"N2",,2
2,5,515,2,18,50023,6,1,200,,,,
2,5,515,2,18,50024,2,1,15000,,"N3",,2
2,5,515,2,18,50024,3,1,1000,,"N5",,2
2,5,515,2,18,50024,6,1,500,,"N6",,2
2,5,515,2,18,50024,7,1,1000,,"N7",,2
2,5,515,2,18,50026,2,1,1600,,"N4",,
2,5,515,2,18,50026,3,1,5000,,"N5",,
2,5,515,2,18,50027,2,1,10000,,"N1",,2
2,5,515,2,18,50027,3,1,4000,,"N3",,2
2,5,515,2,18,50029,2,1,1400,0,"N2","N3",2
2,5,515,2,18,50029,3,1,2800,0,"N3",,2
2,5,502,2,3878,50032,7,1,200,0,"N8",,2
2,5,502,2,3878,50033,2,1,500,,"N1",,2
2,5,502,2,3878,50033,6,1,150,,,,
2,5,502,2,3878,50034,2,1,3600,0,"N6",,2
2,5,502,2,3878,50034,3,1,1000,0,"N5",,2
2,5,502,2,3878,50034,7,1,200,,"N4",,2
2,5,502,2,3878,50035,2,1,5000,,"N3",,2
2,5,502,2,3878,50036,2,1,4000,0,"N5",,2
2,5,502,2,3878,50036,5,1,300,0,"N5",,2
2,5,502,2,3878,50036,6,1,,,,,
2,5,502,2,3878,50038,2,1,2000,,"N4",,
2,5,502,2,3878,50040,2,1,8000,,"N8",,2
2,5,502,2,3878,50040,3,1,1500,,"N7",,2
2,5,502,2,3878,50040,7,1,500,,"N9",,2
2,5,504,2,708,50041,2,1,20000,,"N1",,2
2,5,504,2,708,50041,3,1,4000,,"N3",,2
2,5,504,2,708,50041,6,1,700,,"N1",,2
2,5,504,2,708,50042,2,1,850,0,"N15",,2
2,5,504,2,708,50042,3,1,250,0,"N14",,2
2,5,504,2,708,50043,2,1,450,,"N8",,2
2,5,504,2,708,50043,3,1,750,,"N9",,2
2,5,504,2,708,50043,6,1,100,,"N8",,2
2,5,504,2,708,50044,2,1,6000,,"N1",,
2,5,504,2,708,50046,2,1,9000,0,"N1",,2
2,5,504,2,708,50047,2,1,1200,0,"N7",,2
2,5,504,2,708,50048,2,1,2300,,"N6",,2
2,5,504,2,708,50049,2,1,700,0,"N4",,2
2,5,504,2,708,50049,3,1,300,0,"N3",,2
2,5,513,2,348,50051,2,1,12000,,"N1",,2
2,5,513,2,348,50051,3,1,2000,,"N1","N2",
2,5,513,2,348,50052,2,1,20000,,"N8",,
2,5,513,2,348,50052,3,1,3000,,"N8",,
2,5,513,2,348,50052,7,1,300,,"N5",,
2,5,513,2,348,50053,2,1,10000,0,"N3",,2
2,5,513,2,348,50054,2,1,500,,"N1",,
2,5,513,2,348,50054,6,1,150,,"N1",,2
2,5,513,2,348,50054,9,1,300,,"N1",,2
2,5,513,2,348,50055,2,1,10000,0,"N4",,2
2,5,513,2,348,50056,2,1,60000,,"N8",,1
2,5,513,2,348,50056,3,1,1900,,"N7",,
2,5,513,2,348,50056,7,1,1000,,"N4",,1
2,5,513,2,348,50057,2,1,12000,,"N2",,2
2,5,513,2,348,50058,2,1,2100,,"N2",,2
2,5,513,2,348,50058,3,1,1500,,"N3",,2
2,5,513,2,348,50059,2,1,3000,0,"N2",,2
2,5,513,2,348,50059,6,1,200,0,"N2",,2
2,5,513,2,348,50060,2,1,2000,,"N2",,2
2,5,514,2,710,50061,3,1,2000,0,"N3",,2
2,5,514,2,710,50062,2,1,6200,,"N6",,1
2,5,514,2,710,50062,3,1,150,,"N5",,2
2,5,514,2,710,50065,2,1,6000,,"N3",,2
2,5,514,2,710,50067,3,1,300,0,"N4",,2
2,5,514,2,710,50068,3,1,300,0,"N2",,2
2,5,514,2,710,50070,2,1,2160,,,,2
2,5,514,2,710,50070,7,1,100,,"N4",,2
2,5,501,2,60,50071,2,1,260,0,"N4",,2
2,5,501,2,60,50072,2,1,11000,,"N2",,2
2,5,501,2,60,50072,3,1,3600,,"N1","N2",2
2,5,501,2,60,50072,5,1,7000,,"N3",,2
2,5,501,2,60,50072,8,1,2400,,"N3",,1
2,5,501,2,60,50073,2,1,600,,"N2",,2
2,5,501,2,60,50073,3,1,2600,,"N3",,2
2,5,501,2,60,50076,2,1,420,0,"N1",,2
2,5,501,2,60,50077,2,1,3000,,"N6",,2
2,5,501,2,60,50077,7,1,400,,"N4","N5",2
2,5,501,2,60,50079,2,1,3000,,"N9",,2
2,5,501,2,60,50079,7,1,500,,"N7","N8",2
2,5,501,2,60,50080,1,1,0,10000,"N5",,2
2,5,501,2,60,50080,2,1,600,0,"N3",,2
2,5,501,2,60,50080,3,1,3000,0,"N5",,2
2,5,516,2,942,50082,2,1,200,0,"N4",,2
2,5,516,2,942,50082,3,1,3600,0,"N3",,2
2,5,516,2,942,50082,6,1,500,0,"N5",,2
2,5,516,2,942,50083,2,1,5400,,"N1",,
2,5,516,2,942,50083,3,1,350,,"N2",,
2,5,516,2,942,50084,2,1,8400,0,"N2",,2
2,5,516,2,942,50088,2,1,10000,0,"N2",,2
2,5,516,2,942,50088,3,1,6500,0,"N3",,2
2,5,516,2,942,50089,2,1,6600,,"N8",,2
2,5,516,2,942,50089,3,1,300,,"N7",,2
2,5,516,2,942,50089,6,1,300,,"N9",,
2,5,516,2,942,50089,7,1,600,,"N10",,
2,5,516,2,942,50090,2,1,1200,,"N1",,2
2,5,508,2,984,50091,2,1,2200,,"N1",,2
2,5,508,2,984,50092,2,1,1000,,"N1",,2
2,5,508,2,984,50093,2,1,500,0,"N1",,2
2,5,508,2,984,50094,2,1,22700,,"N3",,
2,5,508,2,984,50097,2,1,22000,,"N2",,2
2,5,508,2,984,50098,2,1,30000,,"N6",,2
2,5,508,2,984,50099,2,1,3000,,"N6",,
2,5,508,2,984,50099,7,1,200,,"N5",,
2,5,508,2,984,50100,2,1,40000,,"N7",,2
2,5,508,2,984,50100,3,1,2000,,"N7",,2
2,5,508,2,984,50100,7,1,1000,,"N5",,2
2,5,514,1,2036,50101,2,1,2500,,"N1",,2
2,5,514,1,2036,50101,3,1,500,,"N2",,2
2,5,514,1,2036,50102,2,1,3800,,"N2",,2
2,5,514,1,2036,50103,2,1,5000,,"N1",,2
2,5,514,1,2036,50107,2,1,5000,,"N1",,2
2,5,514,1,2036,50107,3,1,200,,"N3",,2
2,5,508,2,718,50113,2,1,3000,,"N8",,2
2,5,508,2,718,50114,7,1,600,,"N3",,2
2,5,508,2,718,50115,2,1,1000,,"N2",,2
2,5,508,2,718,50118,2,1,200,0,"N2",,2
2,5,508,2,718,50119,2,1,600,0,"N1",,2
2,5,508,2,718,50120,2,1,700,0,"N1",,2
2,5,510,1,872,50126,2,1,2400,0,"N2",,
2,5,518,2,1588,50135,1,1,27000,0,"N9",,2
2,5,518,2,1588,50135,2,1,1000,0,"N9",,2
2,5,518,2,1588,50135,3,1,600,0,"N8",,2
2,5,518,2,1588,50136,7,1,500,,"N4","N5",
2,5,518,2,1588,50137,2,1,1400,0,"N1",,2
2,5,518,2,1588,50137,3,1,6000,0,"N1",,2
2,5,518,2,1588,50137,6,1,300,0,"N1",,2
2,5,518,2,1588,50139,2,1,2000,,"N6",,
2,5,518,2,1588,50140,2,1,200,,"N1",,2
2,5,510,2,1516,50141,2,1,1200,0,"N1",,2
2,5,510,2,1516,50142,2,1,12000,,"N1",,2
2,5,510,2,1516,50145,2,1,2000,,"N2",,2
2,5,510,2,1516,50145,3,1,1800,,"N2",,2
2,5,510,2,1516,50147,2,1,,,,,
2,5,510,2,1516,50149,2,1,10000,,"N4",,2
2,5,510,2,1516,50149,3,1,930,,"N3",,2
2,5,510,2,1516,50150,2,1,5000,,"N3","N4",2
2,5,510,2,1516,50150,3,1,600,,"N2",,2
2,5,518,2,1304,50151,2,1,22000,2000,"N3","N2",2
2,5,518,2,1304,50153,2,1,400,0,"N5",,2
2,5,518,2,1304,50153,3,1,1600,0,"N4",,2
2,5,518,2,1304,50153,6,1,1500,0,,,
2,5,518,2,1304,50153,7,1,500,0,"N4",,2
2,5,518,2,1304,50154,2,1,8000,0,"N3",,2
2,5,518,2,1304,50155,2,1,20000,0,"N4",,2
2,5,518,2,1304,50157,2,1,15000,,"N7",,
2,5,518,2,1304,50157,3,1,2000,,"N6",,
2,5,518,2,1304,50157,8,1,200,,"N4",,
2,5,518,2,1304,50159,2,1,500,0,"N1",,2
2,5,520,2,1756,50161,2,1,2000,0,"N1",,2
2,5,520,2,1756,50162,2,1,3500,0,"N1",,2
2,5,520,2,1756,50163,2,1,9800,,"N3",,2
2,5,520,2,1756,50163,3,1,4500,,"N2",,2
2,5,520,2,1756,50164,2,1,1500,0,"N1",,2
2,5,520,2,1756,50165,2,1,40000,,"N2",,2
2,5,520,2,1756,50165,3,1,4000,,"N2",,2
2,5,520,2,1756,50166,2,1,16000,0,"N1",,2
2,5,520,2,1756,50166,3,1,4500,0,"N2",,2
2,5,520,2,1756,50166,6,1,300,0,"N3",,2
2,5,520,2,1756,50167,2,1,18000,,"N3",,2
2,5,520,2,1756,50167,3,1,6000,,"N2",,2
2,5,520,2,1756,50169,2,1,13000,0,"N2",,2
2,5,520,2,1756,50169,3,1,3700,0,"N3",,2
2,5,520,2,1756,50170,2,1,9500,0,"N1",,2
2,5,520,2,1756,50170,3,1,2850,0,"N2",,2
5,6,601,2,640,60048,2,1,14000,0,"N2",,2
5,6,601,2,640,60048,5,1,6000,12000,"N3",,2
5,6,601,2,640,60048,6,1,12000,0,,,2
2,8,821,1,1448,80016,2,1,1500,,"N3",,2
2,8,821,1,5062,80025,2,1,20000,,"N3",,2
2,8,821,1,5062,80026,2,1,10000,3000,"N4",,2
2,8,821,1,5062,80026,3,1,500,,,,
2,8,821,1,5062,80026,6,1,100,200,"N2",,
2,8,816,2,1270,80031,2,1,4000,,,,2
2,8,816,2,1270,80031,3,1,1500,,,,2
2,8,816,2,1270,80031,4,1,12800,,,,2
2,8,816,2,1270,80031,6,1,1800,,,,2
2,8,816,2,1270,80035,2,1,5000,10000,"N4",,2
2,8,816,2,1270,80035,6,1,500,,"N2",,2
2,8,816,2,1270,80036,1,1,1440,1560,"N4",,2
2,8,816,2,1270,80036,3,1,150,,"N3",,2
2,8,816,2,1270,80038,4,1,,5000,"N1",,2
2,8,816,2,1270,80039,3,1,1000,0,"N3",,2
2,8,816,2,1270,80040,1,1,4200,,"N4",,2
2,8,816,2,1270,80040,4,1,5000,,"N4",,2
2,8,803,1,944,80041,2,1,5000,,,,
2,8,803,1,944,80041,6,1,500,,,,
2,8,803,1,944,80044,4,1,4000,,"N4",,2
2,8,803,1,944,80045,2,1,3000,0,"N2",,2
2,8,803,1,944,80045,3,1,1600,0,"N2",,2
2,8,803,1,944,80045,5,1,500,0,"N3",,2
2,8,803,1,944,80045,6,1,700,0,"N3",,2
2,8,803,1,944,80049,2,1,10000,,,,
2,8,803,1,944,80049,7,1,300,,,,
2,8,811,1,1558,80057,2,1,2300,0,"N3",,2
2,8,811,1,1558,80057,5,1,700,0,"N4",,2
2,8,811,2,390,80061,1,1,12000,,"N5",,2
2,8,811,2,390,80061,2,1,150000,,"N6",,2
2,8,811,2,390,80061,3,1,8000,,"N4",,2
2,8,811,2,390,80063,2,1,10000,5000,"N2",,2
2,8,811,2,390,80063,5,1,1000,100,"N5",,2
2,8,811,2,390,80063,6,1,1500,,"N2",,2
2,8,811,2,390,80065,3,1,500,0,"N2",,2
2,8,811,2,390,80068,1,1,5000,,"N4",,2
2,8,811,2,390,80068,2,1,4000,,"N3",,1
2,8,811,2,390,80068,3,1,10000,,"N3","N4",1
2,8,811,2,390,80068,5,1,8000,,"N1",,2
2,8,811,2,390,80068,6,1,5000,,"N2",,2
2,8,802,2,1152,80072,1,1,16000,3000,,,1
2,8,802,2,1152,80072,2,1,5000,1000,,,2
2,8,802,2,1152,80072,3,1,30000,0,,,1
2,8,802,2,1152,80072,6,1,0,800,,,2
2,8,802,2,1152,80078,3,1,6000,,"N2",,2
2,8,802,2,1152,80078,4,1,10000,,"N3",,2
2,8,802,2,1152,80079,3,1,2500,0,"N3",,2
2,8,812,2,866,80081,1,1,1000,50,,,
2,8,812,2,866,80088,2,1,6000,,"N1",,2
2,8,812,2,866,80088,3,1,1700,,"N3",,2
2,8,812,2,866,80088,7,1,500,,,,2
2,8,805,2,46,80100,2,1,21000,,"N1",,
2,8,805,2,46,80100,3,1,800,,"N1",,
2,8,827,2,804,80102,2,1,1500,100,"N3",,2
2,8,827,2,804,80102,4,1,600,300,"N4",,2
2,8,827,2,804,80102,6,1,2000,1000,"N3",,2
2,8,827,2,804,80106,2,1,3000,,"N4",,2
2,8,827,2,804,80106,3,1,500,,"N3",,2
2,8,827,2,804,80107,3,1,4000,0,"N3",,2
2,8,807,2,946,80111,2,1,5000,,"N1",,2
2,8,807,2,946,80111,3,1,7000,,"N2",,2
2,8,807,2,946,80113,1,1,3000,,,,
2,8,807,2,946,80113,2,1,6000,,,,
2,8,807,2,946,80113,3,1,5000,,,,
2,8,807,2,946,80113,6,1,1000,,,,
2,8,807,2,946,80114,1,1,3000,0,"N4",,
2,8,807,2,946,80114,2,1,1200,0,"N1",,
2,8,807,2,946,80114,6,1,500,0,"N5",,
2,8,807,2,946,80114,7,1,600,0,"N6",,
2,8,807,2,946,80116,3,1,0,0,"N1",,2
2,8,807,2,946,80117,3,1,150,0,,,2
2,8,807,2,946,80119,2,1,20000,,"N3",,2
2,8,807,2,2396,80123,2,1,5000,3000,"N1",,2
2,8,807,2,2396,80123,6,1,200,,,,2
2,8,807,2,2396,80125,7,1,300,,"N3",,2
2,8,807,2,2396,80126,3,1,2800,0,"N3",,2
2,8,807,2,2396,80127,2,1,20000,,"N5",,
2,8,807,2,2396,80127,3,1,55000,,"N5",,2
2,8,807,2,2396,80129,2,1,3000,,"N4",,2
2,8,807,2,2396,80129,3,1,3000,,"N4",,2
2,8,807,2,1438,80132,2,1,1200,,"N2",,2
2,8,807,2,1438,80132,3,1,2400,,"N2",,2
2,8,807,2,1438,80132,7,1,300,,"N3",,2
2,8,807,2,1438,80136,3,1,200,0,"N3",,2
2,8,807,2,1438,80137,2,1,3200,,"N5",,
2,8,807,2,1438,80137,3,1,500,,"N6",,
2,8,807,2,1438,80138,2,1,19000,,"N5",,2
2,8,807,2,1438,80138,3,1,8000,,"N3","N4",2
2,8,807,2,1438,80139,2,1,30000,,"N3",,2
2,8,807,2,1438,80139,3,1,6500,,"N1",,2
2,8,807,2,1438,80140,1,1,2000,,,,
2,8,807,2,1438,80140,2,1,8000,,,,
2,8,807,2,1438,80140,3,1,2000,,,,
2,8,807,2,1438,80140,6,1,3000,,,,
2,8,820,2,1030,80141,3,1,1400,,"N2",,2
2,8,820,2,1030,80143,2,1,100,,,,2
2,8,820,2,1030,80143,6,1,100,,"N1",,2
2,8,824,2,768,80151,1,1,,6000,"N2",,2
2,8,817,1,2476,80167,2,1,50000,,"N2",,2
2,8,823,2,548,80172,5,1,300,200,"N1",,2
2,8,823,2,548,80178,1,1,1600,,"N4",,2
2,8,823,2,548,80178,2,1,10000,,"N3",,2
2,8,823,2,548,80178,6,1,1000,,"N2",,2
2,8,823,2,548,80179,3,1,2000,0,"N5",,2
2,8,823,2,548,80180,3,1,150,,"N4",,2
2,8,809,2,1748,80181,5,1,2700,,"N2",,2
2,8,809,2,1748,80182,2,1,3000,300,"N1",,2
2,8,826,2,926,80193,2,1,15000,2000,"N1",,2
2,8,826,2,926,80193,3,1,1500,,"N1",,2
2,8,826,2,926,80193,6,1,100,200,"N1",,2
2,8,826,2,926,80195,2,1,1000,,"N1",,2
2,8,826,2,926,80195,3,1,2800,,"N1",,2
2,8,826,2,926,80195,5,1,0,2000,"N2",,2
2,8,826,2,926,80198,2,1,20000,,"N4",,2
2,8,826,2,926,80199,2,1,600,,"N1",,2
2,8,826,2,926,80199,3,1,800,,"N2",,2
2,8,826,2,926,80200,2,1,4500,,"N1",,2
2,8,826,2,926,80200,3,1,1300,,"N3",,2
2,8,815,2,362,80203,3,1,500,,,,
2,8,815,2,362,80203,6,1,50,,"N3",,2
5,9,908,1,278,90010,2,1,1000,0,"N3",,2
5,9,918,2,834,90092,3,1,5000,,"N4",,2
5,10,1014,2,80,100008,1,1,150,,"N6",,1
5,10,1014,2,80,100008,2,1,1000,,"N5",,2
5,10,1014,2,80,100008,9,1,500,,"N5",,2
5,10,1001,2,172,100015,3,1,1500,,"N5",,2
5,10,1005,2,1374,100083,2,1,300,,"N3",,2
5,10,1018,1,634,100115,3,1,3000,0,"N1",,2
4,11,1108,2,492,110059,1,1,360000,,,,
4,11,1108,2,492,110059,2,1,840000,,,,
4,11,1108,2,492,110059,3,1,2500,,,,
4,11,1108,2,492,110059,4,1,240000,,,,
4,11,1108,2,492,110059,6,1,120000,,,,
5,12,1211,1,2856,120007,2,1,1000,,"N1",,2
5,12,1208,2,526,120045,2,1,1700,750,"N3","N4",2
5,12,1208,2,526,120046,3,1,500,,"N3",,1
5,12,1208,2,526,120047,2,1,2700,,"N1",,2
5,12,1208,2,526,120049,3,1,1500,,"N3",,2
5,12,1216,2,618,120052,2,1,600,200,"N2","N3",2
5,12,1216,2,618,120058,2,1,1500,300,"N3","N4",2
5,12,1210,2,462,120064,2,1,,300,"N1",,2
5,12,1210,2,462,120066,2,1,,200,"N1",,2
5,12,1210,2,462,120068,2,1,100,,"N2",,2
5,12,1204,2,736,120080,9,1,1000,,"N2",,2
6,13,1307,1,268,130025,3,1,700,,"N3",,2
6,13,1305,1,1232,130046,2,1,1200,,"N1",,2
6,13,1309,2,674,130051,2,1,2000,,"N3",,2
6,13,1309,2,674,130057,2,1,1600,,"N2",,2
6,13,1309,2,674,130058,2,1,,200,"N2",,2
6,13,1305,2,10,130064,2,1,400,,"N3",,2
4,14,1401,2,1116,140001,1,1,3000,0,"N3","N4",2
4,14,1407,2,68,140019,1,1,20000,4000,,,2
4,14,1408,2,1996,140021,1,1,4000,0,"N1",,2
4,14,1415,2,952,140043,1,1,5250,,"N15",,2
4,14,1415,2,952,140044,2,1,120000,0,"N6","N5",2
4,14,1415,2,952,140044,3,1,30000,0,"N3",,2
4,14,1415,2,952,140044,5,1,2000,0,"N5",,2
4,14,1415,2,952,140044,6,1,2000,0,"N5",,2
4,14,1406,2,694,140064,1,1,4000,2000,"N1",,2
4,14,1413,2,670,140075,2,1,13200,0,"N2","N3",2
4,14,1413,2,670,140075,3,1,6000,0,"N2","N3",2
4,14,1413,2,670,140075,6,1,3600,0,"N4",,2
4,14,1413,2,670,140079,1,1,3000,1000,,,2
4,14,1410,2,236,140085,1,1,1200,,,,2
4,14,1408,2,968,140108,3,1,500,0,"N1","N2",2
4,14,1411,2,1066,140120,1,1,5000,0,"N1","N3",2
2,15,1506,1,398,150001,6,1,1500,,"N5",,2
2,15,1506,1,398,150002,2,1,2000,,"N2",,2
2,15,1506,1,398,150002,4,1,2000,,"N4",,2
2,15,1506,1,398,150002,7,1,1500,,"N1",,2
2,15,1506,1,398,150002,8,1,500,,"N1",,2
2,15,1508,2,1682,150011,8,1,10000,,"N3",,2
2,15,1508,2,1682,150012,2,1,10000,,"N1",,2
2,15,1508,2,1682,150012,3,1,30000,,"N5",,2
2,15,1508,2,1682,150012,6,1,1500,,"N5",,2
2,15,1508,2,1682,150013,2,1,1500,,,,2
2,15,1508,2,1682,150013,3,1,3000,,"N3","N4",2
2,15,1508,2,1682,150013,7,1,4000,,,,2
2,15,1508,2,1682,150014,2,1,1000,,"N2",,2
2,15,1508,2,1682,150014,7,1,200,,"N2",,2
2,15,1508,2,1682,150015,2,1,7000,,"N4",,2
2,15,1508,2,1682,150015,3,1,3000,,"N7",,2
2,15,1508,2,1682,150015,6,1,1500,,"N6",,2
2,15,1508,2,1682,150017,2,1,250,,"N4",,1
2,15,1508,2,1682,150017,3,1,300,,"N4",,1
2,15,1508,2,1682,150017,6,1,150,,"N4",,1
2,15,1508,2,1682,150018,2,1,3000,,"N1",,2
2,15,1508,2,1682,150018,3,1,150,,"N3",,2
2,15,1508,2,1682,150018,6,1,300,,"N1",,2
2,15,1508,2,1682,150018,7,1,400,,"N1",,2
2,15,1511,2,1938,150021,2,1,30000,,,,2
2,15,1511,2,1938,150021,3,1,15000,,,,2
2,15,1511,2,1938,150022,2,1,5000,,"N1",,2
2,15,1511,2,1938,150022,3,1,4000,,"N3",,2
2,15,1511,2,1938,150022,6,1,1000,,"N1",,2
2,15,1511,2,1938,150022,7,1,5000,,"N1",,2
2,15,1511,2,1938,150027,2,1,3000,,"N1",,2
2,15,1511,2,1938,150027,3,1,1500,,"N3",,2
2,15,1511,2,1938,150027,6,1,500,,"N1",,2
2,15,1511,2,1938,150027,7,1,200,,"N1",,2
2,15,1511,2,1938,150029,2,1,2000,,"N2",,2
2,15,1511,2,1938,150029,6,1,200,,"N2",,2
2,15,1502,2,590,150038,3,1,20000,,"N2",,2
2,15,1502,2,590,150038,5,1,12000,,"N1",,2
2,15,1502,2,590,150038,6,1,5000,,"N1",,2
2,15,1502,2,590,150038,7,1,25000,,"N1",,2
2,15,1502,2,590,150039,2,1,3500,,"N1",,2
2,15,1502,2,590,150039,3,1,2600,,"N2",,2
2,15,1502,2,590,150040,2,1,3000,,"N1",,2
2,15,1502,2,590,150040,3,1,1500,,"N3",,2
2,15,1502,2,590,150040,6,1,500,,"N1",,2
2,15,1510,2,616,150043,2,1,20000,,"N1",,2
2,15,1510,2,616,150043,3,1,3000,,"N3",,2
2,15,1510,2,616,150043,6,1,500,,"N1",,2
2,15,1510,2,616,150043,7,1,3000,,"N1",,2
2,15,1510,2,616,150044,2,1,7000,,"N1",,2
2,15,1510,2,616,150044,3,1,3000,,"N2",,2
2,15,1510,2,616,150044,6,1,1000,,"N1",,2
2,15,1510,2,616,150044,7,1,2000,,"N1",,2
2,15,1510,2,616,150047,2,1,5000,,"N1",,2
2,15,1510,2,616,150047,3,1,5000,,"N2",,
2,15,1510,2,616,150047,6,1,1000,,"N1",,
2,15,1510,2,616,150047,7,1,2500,,"N1",,
2,15,1510,2,616,150049,2,1,4000,,"N4",,2
2,15,1507,2,458,150051,2,1,3000,,"N2",,2
2,15,1507,2,458,150051,3,1,4000,,"N2",,2
2,15,1507,2,458,150052,2,1,3000,,"N1",,2
2,15,1507,2,458,150052,3,1,40000,,"N5",,2
2,15,1507,2,458,150052,5,1,2000,,"N3",,2
2,15,1507,2,458,150052,6,1,500,,"N1",,2
2,15,1507,2,458,150054,2,1,1800,,"N1",,2
2,15,1507,2,458,150054,3,1,1200,,"N3",,2
2,15,1507,2,458,150058,2,1,4000,,"N3",,2
2,15,1507,2,458,150058,3,1,2500,,"N3",,2
2,15,1503,2,634,150064,2,1,3000,,"N1",,2
2,15,1503,2,634,150064,3,1,250,,"N1",,2
2,15,1503,2,634,150064,6,1,300,,"N1",,2
2,15,1503,2,634,150064,7,1,500,,"N1",,2
2,15,1503,2,634,150069,2,1,4000,0,"N4",,2
2,15,1506,1,148,150077,1,1,3000,,"N1",,2
2,15,1506,1,148,150077,2,1,50000,,"N1",,2
2,15,1506,1,148,150077,3,1,25000,,"N2",,2
2,15,1506,1,148,150077,4,1,10000,,"N2",,2
2,15,1506,1,148,150077,5,1,5000,,"N2",,2
2,15,1506,1,148,150077,6,1,4000,,"N2",,2
2,15,1506,1,148,150077,7,1,1000,,"N1",,2
2,15,1506,1,148,150078,2,1,5000,,"N1",,2
2,15,1506,1,148,150078,3,1,2500,,"N3",,2
2,15,1506,1,148,150078,6,1,1000,,"N1",,2
2,15,1506,1,148,150078,7,1,500,,"N1",,2
4,16,1626,2,1546,160008,2,1,4500,,"N2",,2
4,16,1626,2,1546,160008,6,1,1000,,,,2
4,16,1613,2,440,160051,9,1,60,,"N1",,2
4,16,1616,2,296,160061,2,1,125000,0,"N3",,
4,16,1616,2,296,160061,3,1,25000,0,"N3",,
4,16,1616,2,296,160061,5,1,20000,0,"N4",,
4,16,1616,2,296,160061,6,1,15000,0,"N4",,
4,16,1620,2,106,160077,2,1,3000,,"N1",,2
4,16,1620,2,106,160078,2,1,3800,,"N1",,2
4,16,1620,2,106,160078,3,1,2050,,"N2",,2
4,16,1620,2,106,160078,6,1,4000,,"N1",,2
4,16,1601,2,954,160092,2,1,10600,,"N1",,2
4,16,1601,2,954,160092,3,1,73000,,"N4",,
4,16,1601,2,954,160092,6,1,10000,,"N5",,2
4,16,1610,2,1006,160114,2,1,1500,,"N3",,2
4,16,1610,2,1006,160114,6,1,400,,"N3",,2
4,16,1624,1,286,160132,2,1,600,,"N1",,2
4,16,1612,2,108,160186,2,1,56000,,"N5",,2
4,16,1612,2,108,160186,3,1,28000,,"N6",,2
3,17,1706,2,284,170001,2,1,20000,0,"N1",,2
3,17,1706,2,284,170006,2,1,5000,0,"N1",,2
3,17,1706,2,284,170006,6,1,200,0,"N1",,2
3,17,1706,2,284,170007,2,1,40000,0,"N4",,2
3,17,1706,2,284,170007,3,1,3000,0,"N5",,2
3,17,1706,2,284,170007,6,1,100,0,"N6",,2
3,17,1706,2,284,170008,2,1,3000,0,"N3",,2
3,17,1706,2,284,170008,3,1,12000,0,"N2",,2
3,17,1706,2,284,170008,6,1,200,0,"N4",,2
3,17,1706,2,284,170009,6,1,100,0,"N2",,2
3,17,1706,2,284,170009,7,1,200,0,"N2",,2
3,17,1719,2,1354,170011,2,1,0,0,"N2",,2
3,17,1719,2,1354,170011,3,1,0,0,"N3",,2
3,17,1719,2,1354,170012,2,1,6000,0,"N3",,2
3,17,1719,2,1354,170015,2,1,2000,0,"N4",,2
3,17,1719,2,1354,170015,6,1,4000,0,"N4",,2
3,17,1719,2,1354,170015,7,1,100,0,"N4",,2
3,17,1719,2,1354,170018,2,1,5000,0,"N4",,2
3,17,1719,2,1354,170018,3,1,3000,0,"N5",,2
3,17,1719,2,1354,170019,2,1,2000,0,"N2",,2
3,17,1704,2,1080,170026,2,1,3000,0,"N1",,2
3,17,1704,2,1080,170028,2,1,1000,300,"N3",,1
3,17,1704,1,2074,170037,2,1,800,0,"N1",,2
3,17,1704,1,2074,170038,3,1,150,0,"N3",,2
3,17,1722,2,96,170041,2,1,4000,0,"N4",,2
3,17,1722,2,96,170041,3,1,0,500,"N4",,2
3,17,1722,2,96,170042,2,1,6000,0,"N2",,1
3,17,1722,2,96,170043,3,1,0,0,"N2",,2
3,17,1715,2,2244,170051,2,1,6000,0,"N4",,2
3,17,1715,2,2244,170053,3,1,500,0,"N5",,2
3,17,1715,2,2244,170054,4,1,600,0,"N5",,2
3,17,1715,2,2244,170059,3,1,120,0,"N4",,2
3,17,1715,2,2244,170060,2,1,20000,0,"N4",,2
3,17,1715,2,2244,170060,6,1,5000,0,"N5",,2
3,17,1710,2,546,170061,3,1,4000,0,"N3",,2
3,17,1710,2,546,170062,2,1,15000,0,"N4","N5",2
3,17,1710,2,546,170065,2,1,6000,0,"N4",,2
3,17,1710,2,546,170068,2,1,5000,0,"N4",,2
3,17,1710,2,546,170070,2,1,5000,0,"N5","N6",2
3,17,1713,1,226,170079,2,1,6000,0,"N3",,2
3,17,1716,2,1452,170081,3,1,600,0,"N2",,2
3,17,1716,2,1452,170084,2,1,4000,0,"N2",,2
3,17,1716,2,1452,170085,2,1,15000,0,"N3",,2
3,17,1716,2,1452,170085,6,1,3000,0,"N4",,2
3,17,1716,2,1452,170087,2,1,5000,0,"N2",,2
3,17,1716,2,1452,170087,3,1,540,0,"N4",,2
3,17,1716,2,1452,170090,2,1,10000,0,"N4",,2
3,17,1716,2,1452,170090,6,1,600,0,"N5",,2
3,17,1702,2,510,170091,2,1,10000,0,"N1",,2
3,17,1702,2,510,170091,3,1,1800,0,"N2",,2
3,17,1702,2,510,170094,2,1,2500,0,"N1",,2
3,17,1702,2,510,170095,2,1,1500,0,"N2",,2
3,17,1702,2,510,170097,2,1,25000,0,"N3",,2
3,17,1702,2,510,170098,2,1,15000,0,"N1",,2
3,17,1702,2,510,170100,2,1,8000,0,"N1",,2
3,17,1702,2,510,170100,3,1,800,0,"N1",,2
3,17,1727,2,634,170101,2,1,1000,0,"N2",,2
3,17,1727,2,634,170103,2,1,2000,0,"N4",,2
3,17,1727,2,634,170103,3,1,300,0,"N3",,2
3,17,1727,2,634,170104,2,1,15000,0,"N4",,2
3,17,1727,2,634,170106,2,1,10000,0,"N1",,2
3,17,1727,2,634,170106,3,1,5000,0,"N2",,2
3,17,1727,2,634,170107,2,1,10000,0,"N4",,2
3,17,1727,2,634,170108,2,1,20000,0,"N5",,2
3,17,1727,2,634,170109,2,1,10000,0,"N1",,2
3,17,1727,2,634,170109,3,1,5000,0,"N1",,2
3,17,1727,2,634,170110,2,1,12000,0,"N2",,2
3,17,1712,2,794,170111,2,1,20000,0,"N4",,1
3,17,1712,2,794,170112,2,1,9000,0,"N7",,2
3,17,1712,2,794,170112,6,1,1000,0,"N8",,2
3,17,1712,2,794,170113,2,1,12000,0,"N1",,2
3,17,1712,2,794,170113,3,1,3000,0,"N5",,2
3,17,1712,2,794,170115,2,1,600,0,"N3",,2
3,17,1712,2,794,170116,2,1,7000,0,"N3",,2
3,17,1712,2,794,170117,2,1,2000,0,"N1",,2
3,17,1712,2,794,170118,1,1,10000,0,"N4","N5",2
3,17,1712,2,794,170119,2,1,15000,0,"N1",,2
3,17,1712,2,794,170119,3,1,1500,0,"N1",,2
3,17,1712,2,794,170119,6,1,3000,0,"N1",,2
3,17,1712,2,794,170120,2,1,20000,0,"N4",,2
3,17,1712,2,794,170120,3,1,500,0,"N4",,2
3,17,1712,2,794,170120,6,1,2000,0,"N5",,2
3,17,1724,2,786,170121,2,1,12000,0,"N2",,2
3,17,1724,2,786,170121,6,1,200,0,"N2",,2
3,17,1724,2,786,170124,2,1,8000,0,"N2",,2
3,17,1724,2,786,170125,2,1,50000,0,"N2",,2
3,17,1724,2,786,170125,6,1,10000,0,"N3",,2
3,17,1724,2,786,170127,2,1,10000,0,"N6",,2
3,17,1724,2,786,170127,6,1,2000,0,"N7",,2
3,17,1724,2,786,170128,2,1,5000,0,"N4",,2
3,17,1724,2,786,170130,2,1,3000,0,"N3",,2
3,18,1803,2,840,180031,2,1,40,,"N2",,2
3,18,1803,2,840,180031,3,1,140,,"N2",,2
3,18,1803,2,840,180032,3,1,800,200,"N5",,1
3,18,1803,2,840,180037,1,1,,2000,"N3",,2
3,18,1803,2,840,180037,2,1,,200,"N3",,2
3,18,1803,2,840,180037,6,1,,1500,"N3",,2
3,18,1803,2,840,180038,3,1,2500,,"N5",,2
3,18,1803,2,840,180038,7,1,5000,,"N4",,2
3,18,1816,1,378,180048,3,1,100,,"N6",,2
3,18,1816,1,378,180049,1,1,12800,4000,"N1",,2
3,18,1816,1,378,180049,2,1,,300,"N1",,2
3,18,1816,1,378,180049,4,1,4000,,"N3","N2",2
3,18,1805,2,534,180052,2,1,300,,"N3",,1
3,18,1805,2,534,180052,3,1,150,50,"N3",,1
3,18,1805,2,534,180054,2,1,5000,500,"N3",,2
3,18,1805,2,534,180056,7,1,400,0,"N2",,2
3,18,1808,2,1726,180076,1,1,15550,,"N5","N6",2
3,18,1808,2,1726,180077,3,1,400,0,"N2",,2
3,18,1822,2,1654,180102,2,1,750,,"N3",,2
3,18,1822,2,1654,180102,3,1,200,,"N4",,2
3,18,1822,2,1654,180102,6,1,100,,"N3",,2
3,18,1822,2,1654,180110,2,1,400,,"N4",,2
3,18,1822,2,1654,180110,3,1,,500,"N2",,2
3,18,1822,2,1654,180110,6,1,9440,,"N4",,2
3,18,1814,2,678,180111,2,1,3700,,"N3",,2
3,18,1814,2,678,180111,3,1,6200,,"N4",,2
3,18,1814,2,678,180112,2,1,2000,0,"N1",,1
3,18,1814,2,678,180112,3,1,2500,0,"N1",,1
3,18,1814,2,678,180112,7,1,600,0,"N1",,2
3,18,1814,2,678,180113,2,1,1500,0,"N2",,2
3,18,1814,2,678,180113,3,1,900,0,"N2",,2
3,18,1814,2,678,180113,4,1,0,20000,"N3",,2
3,18,1814,2,678,180113,5,1,0,10000,"N3",,2
3,18,1814,2,678,180114,2,1,10000,,"N1",,2
3,18,1814,2,678,180114,3,1,5000,,"N1",,2
3,18,1814,2,678,180115,2,1,4000,,"N1",,2
3,18,1814,2,678,180115,3,1,6000,,"N2",,2
3,18,1814,2,678,180116,2,1,11000,,"N1",,2
3,18,1814,2,678,180117,3,1,800,0,"N1",,2
3,18,1814,2,678,180117,7,1,2000,0,"N1",,1
3,18,1814,2,678,180118,2,1,1000,,"N1",,1
3,18,1814,2,678,180118,3,1,2000,,"N1",,1
3,18,1814,2,678,180119,2,1,20000,,"N4",,2
3,18,1814,2,678,180119,3,1,16000,,"N4",,2
3,19,1943,2,668,190021,2,1,10000,,"N3",,1
3,19,1943,2,668,190023,2,1,30,0,"N1",,2
3,19,1943,2,668,190024,2,1,1200,0,"N1",,2
3,19,1943,2,668,190024,6,1,5000,0,"N1",,2
3,19,1943,2,668,190025,2,1,1000,0,"N5",,2
3,19,1943,2,668,190025,6,1,400,0,"N4",,2
3,19,1943,2,668,190026,2,1,300,0,"N5",,2
3,19,1943,2,668,190026,6,1,200,0,"N4",,2
3,19,1943,2,668,190027,2,1,1000,,"N5",,2
3,19,1943,2,668,190027,6,1,1500,,"N4",,2
3,19,1943,2,668,190028,1,1,300,300,,,2
3,19,1943,2,668,190028,2,1,4000,4000,,,2
3,19,1943,2,668,190029,2,1,1300,,"N5",,1
3,19,1943,2,668,190029,6,1,600,,"N4",,1
3,19,1943,2,668,190030,2,1,500,0,"N1",,2
3,19,1916,2,1516,190031,2,1,12000,,"N3",,2
3,19,1916,2,1516,190032,2,1,6000,3000,"N4",,2
3,19,1916,2,1516,190033,2,1,10000,0,"N2","N6",2
3,19,1916,2,1516,190033,6,1,600,0,"N7","N8",2
3,19,1916,2,1516,190034,2,1,3000,5000,"N2",,2
3,19,1916,2,1516,190035,2,1,100,,"N4",,2
3,19,1916,2,1516,190036,2,1,10000,5000,"N3",,2
3,19,1916,2,1516,190037,2,1,12000,0,"N1","N5",1
3,19,1916,2,1516,190037,6,1,800,0,"N6","N7",1
3,19,1916,2,1516,190038,2,1,4000,0,"N1","N5",2
3,19,1916,2,1516,190038,6,1,700,0,"N6","N7",2
3,19,1916,2,1516,190039,2,1,3000,0,"N1",,2
3,19,1916,2,1516,190039,6,1,650,0,"N6",,2
3,19,1916,2,1516,190040,1,1,10000,0,"N1","N5",
3,19,1916,2,1516,190040,2,1,18000,0,"N1","N5",
3,19,1916,2,1516,190040,3,1,2000,0,"N1","N5",
3,19,1916,2,1516,190040,6,1,900,0,"N1","N7",
3,19,1901,2,640,190041,2,1,3000,0,"N2",,2
3,19,1901,2,640,190041,6,1,1200,0,"N3","N4",2
3,19,1901,2,640,190042,2,1,2000,0,"N2",,2
3,19,1901,2,640,190042,6,1,1000,0,"N3","N4",2
3,19,1901,2,640,190043,2,1,900,0,"N2",,2
3,19,1901,2,640,190043,6,1,500,0,"N3",,2
3,19,1901,2,640,190044,2,1,1000,0,"N3",,2
3,19,1901,2,640,190044,6,1,600,0,"N4",,2
3,19,1901,2,640,190045,1,1,4000,0,"N7",,2
3,19,1901,2,640,190045,2,1,,0,"N5",,2
3,19,1901,2,640,190045,6,1,1000,0,"N6",,2
3,19,1901,2,640,190046,1,1,500,0,"N7",,2
3,19,1901,2,640,190046,2,1,,0,"N5",,2
3,19,1901,2,640,190046,6,1,800,0,"N6",,2
3,19,1901,2,640,190047,2,1,10000,5000,"N2",,2
3,19,1901,2,640,190048,2,1,10000,3000,"N5",,2
3,19,1901,2,640,190049,2,1,7000,8000,"N1","N2",2
3,19,1901,2,640,190050,2,1,7000,2000,"N2",,2
3,19,1937,2,432,190051,2,1,4000,0,"N2",,2
3,19,1937,2,432,190051,6,1,700,0,"N4",,2
3,19,1937,2,432,190054,2,1,15000,,"N4",,2
3,19,1937,2,432,190059,2,1,2000,,"N1",,2
3,19,1937,2,432,190059,6,1,700,0,"N2",,2
3,19,1936,2,1994,190061,2,1,4000,,"N4",,2
3,19,1936,2,1994,190061,3,1,1200,,"N5",,2
3,19,1936,2,1994,190061,6,1,800,,"N6",,2
3,19,1936,2,1994,190062,2,1,3000,,"N5",,2
3,19,1936,2,1994,190062,3,1,1000,,"N6",,2
3,19,1936,2,1994,190062,8,1,500,,"N7",,2
3,19,1936,2,1994,190063,2,1,700,,"N3",,2
3,19,1936,2,1994,190063,6,1,300,,"N4",,2
3,19,1936,2,1994,190064,2,1,4000,,"N4",,2
3,19,1936,2,1994,190064,3,1,1800,,"N5",,2
3,19,1936,2,1994,190064,6,1,700,,"N6",,2
3,19,1936,2,1994,190065,2,1,2500,,"N4",,2
3,19,1936,2,1994,190065,3,1,1200,,"N5",,2
3,19,1936,2,1994,190065,6,1,900,,"N6",,2
3,19,1936,2,1994,190066,2,1,5000,,"N2",,2
3,19,1936,2,1994,190069,2,1,4000,,"N3",,2
3,19,1936,2,1994,190070,2,1,2200,,"N2","N3",2
3,19,1936,2,1994,190070,3,1,1200,,"N4",,2
3,19,1936,2,1994,190070,6,1,300,,"N5",,2
3,19,1902,2,52,190071,2,1,20000,5000,"N2","N3",2
3,19,1902,2,52,190074,2,1,1500,0,"N2",,2
3,19,1902,2,52,190074,5,1,800,0,"N3",,2
3,19,1902,2,52,190075,2,1,1000,0,"N3",,2
3,19,1902,2,52,190075,3,1,500,0,"N3",,2
3,19,1902,2,52,190075,6,1,800,,"N4",,2
3,19,1902,2,52,190076,6,1,800,0,"N1",,2
3,19,1902,2,52,190077,1,1,400,0,"N3",,2
3,19,1902,2,52,190077,2,1,2000,0,"N5",,2
3,19,1902,2,52,190077,3,1,1200,0,"N6",,2
3,19,1902,2,52,190077,6,1,800,0,"N7",,2
3,19,1902,2,52,190078,2,1,1800,0,"N2",,2
3,19,1902,2,52,190078,3,1,1000,,"N3",,2
3,19,1902,2,52,190078,6,1,900,,"N4",,2
3,19,1902,2,52,190079,2,1,800,,"N2",,2
3,19,1902,2,52,190079,3,1,900,,"N3",,2
3,19,1902,2,52,190079,6,1,500,,"N4",,2
3,19,1902,2,52,190080,2,1,2000,,"N2",,2
3,19,1902,2,52,190080,3,1,1200,,"N3",,2
3,19,1902,2,52,190080,6,1,800,,"N4",,2
3,19,1914,2,934,190081,2,1,2000,0,"N1",,2
3,19,1914,2,934,190081,6,1,900,0,"N2",,2
3,19,1914,2,934,190082,2,1,3000,0,"N1",,2
3,19,1914,2,934,190082,6,1,400,,"N2",,2
3,19,1914,2,934,190083,2,1,2800,,"N1",,1
3,19,1914,2,934,190083,6,1,400,,"N1",,1
3,19,1914,2,934,190084,2,1,3000,0,"N1",,2
3,19,1914,2,934,190085,2,1,10000,,"N1",,2
3,19,1914,2,934,190086,2,1,20000,,"N2",,2
3,19,1914,2,934,190088,2,1,3000,,"N1",,2
3,19,1914,2,934,190088,6,1,300,,"N2",,2
3,19,1914,2,934,190089,2,1,700,,"N1",,2
3,19,1914,2,934,190089,6,1,300,,"N2",,2
3,19,1914,2,934,190090,2,1,1500,,"N1",,2
3,19,1914,2,934,190090,6,1,1000,,"N2",,2
3,19,1941,2,518,190091,2,1,1500,,"N3",,2
3,19,1941,2,518,190091,6,1,700,,"N4",,2
3,19,1941,2,518,190092,2,1,700,,"N1",,1
3,19,1941,2,518,190093,2,1,12,0,"N5",,2
3,19,1941,2,518,190093,3,1,5,0,"N6",,2
3,19,1941,2,518,190093,6,1,2,0,"N7",,2
3,19,1941,2,518,190094,2,1,15000,0,"N3",,2
3,19,1941,2,518,190095,2,1,12000,,"N3",,2
3,19,1941,2,518,190097,3,1,3000,,"N6",,2
3,19,1941,2,518,190097,6,1,1000,,"N4","N5",2
3,19,1941,2,518,190098,2,1,1500,0,"N1",,2
3,19,1941,2,518,190099,2,1,1000,0,"N1",,2
3,19,1941,2,518,190100,3,1,2500,,"N4",,2
3,19,1941,2,518,190100,6,1,800,,"N5","N6",2
3,19,1925,1,2858,190101,2,1,3500,,"N2",,2
3,19,1925,1,2858,190101,6,1,500,,"N3",,2
3,19,1925,1,2858,190102,2,1,5000,,,,2
3,19,1925,1,2858,190102,3,1,500,,,,2
3,19,1925,1,2858,190102,6,1,400,,,,2
3,19,1925,1,2858,190108,3,1,,455,,,
3,19,1925,1,2858,190110,2,1,4500,,"N4",,
3,19,1905,2,1290,190121,7,1,600,,"N1",,2
3,19,1905,2,1290,190122,7,1,1300,,"N1",,2
3,19,1905,2,1290,190130,2,1,7000,0,"N1","N2",2
3,19,1905,2,1290,190130,6,1,100,0,"N1","N2",2
3,19,1910,2,808,190131,2,1,3000,0,"N2","N3",2
3,19,1910,2,808,190133,2,1,1800,,"N1",,
3,19,1910,2,808,190133,6,1,150,,"N3",,
3,19,1910,2,808,190134,2,1,1800,,"N2",,2
3,19,1910,2,808,190134,6,1,200,,"N3",,2
3,19,1910,2,808,190139,2,1,3800,0,"N3",,2
3,19,1910,2,808,190139,3,1,400,0,"N3",,2
3,19,1910,2,808,190139,6,1,100,0,,,
3,19,1908,2,284,190141,2,1,4800,,"N2",,2
3,19,1908,2,284,190141,7,1,2100,,"N2",,2
3,19,1908,2,284,190146,2,1,2000,0,"N1",,2
3,19,1908,2,284,190146,9,1,500,0,"N1",,2
3,19,1908,2,284,190147,2,1,33500,,"N1",,2
3,19,1908,2,284,190147,3,1,5000,,"N1",,2
3,19,1908,2,284,190147,6,1,800,,"N1",,2
3,19,1908,2,284,190147,7,1,500,,"N1",,2
3,19,1934,2,386,190152,2,1,3600,0,"N2",,
3,19,1934,2,386,190153,7,1,200,0,"N2",,2
3,19,1934,2,386,190154,2,1,4800,,"N1",,1
3,19,1934,2,386,190154,6,1,1300,,"N1",,1
3,19,1934,2,386,190158,2,1,3000,,"N1",,2
3,19,1934,2,386,190158,6,1,600,,,,
3,19,1919,2,366,190161,2,1,1500,0,"N1",,2
3,19,1919,2,366,190162,2,1,2000,,"N1",,2
3,19,1919,2,366,190163,3,1,600,0,"N2",,2
3,19,1919,2,366,190164,2,1,1500,0,"N1",,2
3,19,1919,2,366,190168,7,1,30,0,"N1",,2
3,19,1928,2,526,190171,6,1,400,,"N1",,2
3,19,1928,2,526,190173,2,1,4500,,"N1",,2
3,19,1928,2,526,190173,3,1,2000,,"N1",,2
3,19,1928,2,526,190173,6,1,300,,"N1",,2
3,19,1928,2,526,190174,2,1,4700,,"N1",,2
3,19,1928,2,526,190174,6,1,250,,"N1",,2
3,19,1928,2,526,190175,2,1,14000,0,"N1",,
3,19,1928,2,526,190177,2,1,1300,0,"N1",,2
3,19,1928,2,526,190177,3,1,500,0,"N2",,2
3,19,1932,2,562,190181,2,1,3550,,"N1",,1
3,19,1932,2,562,190182,2,1,5000,,"N1",,2
3,19,1932,2,562,190186,2,1,1200,0,"N1",,2
3,19,1932,2,562,190187,3,1,1000,0,"N3",,
3,19,1932,2,562,190190,2,1,3570,,"N2",,2
3,19,1932,2,562,190190,3,1,1000,,"N2",,
3,19,1932,2,562,190190,7,1,300,,"N2",,2
3,19,1923,2,284,190194,2,1,5000,,"N2",,2
3,19,1923,2,284,190195,2,1,2300,0,"N1",,2
3,19,1923,2,284,190195,3,1,400,0,"N2",,2
3,19,1923,2,284,190197,2,1,800,,"N1",,2
3,19,1923,2,284,190198,2,1,320,,"N1",,2
3,19,1923,2,284,190198,6,1,100,,"N2",,2
3,19,1923,2,284,190199,7,1,300,0,"N1",,2
3,20,2018,2,1134,200011,3,1,200,0,"N3",,2
3,20,2018,2,1134,200016,2,1,500,,"N4",,2
3,20,2018,2,1134,200016,3,1,2000,,"N5",,2
3,20,2018,2,1134,200016,6,1,200,,"N6",,2
3,20,2018,2,1134,200016,9,1,3000,,"N7",,2
3,20,2018,2,1134,200017,2,1,800,,"N5",,2
3,20,2018,2,1134,200017,3,1,3000,,"N6",,2
3,20,2018,2,1134,200017,6,1,260,,"N7",,2
3,20,2018,2,1134,200017,7,1,100,,"N8",,2
3,20,2018,2,1134,200018,2,1,10000,0,"N6","N7",2
3,20,2018,2,1134,200018,6,1,400,0,"N8","N9",2
3,20,2018,2,1134,200018,7,1,200,0,"N10","N11",2
3,20,2005,2,970,200024,2,1,1000,0,"N1",,2
3,20,2005,2,970,200025,3,1,300,,"N2",,2
3,20,2005,2,970,200026,2,1,1000,0,"N1",,2
3,20,2005,2,970,200029,2,1,50000,0,"N4",,2
3,20,2003,2,784,200031,2,1,3000,0,"N1",,2
3,20,2003,2,784,200031,3,1,500,0,"N1",,2
3,20,2003,2,784,200032,2,1,2000,0,"N1",,2
3,20,2003,2,784,200032,3,1,500,0,"N2",,2
3,20,2003,2,784,200033,2,1,700,0,"N1",,2
3,20,2003,2,784,200033,3,1,400,0,"N4",,2
3,20,2003,2,784,200040,2,1,10000,0,"N3",,2
3,20,2003,2,784,200040,3,1,5000,0,"N4",,2
3,20,2030,2,1050,200044,2,1,3000,0,"N2",,2
3,20,2030,2,1050,200045,3,1,500,0,"N3",,2
3,20,2030,2,1050,200047,2,1,4000,,"N1",,2
3,20,2030,2,1050,200048,2,1,15000,,"N3",,2
3,20,2030,2,1050,200048,3,1,5000,,"N4",,2
3,20,2030,2,1050,200048,6,1,600,,"N5",,2
3,20,2030,2,1050,200049,2,1,8000,,"N4",,2
3,20,2030,2,1050,200049,3,1,5000,,"N3",,2
3,20,2030,2,1050,200050,2,1,10000,,"N3",,2
3,20,2030,2,1050,200050,3,1,8000,,"N3",,2
3,20,2030,2,1050,200050,6,1,400,,"N5",,2
3,20,2032,1,1390,200051,2,1,5000,,"N4",,2
3,20,2032,1,1390,200051,3,1,3000,,"N5",,2
3,20,2032,1,1390,200052,2,1,6000,,"N3",,2
3,20,2032,1,1390,200053,2,1,3000,,"N4",,2
3,20,2032,1,1390,200060,1,1,600,,"N1",,2
3,20,2032,1,1390,200060,2,1,7000,,"N2",,2
3,20,2032,2,1772,200061,2,1,20000,,"N1",,2
3,20,2032,2,1772,200061,3,1,4000,,"N2",,2
3,20,2032,2,1772,200062,2,1,20000,,"N1",,2
3,20,2032,2,1772,200062,3,1,1000,,"N2",,2
3,20,2032,2,1772,200063,2,1,6000,,"N1",,2
3,20,2032,2,1772,200063,3,1,1000,,"N3",,2
3,20,2032,2,1772,200064,2,1,20000,0,"N1",,2
3,20,2032,2,1772,200064,3,1,1000,0,"N1",,2
3,20,2032,2,1772,200064,6,1,300,0,"N1",,2
3,20,2032,2,1772,200065,2,1,6000,,"N3",,2
3,20,2032,2,1772,200066,2,1,3000,,"N3",,2
3,20,2032,2,1772,200067,2,1,6000,,"N3",,2
3,20,2032,2,1772,200068,2,1,6000,,"N1","N2",2
3,20,2015,2,1746,200074,2,1,2000,0,"N1",,2
3,20,2015,2,1746,200075,2,1,3600,,"N3",,2
3,20,2015,2,1746,200076,2,1,4500,,"N3",,2
3,20,2015,2,1746,200077,2,1,6000,,"N3",,2
3,20,2015,2,1746,200078,2,1,10000,0,"N2",,2
3,20,2015,2,1746,200078,3,1,3000,0,"N2",,2
3,20,2015,2,1746,200079,2,1,6000,,"N2",,2
3,20,2015,2,1746,200079,3,1,2000,,"N2",,2
3,20,2015,2,1746,200080,2,1,10000,,"N2",,2
3,20,2015,2,1746,200080,3,1,500,,"N2",,2
3,20,2022,2,1130,200081,2,1,2000,,"N2",,2
3,20,2022,2,1130,200083,2,1,1200,,"N3",,2
3,20,2022,2,1130,200084,2,1,2500,,"N3",,2
3,20,2022,2,1130,200085,2,1,1000,0,"N1",,2
3,20,2022,2,1130,200085,3,1,200,0,"N1",,2
3,20,2022,2,1130,200086,2,1,1500,0,"N1",,2
3,20,2022,2,1130,200086,3,1,100,0,"N1",,2
3,20,2022,2,1130,200087,2,1,1500,0,"N1",,2
3,20,2022,2,1130,200087,3,1,300,0,"N1",,2
3,20,2022,2,1130,200088,2,1,3000,0,"N2","N3",2
3,20,2001,2,1354,200091,2,1,1300,0,"N3","N4",2
3,20,2001,2,1354,200093,2,1,4500,,"N1",,2
3,20,2001,2,1354,200095,2,1,3500,1200,"N1","N2",1
3,20,2025,2,760,200105,2,1,4500,,"N1",,2
3,20,2025,2,1304,200117,2,1,2500,0,"N1",,2
3,20,2025,2,1304,200120,2,1,2100,,"N1",,2
3,20,2019,2,344,200121,2,1,6000,0,"N3",,2
3,20,2019,2,344,200121,6,1,1200,,,,
3,20,2019,2,344,200122,2,1,2500,0,"N1",,2
3,20,2019,2,344,200123,3,1,2000,,"N3",,2
3,20,2019,2,344,200127,1,1,850,1500,"N2",,2
3,20,2019,2,344,200127,2,1,2000,,"N1",,2
3,20,2019,2,344,200128,1,1,4000,,"N5","N6",2
3,20,2019,2,344,200129,2,1,2500,0,"N1",,2
3,20,2019,2,344,200130,2,1,2800,0,"N1","N2",2
3,20,2009,2,240,200132,2,1,3500,,"N1",,2
3,20,2009,2,240,200133,2,1,4500,,"N1",,2
3,20,2009,2,240,200135,2,1,3500,,"N1",,2
3,20,2009,2,240,200138,2,1,3400,,"N1",,2
3,20,2008,2,1474,200141,2,1,,1500,"N2",,2
3,20,2008,2,1474,200141,3,1,2000,,"N4",,2
3,20,2008,2,1474,200142,2,1,4000,0,"N2",,2
3,20,2008,2,1474,200143,2,1,2800,,"N5",,1
3,20,2008,2,1474,200145,2,1,2800,,"N2",,1
3,20,2008,2,1474,200146,2,1,10500,,"N4",,2
3,20,2008,2,1474,200148,2,1,3500,,"N4",,2
3,20,2008,2,1474,200148,3,1,6000,,"N3",,2
3,20,2008,2,1474,200149,2,1,4000,0,"N3",,2
3,20,2008,2,1474,200150,2,1,4500,0,"N3",,2
3,20,2013,2,1232,200155,2,1,3000,0,"N4",,2
3,20,2013,2,1232,200156,2,1,4000,,"N3",,1
3,20,2013,2,1232,200159,2,1,14500,0,"N2",,2
3,20,2013,2,1232,200160,2,1,1200,,"N3",,2
3,20,2028,2,498,200161,2,1,2500,,"N2",,2
3,20,2028,2,498,200162,1,1,4000,0,"N4",,2
3,20,2028,2,498,200163,2,1,3000,,"N3",,1
3,20,2028,2,498,200163,3,1,1000,,"N4",,2
3,20,2028,2,498,200165,2,1,2000,,"N3",,2
3,20,2028,2,498,200167,2,1,4000,,"N3",,1
3,20,2028,2,498,200167,3,1,2000,,"N2",,2
3,20,2028,2,498,200168,2,1,4000,0,"N2",,2
3,20,2028,2,498,200170,2,1,1500,,,,
3,21,2106,2,2822,210002,2,1,7000,2000,"N1","N2",1
3,21,2106,2,2822,210002,3,1,200,,"N1",,1
3,21,2106,2,2822,210007,2,1,5500,,"N1",,1
3,21,2106,2,2822,210007,3,1,500,,"N1","N2",1
3,21,2106,2,2822,210008,2,1,5000,1000,"N1",,2
3,21,2106,2,2822,210010,2,1,3000,,"N1",,2
3,21,2106,2,2822,210010,3,1,150,,"N1",,2
3,21,2106,2,2822,210010,6,1,350,,"N1",,2
3,21,2106,2,236,210011,2,1,12000,0,"N3",,2
3,21,2106,2,236,210011,3,1,2000,0,"N4",,2
3,21,2106,2,236,210011,7,1,3000,0,"N4",,2
3,21,2106,2,236,210013,2,1,3000,1000,"N1",,2
3,21,2106,2,236,210013,3,1,200,0,"N1",,2
3,21,2106,2,236,210013,6,1,300,0,"N2",,2
3,21,2106,2,236,210013,7,1,1500,0,"N1",,2
3,21,2106,2,236,210018,2,1,20000,,"N2",,1
3,21,2106,2,236,210018,6,1,500,,"N5",,1
3,21,2106,2,236,210019,2,1,1000,,"N7",,1
3,21,2106,2,236,210019,3,1,2500,,"N6",,1
3,21,2106,2,236,210019,7,1,500,,"N4",,1
3,21,2109,2,38,210021,2,1,1,,"N4",,1
3,21,2109,2,38,210021,3,1,1,,"N5",,1
3,21,2109,2,38,210024,2,1,7700,0,"N1",,2
3,21,2109,2,38,210024,3,1,1000,0,"N1",,2
3,21,2109,2,38,210026,2,1,2000,500,"N5","N6",2
3,21,2109,2,38,210026,3,1,100,,"N7",,2
3,21,2109,2,38,210027,2,1,10000,,"N4",,2
3,21,2109,2,38,210027,3,1,500,,"N5",,1
3,21,2109,2,38,210028,2,1,60000,0,"N3",,2
3,21,2109,2,38,210028,3,1,4000,0,"N3",,2
3,21,2109,2,38,210028,6,1,6000,0,"N3",,2
3,21,2109,2,38,210029,2,1,40000,,"N5",,1
3,21,2109,2,38,210029,3,1,10000,,"N5",,1
3,21,2119,2,3956,210031,1,1,1200,,"N5",,1
3,21,2119,2,3956,210031,2,1,5800,,"N6",,1
3,21,2119,2,3956,210031,3,1,450,,"N6",,1
3,21,2119,2,3956,210032,2,1,2000,1500,"N2",,2
3,21,2119,2,3956,210034,2,1,1500,1000,"N1","N2",2
3,21,2119,2,3956,210035,7,1,50,,"N4",,1
3,21,2119,2,3956,210039,2,1,5000,,"N3",,2
3,21,2119,2,3956,210040,2,1,10000,,,,2
3,21,2119,2,3956,210040,3,1,7000,,,,2
3,21,2119,2,3956,210040,7,1,100,,,,2
3,21,2119,2,2146,210041,2,1,3500,6000,"N2",,1
3,21,2119,2,2146,210042,2,1,360,,"N4",,1
3,21,2119,2,2146,210042,3,1,400,,"N4",,1
3,21,2119,2,2146,210045,3,1,3000,,"N4",,1
3,21,2119,2,2146,210046,2,1,4000,,"N3",,2
3,21,2119,2,2146,210046,3,1,1900,,"N3",,1
3,21,2119,2,2146,210048,2,1,22000,,"N2",,1
3,21,2119,2,2146,210048,3,1,5000,,"N4",,1
3,21,2119,2,2146,210048,6,1,2500,,"N5",,1
3,21,2119,2,2146,210050,3,1,600,0,"N1",,2
3,21,2115,2,926,210051,1,1,0,3000,"N1",,2
3,21,2115,2,926,210051,2,1,0,200,"N1",,2
3,21,2115,2,926,210053,1,1,,2500,"N3",,1
3,21,2115,2,926,210053,2,1,2500,,"N4",,1
3,21,2115,2,926,210054,1,1,,4000,"N2",,2
3,21,2115,2,926,210054,2,1,1400,,"N1",,1
3,21,2115,2,926,210054,3,1,3000,,"N1",,2
3,21,2115,2,926,210056,1,1,4000,8000,"N4",,1
3,21,2115,2,926,210056,2,1,2800,,"N3",,1
3,21,2115,2,926,210056,3,1,13000,,"N3",,1
3,21,2115,2,926,210058,1,1,,2500,"N4",,1
3,21,2115,2,926,210058,2,1,1400,,"N4",,2
3,21,2117,2,554,210062,1,1,100000,4000,"N3",,2
3,21,2117,2,554,210062,2,1,15000,7000,"N3",,1
3,21,2117,2,554,210062,3,1,3500,,"N1",,2
3,21,2117,2,554,210063,1,1,14400,,"N3",,2
3,21,2117,2,554,210063,2,1,1000,,"N3",,1
3,21,2117,2,554,210063,3,1,200,,"N4",,2
3,21,2117,2,554,210067,3,1,300,,"N3",,
3,21,2117,2,554,210068,2,1,500,,"N3",,1
3,21,2117,2,554,210069,2,1,3000,,"N1",,1
3,21,2117,2,554,210069,3,1,1000,,"N2",,2
3,21,2108,1,520,210079,2,1,4000,,"N6",,2
3,21,2108,1,520,210079,3,1,300,,"N6",,2
3,21,2108,1,520,210080,2,1,5000,,"N1",,2
3,21,2108,1,520,210080,3,1,600,,"N1",,2
3,21,2102,2,1124,210085,2,1,4000,,"N1","N2",1
3,21,2102,2,1124,210085,3,1,2000,,"N1","N2",2
3,21,2102,2,1124,210089,3,1,3000,,"N3",,1
3,21,2102,2,1124,210090,2,1,70000,,"N4",,2
3,21,2102,2,1124,210090,3,1,4000,0,"N4",,2
3,21,2111,2,180,210091,2,1,102000,,"N3",,2
3,21,2111,2,180,210091,3,1,50000,,"N3",,2
3,21,2111,2,180,210094,2,1,500,,"N4",,1
3,21,2111,2,180,210094,3,1,850,,"N4",,1
3,21,2111,2,180,210095,2,1,700,,"N5",,1
3,21,2111,2,180,210095,3,1,1000,,"N5",,1
3,21,2111,2,180,210097,2,1,2300,,"N2",,1
3,21,2111,2,180,210098,2,1,3000,,"N1",,1
3,21,2111,2,180,210100,2,1,160000,,"N1",,2
3,21,2111,2,180,210100,3,1,5000,,"N1",,2
1,22,2211,1,806,220009,2,1,12000,,"N3",,2
1,22,2211,1,806,220009,3,1,6300,,"N4",,2
1,22,2211,2,594,220019,2,1,1000,0,"N4",,2
1,22,2211,2,594,220019,3,1,15000,0,"N3",,2
1,22,2211,2,594,220019,4,1,6000,0,,,2
1,22,2211,2,594,220019,6,1,1800,0,"N4",,2
1,22,2209,1,792,220046,2,1,840,0,"N1",,2
1,22,2209,1,792,220047,3,1,500,0,,,2
1,22,2205,2,2432,220067,3,1,500,0,"N8",,2
1,23,2308,1,5180,230001,2,1,16000,0,"N2",,2
1,23,2308,1,5180,230002,3,1,100,0,"N1",,2
1,23,2308,1,5180,230003,2,1,12000,0,"N2",,2
1,23,2308,1,5180,230003,3,1,200,0,"N4",,2
1,23,2308,1,5180,230004,3,1,400,,"N8",,2
1,23,2308,1,5180,230005,2,1,3000,,"N3",,2
1,23,2308,1,5180,230005,3,1,300,,"N2",,2
1,23,2308,1,5180,230006,2,1,18000,0,"N2",,2
1,23,2308,1,5180,230008,2,1,6000,0,"N3",,2
1,23,2308,1,5180,230009,2,1,8000,0,"N3",,2
1,23,2307,1,2316,230013,2,1,8000,,"N1",,2
1,23,2307,1,2316,230013,3,1,1000,,"N2",,2
1,23,2307,1,2316,230014,2,1,4800,,"N2",,2
1,23,2307,1,2316,230014,3,1,400,,"N1",,2
1,23,2307,1,2316,230018,2,1,1080,0,"N2",,2
1,23,2307,1,2316,230019,2,1,7000,0,,,2
1,23,2307,1,78,230024,2,1,13000,,"N2",,2
1,23,2307,1,78,230027,2,1,600,0,"N1",,2
1,23,2307,1,78,230028,2,1,2880,0,"N2",,2
1,23,2307,1,78,230030,2,1,300,0,"N1",,2
1,23,2306,1,970,230031,2,1,5000,0,"N1",,2
1,23,2306,1,970,230033,2,1,4000,,"N1",,2
1,23,2306,1,970,230036,2,1,6000,0,"N1",,2
1,23,2306,1,970,230037,2,1,5000,,"N2",,2
1,23,2308,1,556,230041,2,1,36000,0,"N2",,2
1,23,2308,1,556,230044,2,1,1000,1000,"N2","N1",2
1,23,2308,1,556,230046,2,1,3600,0,"N2",,2
1,23,2308,1,556,230050,2,1,1200,,"N2",,2
1,23,2315,2,924,230051,2,1,2000,,"N2",,2
1,23,2315,2,924,230056,2,1,12000,,"N2",,2
1,23,2309,2,998,230061,2,1,3500,0,"N4",,2
1,23,2309,2,998,230062,2,1,10000,,"N2",,2
1,23,2309,2,998,230063,2,1,3600,0,"N1",,2
1,23,2309,2,998,230066,2,1,15000,,"N2",,2
1,23,2309,2,998,230069,2,1,3000,0,"N4",,2
1,23,2309,2,998,230070,2,1,12000,0,"N1",,2
1,23,2304,2,322,230071,2,1,6000,0,"N1",,2
1,23,2304,2,322,230073,2,1,6400,0,"N2",,2
1,23,2304,2,322,230073,3,1,250,0,"N1",,2
1,23,2304,2,322,230074,2,1,1250,,"N2",,2
1,23,2304,2,322,230076,2,1,600,,"N3",,2
1,23,2304,2,322,230077,2,1,9600,0,"N1",,2
1,23,2304,2,322,230077,3,1,200,,"N2",,2
1,23,2304,2,322,230079,2,1,8000,,"N2",,2
1,23,2311,2,516,230083,2,1,7200,,"N3","N4",2
1,23,2311,2,516,230083,3,1,5000,,"N2",,2
1,23,2311,2,516,230087,2,1,3500,0,"N1",,2
1,23,2311,2,516,230088,2,1,4000,,"N1",,2
1,23,2311,2,516,230090,2,1,4000,,"N2",,2
1,23,2302,2,1982,230091,2,1,38000,0,"N2",,2
1,23,2302,2,1982,230091,3,1,5000,0,"N2",,2
1,23,2302,2,1982,230092,1,1,10000,,"N3",,2
1,23,2302,2,1982,230092,2,1,144000,,"N1",,2
1,23,2302,2,1982,230092,3,1,20000,,"N1",,2
1,23,2302,2,1982,230092,6,1,9600,,"N1",,2
1,23,2302,2,1982,230093,2,1,300000,0,"N2",,2
1,23,2302,2,1982,230094,2,1,130000,,"N3",,2
1,23,2302,2,1982,230094,3,1,28000,,"N2",,2
1,23,2302,2,1982,230094,6,1,7000,,"N4",,2
1,23,2302,2,1982,230095,1,1,280000,,"N3",,2
1,23,2302,2,1982,230095,2,1,36000,,"N4",,2
1,23,2302,2,1982,230095,3,1,5000,,"N2",,2
1,23,2302,2,1982,230095,6,1,4800,,"N5",,2
1,23,2302,2,1982,230096,2,1,15000,0,"N1",,2
1,23,2302,2,1982,230096,3,1,2800,0,"N1",,2
1,23,2302,2,1982,230097,2,1,210000,0,"N3",,2
1,23,2302,2,1982,230098,2,1,120000,,"N4",,2
1,23,2302,2,1982,230098,3,1,70000,,"N3",,2
1,23,2302,2,1982,230098,6,1,8000,,"N5",,2
1,23,2302,2,1982,230099,2,1,150000,0,"N2",,2
1,23,2302,2,1982,230099,6,1,12000,0,"N3",,2
1,23,2302,2,1982,230100,2,1,50000,0,"N3",,2
1,23,2302,2,1982,230100,3,1,15000,0,"N2",,2
1,23,2302,2,1982,230100,6,1,3000,0,"N4",,2
1,23,2316,1,140,230101,2,1,20000,0,"N5",,2
1,23,2316,1,140,230104,2,1,3500,0,"N3",,2
1,23,2316,1,140,230104,3,1,2500,0,"N5",,2
1,23,2316,1,140,230105,2,1,24000,0,"N5",,2
1,23,2316,1,140,230108,2,1,100000,0,"N1",,2
1,23,2316,1,140,230108,3,1,11200,0,"N3",,2
1,23,2316,1,140,230109,2,1,6000,0,"N4",,2
1,23,2316,1,140,230110,2,1,7000,0,"N5",,2
1,23,2303,2,2348,230111,2,1,18000,0,"N3",,2
1,23,2303,2,2348,230112,2,1,18000,0,"N3",,2
1,23,2303,2,2348,230114,2,1,6800,0,"N4",,2
1,23,2303,2,2348,230114,3,1,900,0,"N3",,2
1,23,2303,2,2348,230115,2,1,78000,0,"N3","N4",2
1,23,2303,2,2348,230117,2,1,8000,0,"N1",,2
1,23,2303,2,2348,230117,6,1,500,0,"N3",,2
1,23,2303,2,2348,230118,2,1,4000,,"N4",,2
1,23,2303,2,2348,230118,3,1,2000,,"N3",,2
1,23,2303,2,2348,230119,2,1,24000,,"N3",,2
1,23,2303,2,2348,230120,2,1,4000,0,"N3",,2
6,24,2407,2,396,240163,6,1,500,0,"N2",,2
6,24,2407,2,396,240170,2,1,1500,500,"N3",,2
6,24,2407,2,396,240170,6,1,500,200,"N3",,2
1,25,2508,1,2788,250003,2,1,3000,,"N3",,2
1,25,2508,1,2788,250005,2,1,1500,,"N2",,2
1,25,2508,1,2788,250005,9,1,300,,"N3",,2
1,25,2504,2,222,250011,3,1,600,,"N5",,2
1,25,2504,2,222,250012,3,1,250,0,"N3",,2
1,25,2504,2,222,250014,3,1,500,,"N3",,2
1,25,2504,2,222,250015,2,1,7000,0,"N1",,2
1,25,2504,2,222,250015,3,1,1500,0,"N2",,2
1,25,2504,2,222,250015,6,1,2500,0,"N1",,2
1,25,2504,2,222,250020,2,1,500,,"N6",,2
1,25,2504,2,222,250020,3,1,10000,,"N6",,2
1,25,2502,2,728,250052,2,1,4000,,"N2",,2
1,25,2502,2,728,250052,6,1,350,,"N2",,2
1,25,2502,2,728,250053,2,1,3900,,"N3",,2
1,25,2502,2,728,250053,3,1,4000,,"N1",,2
1,25,2502,2,728,250055,2,1,6000,,"N4",,2
1,25,2502,2,728,250055,3,1,1000,,"N5",,2
1,25,2502,2,728,250056,3,1,4000,,"N1",,2
1,25,2502,2,728,250058,2,1,7000,,"N1",,2
1,25,2502,2,728,250058,6,1,500,,"N1",,2
1,25,2502,2,728,250060,2,1,1000,,"N3",,2
1,25,2502,2,728,250060,3,1,500,,"N4",,2
1,25,2511,2,1424,250064,2,1,1400,0,"N1",,2
1,25,2511,2,1424,250066,2,1,4000,,"N1",,2
1,25,2511,2,1424,250068,2,1,2000,0,"N1",,2
1,26,2606,1,516,260010,2,1,6000,,"N1","N7",2
1,26,2618,2,1276,260022,3,1,2500,,"N5",,2
1,26,2618,2,1276,260023,2,1,1500,,"N3",,2
1,26,2618,2,1276,260024,3,1,4500,,"N5",,2
1,26,2618,2,1276,260029,2,1,9250,15000,"N3",,2
1,26,2618,2,1276,260029,3,1,200,,"N3",,1
1,26,2618,2,494,260034,2,1,3000,,"N2",,2
1,26,2618,2,494,260034,3,1,200,,"N2",,2
1,26,2618,2,494,260034,7,1,50,,"N1",,2
1,26,2615,2,2196,260051,2,1,45000,,"N2",,1
1,26,2615,2,2196,260052,2,1,30000,,,,2
1,26,2615,2,2196,260052,8,1,10000,,,,2
1,26,2615,2,2196,260053,2,1,8000,,"N1",,2
1,26,2615,2,2196,260053,3,1,100000,,"N1",,2
1,26,2615,2,2196,260053,8,1,60000,,"N1",,2
1,26,2615,2,2196,260054,2,1,20000,,"N1",,2
1,26,2615,2,2196,260054,3,1,50000,,"N1",,2
1,26,2615,2,2196,260056,2,1,100000,,"N1",,1
1,26,2615,2,2196,260057,2,1,65000,,"N1",,1
1,26,2615,2,2196,260057,3,1,4500,,"N1",,1
1,26,2615,2,2196,260057,6,1,2000,,"N1",,2
1,26,2615,2,2196,260057,7,1,6500,,"N1",,2
1,26,2615,2,2196,260057,8,1,19200,,"N2",,2
1,26,2615,2,2196,260058,2,1,35000,,"N2",,1
1,26,2615,2,2196,260059,2,1,37000,,"N1",,1
1,26,2615,2,2196,260060,2,1,20000,,"N1",,1
1,26,2615,2,2178,260064,2,1,500,,"N2",,1
1,26,2621,2,100,260071,2,1,25000,,"N1",,2
1,26,2621,2,100,260072,2,1,3000,,"N1",,1
1,26,2621,2,100,260073,2,1,30000,,,,2
1,26,2621,2,100,260075,8,1,2000,,"N2",,2
1,26,2621,2,100,260076,2,1,15000,,,,2
1,26,2621,2,100,260077,2,1,500,,"N1",,2
1,26,2621,2,100,260078,2,1,6000,,"N1",,1
1,26,2621,2,100,260079,2,1,6000,,"N1",,1
1,26,2621,2,100,260080,2,1,25000,,"N1",,2
1,26,2605,2,594,260091,1,1,15000,2000,"N3",,2
1,26,2605,2,594,260091,3,1,1000,,"N4",,2
1,26,2605,2,594,260092,2,1,2000,,"N1",,2
1,26,2605,2,594,260092,3,1,1500,,"N1",,2
1,26,2605,2,594,260093,2,1,2000,,"N5",,2
1,26,2605,2,594,260093,4,1,5000,,"N5",,2
1,26,2605,2,594,260093,5,1,1500,,"N5",,2
1,26,2605,2,594,260094,3,1,700,,"N1",,2
1,26,2605,2,594,260095,2,1,3500,,"N4",,2
1,26,2605,2,594,260095,3,1,2000,,"N3",,2
1,26,2605,2,594,260095,6,1,1500,,"N4",,2
1,26,2605,2,594,260096,3,1,2000,,"N4",,2
1,26,2605,2,594,260097,5,1,3000,,"28",,2
1,26,2605,2,594,260097,7,1,1000,1000,"N2",,2
1,26,2603,1,1786,260110,3,1,500,0,"N1",,2
1,26,2613,2,2248,260127,2,1,1000,,,,2
1,26,2613,2,2248,260127,3,1,1500,,,,2
1,26,2613,2,2248,260127,6,1,400,,,,2
1,26,2613,2,2248,260129,2,1,8000,,"N3",,1
1,26,2613,2,2248,260129,3,1,2000,,"N4",,1
1,26,2608,2,820,260136,2,1,1500,,"N2",,2
1,26,2608,2,820,260136,3,1,800,,"N2",,2
1,26,2608,2,820,260139,9,1,12,250,"N3",,1
1,26,2601,2,822,260141,3,1,800,,"N1",,2
1,26,2601,2,822,260142,3,1,1000,,"N1",,2
1,26,2601,2,822,260143,1,1,36000,,"N2",,2
1,26,2601,2,822,260143,2,1,15000,,"N1",,2
1,26,2601,2,822,260143,3,1,20000,,,,2
1,26,2601,2,822,260143,6,1,8000,,,,2
1,26,2601,2,822,260143,8,1,20000,,,,2
1,26,2601,2,822,260143,9,1,2000,,,,2
1,26,2601,2,822,260144,3,1,200,,"N5",,2
1,26,2601,2,822,260148,2,1,5000,,"N1",,2
1,26,2601,2,822,260148,3,1,20000,,"N2",,2
1,26,2601,2,822,260149,2,1,4000,,"N2",,2
1,26,2613,2,1462,260151,3,1,2000,,"N3",,2
1,26,2613,2,1462,260152,2,1,2000,,"N3",,2
1,26,2613,2,1462,260152,3,1,3000,,"N2",,2
1,26,2613,2,1462,260153,1,1,2000,1000,,,2
1,26,2613,2,1462,260153,2,1,2600,,"N3",,2
1,26,2613,2,1462,260153,3,1,4000,500,"N2",,2
1,26,2613,2,1462,260153,4,1,5000,,,,2
1,26,2613,2,1462,260153,6,1,1000,200,,,2
1,26,2613,2,1462,260154,2,1,3000,,"N1",,2
1,26,2613,2,1462,260155,2,1,15000,,"N1",,2
1,26,2613,2,1462,260155,3,1,2500,,"N2",,2
1,26,2613,2,1462,260155,6,1,500,,"N1",,2
1,26,2613,2,1462,260156,3,1,2000,,"N1",,2
1,26,2616,2,254,260162,2,1,5500,,"N2",,2
1,26,2616,2,254,260162,3,1,4000,,"N2",,2
1,26,2616,2,254,260163,2,1,7000,,"N1",,2
1,26,2616,2,254,260163,6,1,800,,"N2",,2
1,26,2616,2,254,260164,2,1,3000,,"N1",,2
1,26,2616,2,254,260165,3,1,,,"12",,2
1,26,2616,2,254,260170,3,1,800,,"N1",,2
1,26,2625,2,926,260172,2,1,15000,,,,2
1,26,2625,2,926,260172,3,1,5000,,,,2
1,26,2625,2,926,260172,6,1,2000,,,,2
1,26,2625,2,926,260174,2,1,10000,,"N2",,2
1,26,2625,2,926,260174,3,1,6000,,"N2",,2
1,26,2625,2,926,260174,6,1,800,,"N2",,2
1,26,2625,2,926,260178,2,1,4500,,"N1",,2
1,26,2625,2,926,260178,3,1,5000,,"N2",,2
1,26,2625,2,926,260179,2,1,5000,,"N3",,2
1,26,2625,2,926,260179,3,1,3000,,"N2",,2
1,26,2625,2,926,260180,2,1,6000,,"N1",,2
1,26,2625,2,926,260180,3,1,4500,,"N2",,2
6,27,2715,2,752,270024,9,1,2800,1000,"N2",,2
6,27,2715,2,752,270027,9,1,600,,"N2","N1",2
6,27,2715,2,752,270029,6,1,900,,"N2",,2
6,27,2715,2,752,270029,9,1,1000,,"N2",,2
6,27,2712,2,110,270050,6,1,2000,1000,"N2","N1",2
6,27,2712,2,110,270050,9,1,3500,,"N3",,2
6,27,2703,1,1612,270061,2,1,2000,0,"N1","N2",2
6,27,2719,2,100,270086,2,1,3000,,"N5",,2
6,28,2806,1,802,280001,2,1,3800,500,"N1","N2",2
6,28,2806,1,164,280012,2,1,500,100,"N2",,2
6,28,2802,2,566,280048,3,1,6000,,"N1",,2
6,29,2930,1,530,290003,2,1,10000,,"N4",,2
6,29,2930,1,530,290003,3,1,1000,,"N3",,2
6,29,2909,2,220,290043,2,1,500,,"N6",,2
6,29,2909,2,220,290043,3,1,2500,,"N5",,2
6,29,2909,2,220,290043,6,1,,500,"N7",,2
6,29,2909,2,220,290047,2,1,4000,5000,"N3",,2
6,29,2909,2,220,290047,3,1,1000,,"N4",,2
6,29,2909,2,220,290048,2,1,500,,"N1",,2
6,29,2909,2,220,290048,5,1,200,,,,
6,29,2909,2,220,290049,2,1,8000,8000,"N2",,2
6,29,2909,2,220,290049,3,1,1000,,"N3",,2
6,29,2909,2,220,290050,3,1,1000,0,"N6",,2
6,29,2905,1,384,290065,2,1,1000,,"N1",,2
6,29,2905,1,384,290067,2,1,100,,"N2",,2
6,29,2910,1,350,290082,2,1,6500,,"N2",,2
6,29,2910,1,350,290082,9,1,450,,"N3",,2
6,29,2911,1,746,290091,1,1,5000,,"N1",,2
6,29,2911,1,746,290094,2,1,2000,,"N4",,2
6,29,2911,1,746,290097,1,1,5000,,"N5",,2
6,29,2911,2,1870,290105,2,1,120000,,"N6",,2
6,29,2911,2,1870,290105,5,1,9000,,"N6",,2
6,29,2911,2,1870,290106,2,1,2000,,"N5",,2
6,29,2911,2,1870,290108,2,1,3000,0,"N4",,2
6,29,2923,2,1126,290111,2,1,1000,2000,"N2",,2
6,29,2923,2,1126,290112,2,1,500,,"N2",,2
6,29,2923,2,1126,290117,2,1,25000,,"N1",,2
6,29,2923,1,396,290124,3,1,1500,,"N4",,2
6,29,2923,1,396,290126,2,1,1500,,"N1",,2
6,29,2902,1,1028,290135,2,1,3000,,"N5",,2
6,29,2902,1,1028,290135,3,1,4000,,"N6",,2
6,29,2920,1,506,290142,3,1,1000,,"N2",,2
6,29,2920,1,1210,290151,2,1,25000,,"N4",,2
6,29,2920,1,1210,290151,3,1,8000,,"N3",,2
6,29,2920,1,1210,290155,2,1,5760,,"N1",,2
6,29,2920,1,1210,290155,6,1,720,,"N2",,2
6,29,2920,1,1210,290159,2,1,6720,,"N1",,2
6,29,2920,1,1210,290159,9,1,1920,,"N2",,2
6,29,2914,1,214,290161,2,1,720000,10000,"N1","N2",2
6,29,2914,1,214,290161,3,1,,20000,"N2",,2
6,29,2914,1,214,290161,5,1,10000,5000,"N3","N2",2
6,29,2914,1,214,290161,6,1,,300,"N2",,2
6,29,2914,1,214,290161,9,1,12000,,"N4",,
6,29,2914,1,214,290162,2,1,15000,,"N1",,2
6,29,2914,1,214,290162,3,1,4300,,"N6",,2
6,29,2914,1,214,290163,2,1,600,,"N3",,2
6,29,2914,1,214,290165,2,1,1000,,"N1",,2
6,29,2914,1,214,290167,2,1,,5000,"N3",,2
6,29,2914,1,214,290167,5,1,,5000,"N4",,2
6,29,2920,2,1628,290172,2,1,5000,,"N4",,2
6,29,2920,2,1628,290173,2,1,5000,,"N4",,2
6,29,2920,2,1628,290174,2,1,2000,,"N10",,2
6,29,2920,2,1628,290176,2,1,3360,,"N5",,2
6,29,2920,2,1628,290177,2,1,2400,,"N2",,2
6,29,2920,2,1628,290180,2,1,4000,,"N4",,2
6,30,3018,2,914,300028,2,1,40000,,"N4",,2
6,30,3018,2,914,300028,3,1,100000,,"N3",,2
6,30,3018,2,914,300028,9,1,30000,,"N5",,2
6,30,3014,2,120,300044,1,1,8000,,"N2",,2
6,30,3005,1,2942,300095,2,1,,3000,"N1","12",2
6,30,3005,1,2942,300098,1,1,96000,30000,"N7","N6",2
6,30,3005,1,2942,300098,2,1,300000,50000,"N1","N2",2
6,30,3005,1,2942,300098,3,1,180000,20000,"N5","N8",2
6,30,3005,1,2942,300098,5,1,15000,5000,"N7","N6",2
6,30,3005,1,2942,300098,6,1,26000,4000,"N7","N6",2
6,30,3020,1,322,300129,1,1,430000,,"N6",,2
6,30,3020,1,322,300129,2,1,1000000,,"N1",,2
6,30,3020,1,322,300129,3,1,55000,,"N1","N5",2
6,30,3020,1,322,300129,5,1,30000,,"N6",,2
6,30,3020,1,322,300129,6,1,10000,,"N6",,2
6,30,3020,1,322,300129,7,1,15000,,"N6",,2
6,30,3002,1,1310,300131,1,1,18000,,,,2
6,30,3002,1,1310,300131,3,1,5000,,,,2
6,30,3033,2,554,300183,2,1,350,150,"N1",,2
6,30,3033,2,554,300184,9,1,2500,5000,"N1",,2
6,30,3033,2,554,300186,2,1,400,100,"N1",,2
6,30,3033,2,554,300187,2,1,15000,,"N1",,2
6,30,3033,2,554,300187,4,1,,50000,"N2",,2
6,30,3033,2,554,300188,2,1,10000,60000,"N3","N4",2
6,30,3033,2,554,300188,3,1,20000,,"N2",,2
6,30,3033,2,554,300189,2,1,4000,35000,"N1","N2",2
6,30,3033,2,554,300189,3,1,5000,,"N1",,2
6,30,3033,2,554,300190,2,1,6000,40000,"N1","N2",2
6,30,3033,2,554,300190,3,1,7000,,,,1
6,30,3015,2,1688,300193,2,1,1200,1200,"N1","N2",2
6,30,3015,2,1688,300199,2,1,1000,0,"N1",,2
6,30,3032,2,520,300211,2,1,700,200,"N1",,2
6,30,3032,2,520,300217,2,1,1200,240,"N1","N2",2
6,30,3004,2,216,300227,2,1,700,400,"N1",,2
1,31,3101,2,604,310011,1,1,5000,,"N2",,2
1,31,3101,2,604,310017,3,1,250,0,"N2",,2
1,31,3115,2,680,310021,3,1,300,,"N1",,2
1,31,3115,2,680,310022,2,1,0,2000,"N1",,2
1,31,3115,2,680,310026,3,1,60,,"N4",,2
1,31,3115,2,680,310028,2,1,140,,"N2",,2
1,31,3115,2,680,310029,2,1,7000,,"N1",,2
1,31,3115,2,680,310029,3,1,600,,"N5",,2
1,31,3115,2,680,310029,5,1,5000,,"N6",,2
1,31,3115,2,680,310029,6,1,200,,"N1",,2
1,31,3111,2,2966,310031,2,1,8500,,"N3",,2
1,31,3111,2,2966,310031,3,1,650,,"N4",,2
1,31,3111,2,2966,310032,3,1,200,,,,2
1,31,3111,2,2966,310033,2,1,1300,,"N1",,2
1,31,3111,2,2966,310033,3,1,3000,,"N2",,2
1,31,3111,2,2966,310033,5,1,1300,,"N1",,2
1,31,3111,2,2966,310033,6,1,100,,"N1",,2
1,31,3111,2,2966,310035,2,1,30000,,"N1",,2
1,31,3111,2,2966,310035,3,1,600,,"N4",,1
1,31,3111,2,2966,310036,2,1,60000,,"N1",,1
1,31,3111,2,2966,310038,2,1,2000,,"N2",,1
1,31,3111,2,2966,310038,3,1,1350,,"N3",,2
1,31,3111,2,2966,310038,6,1,200,,"N2",,2
1,31,3111,2,2966,310040,2,1,8000,,"N4",,2
1,31,3111,2,2966,310040,3,1,10000,,"N3",,2
1,31,3107,2,1092,310043,3,1,900,,"N1",,2
1,31,3107,2,1092,310049,2,1,1200,,"N2",,2
1,31,3107,2,1092,310049,3,1,1000,,"N2",,2
1,31,3107,1,724,310057,3,1,600,,"N7",,2
1,31,3107,1,724,310059,3,1,600,,"N3",,2
1,31,3109,2,1026,310072,3,1,800,,"N1",,1
1,31,3109,2,1026,310075,3,1,700,,"N1",,2
1,31,3109,2,1026,310076,3,1,12000,,"N2",,2
1,31,3109,2,1026,310077,2,1,1000,,"N2",,2
1,31,3109,2,1026,310077,3,1,600,,"N2",,2
1,31,3109,2,1026,310077,5,1,2000,,"N2",,2
1,31,3109,2,1026,310078,2,1,1000,,"N1",,2
1,31,3109,2,1026,310078,6,1,500,,"N1",,2
1,31,3109,2,1026,310080,2,1,1000,,"N1",,2
1,31,3109,2,1026,310080,3,1,2000,,"N1",,2
1,31,3109,2,1026,310080,5,1,1500,,"N1",,2
1,31,3112,2,350,310081,2,1,26400,,"N6",,1
1,31,3112,2,350,310081,3,1,2000,,"N5",,1
1,31,3112,2,350,310081,6,1,200,,"N6",,2
1,31,3116,2,1344,310097,3,1,1000,,"N2",,2
1,31,3103,2,874,310101,2,1,2000,,,,2
1,31,3103,2,874,310101,3,1,900,,,,2
1,31,3103,2,874,310104,3,1,150,,"N1",,2
1,31,3103,2,874,310109,2,1,120,0,"N2",,2
1,31,3103,2,874,310110,3,1,260,,,,2
5,32,3203,2,2644,320124,1,1,500,300,"N1",,1
3,33,3321,1,1182,330002,2,1,20000,,"N3",,2
3,33,3321,1,1182,330002,3,1,1000,,"N5",,2
3,33,3321,1,1182,330002,5,1,5000,,"N7",,2
3,33,3321,1,1182,330002,6,1,1000,,"N7",,2
3,33,3321,1,1182,330005,3,1,400,0,"N1",,2
3,33,3321,1,1182,330006,1,1,,,,,2
3,33,3321,1,1182,330006,9,1,1000,0,"N4",,2
3,33,3321,1,1182,330008,1,1,3000,0,,,2
3,33,3321,1,1182,330008,2,1,2000,0,,,2
3,33,3321,1,1182,330008,3,1,1000,0,,,2
3,33,3321,1,1182,330008,6,1,1000,0,,,2
3,33,3321,1,1182,330009,1,1,3000,0,"N5",,2
3,33,3321,1,1182,330009,2,1,58000,0,"N2",,2
3,33,3321,1,1182,330009,3,1,2000,0,"N3",,2
3,33,3321,1,1182,330009,4,1,2000,0,"N4",,2
3,33,3321,1,1182,330009,5,1,200,0,"N5",,2
3,33,3321,1,1182,330009,6,1,1500,0,"N4",,2
3,33,3321,1,1182,330010,2,1,66000,0,"N5",,2
3,33,3321,1,1182,330010,3,1,2500,0,"N4",,2
3,33,3321,1,1182,330010,5,1,5000,0,"N6",,2
3,33,3311,1,702,330011,2,1,20000,0,"N2",,2
3,33,3311,1,702,330011,5,1,4000,0,"N5",,2
3,33,3311,1,702,330011,6,1,3000,0,"N5",,2
3,33,3311,1,702,330012,2,1,10000,,"N4",,2
3,33,3311,1,702,330012,3,1,2000,,"N4",,2
3,33,3311,1,702,330012,6,1,500,,"N3",,2
3,33,3311,1,702,330012,9,1,1000,,"N3",,2
3,33,3311,1,702,330013,2,1,4000,1000,"N4",,2
3,33,3311,1,702,330014,2,1,10000,0,"N2",,2
3,33,3311,1,702,330014,3,1,1000,0,"N5",,2
3,33,3311,1,702,330014,5,1,1000,0,"N7",,2
3,33,3311,1,702,330014,6,1,1000,0,"N6",,2
3,33,3311,1,702,330016,2,1,10000,0,"N2",,2
3,33,3311,1,702,330016,3,1,2000,0,"N4",,2
3,33,3311,1,702,330016,5,1,2000,0,"N5",,2
3,33,3311,1,702,330016,6,1,1000,0,"N5",,2
3,33,3311,1,702,330019,2,1,800,0,"N3",,2
3,33,3310,2,476,330021,2,1,10000,,"N6",,1
3,33,3310,2,476,330021,3,1,2000,,"N6",,1
3,33,3310,2,476,330021,6,1,400,,,,2
3,33,3310,2,476,330022,2,1,8000,0,"N5",,2
3,33,3310,2,476,330022,3,1,2000,0,"N6",,2
3,33,3310,2,476,330022,6,1,1200,0,"N5",,2
3,33,3310,2,476,330024,2,1,100000,0,"N2",,2
3,33,3310,2,476,330024,3,1,2000,0,"N4",,2
3,33,3310,2,476,330024,5,1,3000,0,"N5",,2
3,33,3310,2,476,330025,2,1,10000,0,"N3",,2
3,33,3310,2,476,330025,3,1,7000,0,"N1",,2
3,33,3310,2,476,330025,6,1,3000,0,"N3",,2
3,33,3310,2,476,330026,2,1,18000,0,"N5",,2
3,33,3310,2,476,330028,2,1,250,,"N2",,2
3,33,3310,2,476,330028,3,1,500,,"N3",,2
3,33,3323,2,92,330031,2,1,3000,0,"N5",,2
3,33,3323,2,92,330031,3,1,1000,0,"N4",,2
3,33,3323,2,92,330032,2,1,10000,0,"N1",,2
3,33,3323,2,92,330032,3,1,800,0,"N2",,2
3,33,3323,2,92,330032,6,1,200,0,"N3",,2
3,33,3323,2,92,330033,2,1,10000,0,"N3",,2
3,33,3323,2,92,330033,3,1,200,0,"N3",,2
3,33,3323,2,92,330034,2,1,2000,,"N5",,2
3,33,3323,2,92,330034,3,1,800,,"N5",,2
3,33,3323,2,92,330035,2,1,12000,0,"N3",,2
3,33,3323,2,92,330035,5,1,1000,0,"N4",,2
3,33,3323,2,92,330035,6,1,1000,0,"N5",,2
3,33,3323,2,92,330036,2,1,5000,0,"N4",,2
3,33,3323,2,92,330037,2,1,10000,0,"N2",,2
3,33,3323,2,92,330038,2,1,50000,,"N5",,1
3,33,3323,2,92,330038,3,1,10000,,"N5",,1
3,33,3323,2,92,330038,6,1,600,,,,2
3,33,3323,2,92,330038,8,1,1000,,"N5",,1
3,33,3323,2,92,330040,2,1,20000,0,"N7",,2
3,33,3323,2,92,330040,3,1,15000,0,"N7",,2
3,33,3323,2,92,330040,5,1,3000,0,"N8",,2
3,33,3323,2,92,330040,6,1,1000,0,,,2
3,33,3323,2,92,330040,8,1,10000,2000,"N9",,2
3,33,3318,2,30,330041,2,1,4000,0,"N2",,2
3,33,3318,2,30,330041,3,1,1000,0,"N3",,2
3,33,3318,2,30,330041,6,1,1000,0,"N4",,2
3,33,3318,2,30,330042,2,1,10000,0,"N1",,2
3,33,3318,2,30,330042,6,1,1000,0,"N2",,2
3,33,3318,2,30,330044,2,1,1500,0,"N5",,2
3,33,3318,2,30,330046,2,1,2000,,"N1",,2
3,33,3318,2,30,330046,6,1,50,,"N2",,2
3,33,3318,2,30,330049,2,1,8000,0,"N6",,2
3,33,3318,2,30,330049,6,1,600,0,"N7",,2
3,33,3318,2,30,330050,2,1,3000,0,"N3",,2
3,33,3318,2,30,330050,3,1,1000,0,"N3",,2
3,33,3318,2,30,330050,6,1,100,0,"N6",,2
3,33,3313,2,930,330051,2,1,10000,0,"N1",,2
3,33,3313,2,930,330051,5,1,0,0,"N5",,2
3,33,3313,2,930,330051,6,1,0,0,"N5",,2
3,33,3313,2,930,330052,2,1,10000,0,"N5",,2
3,33,3313,2,930,330052,3,1,1500,0,"N5",,2
3,33,3313,2,930,330052,6,1,300,0,"N5",,2
3,33,3313,2,930,330053,2,1,8000,0,"N2",,2
3,33,3313,2,930,330053,6,1,600,0,"N2",,2
3,33,3313,2,930,330055,2,1,20000,0,,,2
3,33,3313,2,930,330055,3,1,1500,0,,,2
3,33,3313,2,930,330055,6,1,200,0,,,2
3,33,3313,2,930,330056,2,1,10000,0,"N6",,2
3,33,3313,2,930,330056,3,1,1500,0,"N6",,2
3,33,3313,2,930,330058,2,1,6000,0,"N2",,2
3,33,3313,2,930,330058,6,1,200,0,"N2",,2
3,33,3313,2,930,330059,2,1,1000,,"N1",,2
3,33,3313,2,930,330059,4,1,500,,"N2",,2
3,33,3313,2,930,330059,6,1,400,,"N3",,2
3,33,3313,2,930,330060,2,1,40000,0,"N1",,2
3,33,3313,2,930,330060,3,1,3000,0,"N3",,2
3,33,3313,2,930,330060,5,1,0,0,"N2",,2
3,33,3313,2,930,330060,6,1,3000,0,"N4",,2
3,33,3304,2,418,330061,2,1,50000,,"N1",,2
3,33,3304,2,418,330061,4,1,2000,,"N3",,2
3,33,3304,2,418,330061,6,1,2000,,"N4",,2
3,33,3304,2,418,330062,2,1,2000,4000,"N3",,2
3,33,3304,2,418,330064,2,1,25000,0,"N2",,2
3,33,3304,2,418,330064,5,1,0,0,"N3",,2
3,33,3304,2,418,330064,6,1,3000,0,"N4",,2
3,33,3304,2,418,330066,2,1,7000,0,"N2",,2
3,33,3304,2,418,330066,5,1,0,0,"N1",,2
3,33,3304,2,418,330066,6,1,0,0,"N1",,2
3,33,3304,2,418,330067,2,1,3000,0,"N3",,2
3,33,3304,2,418,330067,6,1,150,0,"N3",,2
3,33,3304,2,418,330068,1,1,6000,0,"N1",,2
3,33,3304,2,418,330068,2,1,20000,0,"N2",,1
3,33,3304,2,418,330068,5,1,4000,0,"N4",,2
3,33,3304,2,418,330069,2,1,3000,0,"N3",,2
3,33,3304,2,418,330069,5,1,0,0,"N1",,2
3,33,3307,2,688,330071,2,1,20000,0,"N4",,2
3,33,3307,2,688,330071,3,1,5000,,"N3",,1
3,33,3307,2,688,330071,4,1,0,10000,"N5",,2
3,33,3307,2,688,330071,6,1,,1000,"N5",,2
3,33,3307,2,688,330072,2,1,15000,,"N6",,1
3,33,3307,2,688,330072,3,1,1000,,"N5",,2
3,33,3307,2,688,330072,6,1,500,,"N7",,2
3,33,3307,2,688,330073,2,1,2000,,"N2",,2
3,33,3307,2,688,330073,6,1,100,,"N3",,2
3,33,3307,2,688,330075,1,1,5000,0,"N2",,2
3,33,3307,2,688,330075,2,1,80000,0,"N1",,2
3,33,3307,2,688,330075,6,1,5000,0,"N1",,2
3,33,3307,2,688,330076,2,1,15000,0,"N3",,2
3,33,3307,2,688,330076,5,1,0,0,"N1",,2
3,33,3307,2,688,330076,6,1,0,0,"N1",,2
3,33,3307,2,688,330078,2,1,20000,0,"N2",,2
3,33,3307,2,688,330078,3,1,1800,0,"N3",,2
3,33,3307,2,688,330078,5,1,0,0,"N1",,2
3,33,3307,2,688,330078,6,1,1000,0,"N4",,2
3,33,3307,2,688,330079,2,1,7000,1500,"N7",,2
2,34,3401,2,526,340001,1,1,12000,,"N5",,2
2,34,3401,2,526,340001,2,1,47000,,"N1",,2
2,34,3401,2,526,340001,3,1,20000,,"N6",,2
2,34,3401,2,526,340001,4,1,12000,,"N7",,2
2,34,3401,2,526,340001,6,1,5000,,"N8",,2
2,34,3401,2,526,340001,7,1,1000,,,,2
2,34,3401,2,526,340002,2,1,500,1000,"N6",,2
2,34,3401,2,526,340002,3,1,900,,"N5",,2
2,34,3401,2,526,340003,1,1,,10000,"N3",,2
2,34,3401,2,526,340003,2,1,2000,,"N2",,2
2,34,3401,2,526,340003,4,1,,20000,"N3",,2
2,34,3401,2,526,340003,8,1,4000,,"N2",,2
2,34,3401,2,526,340004,1,1,,,"N7",,2
2,34,3401,2,526,340004,2,1,6000,,"N1",,2
2,34,3401,2,526,340004,3,1,,600,,,
2,34,3401,2,526,340005,2,1,2000,,"N3",,
2,34,3401,2,526,340005,4,1,,30000,"N3",,
2,34,3401,2,526,340005,5,1,1200,,"N3",,
2,34,3401,2,526,340006,1,1,8000,0,"N4",,2
2,34,3401,2,526,340007,1,1,45000,0,"N4",,2
2,34,3401,2,526,340007,2,1,124000,0,"N1",,2
2,34,3401,2,526,340007,3,1,45000,0,"N1",,2
2,34,3401,2,526,340007,4,1,80000,0,"N4",,2
2,34,3401,2,526,340007,5,1,4500,0,"N1",,2
2,34,3401,2,526,340007,6,1,5200,0,"N2",,2
2,34,3401,2,526,340007,7,1,6000,0,"N2",,2
2,34,3401,2,526,340007,8,1,40000,0,"N4",,2
2,34,3401,2,526,340009,1,1,3000,,"N4",,2
2,34,3401,2,526,340009,2,1,30000,,"N5",,2
2,34,3401,2,526,340009,3,1,9000,,"N3",,2
2,34,3401,2,526,340009,4,1,3000,,"N6",,2
2,34,3401,2,526,340009,8,1,5000,,"N7",,2
2,34,3401,2,526,340010,1,1,30000,,"N5",,1
2,34,3401,2,526,340010,2,1,200000,,"N6",,1
2,34,3401,2,526,340010,3,1,100000,,"N6",,1
2,34,3401,2,526,340010,4,1,40000,,"N2",,1
2,34,3401,2,526,340010,5,1,20000,,"N6",,1
2,34,3401,2,526,340010,6,1,20000,,"N6",,1
2,34,3401,2,526,340010,7,1,20000,,"N6",,1
2,34,3401,2,526,340010,8,1,100000,,"N6",,1
2,34,3401,2,526,340010,9,1,,,"N8",,2
2,34,3415,2,268,340011,1,1,13000,,"N4",,2
2,34,3415,2,268,340012,1,1,,1800,"N2",,2
2,34,3415,2,268,340012,2,1,,500,"N3",,2
2,34,3415,2,268,340013,7,1,120,0,"N3",,1
2,34,3415,2,268,340019,2,1,3000,0,,,2
2,34,3405,2,1706,340022,1,1,22000,0,"N4",,2
2,34,3405,2,1706,340022,3,1,1500,,"N1",,2
2,34,3405,2,1706,340023,1,1,7000,0,"N5",,1
2,34,3405,2,1706,340023,2,1,3000,0,"N2",,2
2,34,3405,2,1706,340023,3,1,2000,0,"N4",,2
2,34,3405,2,1706,340023,4,1,600,0,"N5",,1
2,34,3405,2,1706,340023,8,1,2500,0,"N5",,1
2,34,3405,2,1706,340025,2,1,300,,"N1",,2
2,34,3405,2,1706,340027,1,1,23000,0,"N4",,1
2,34,3405,2,1706,340029,1,1,46000,,"N4",,
2,34,3405,2,1706,340030,1,1,10000,2000,,,2
2,34,3405,2,1706,340030,2,1,10000,,"N1",,2
2,34,3405,2,1706,340030,3,1,15000,,"N5",,2
2,34,3405,2,456,340039,2,1,500,,"N7",,2
2,34,3405,2,456,340039,3,1,3000,,"N6",,2
2,34,3410,2,42,340043,1,1,6000,,"N3",,2
2,34,3410,2,42,340044,1,1,5000,,"N3","N4",2
2,34,3410,2,42,340047,1,1,150000,,"N4",,1
2,34,3410,2,42,340047,2,1,6000,,"N2",,2
2,34,3410,2,42,340047,6,1,200,,"N2",,
2,34,3410,2,42,340047,8,1,5000,,"N5",,2
2,34,3408,2,870,340087,1,1,2000,0,"N4",,1
2,35,3503,1,54,350002,1,1,6900,0,"N2",,2
2,35,3503,1,54,350002,2,1,500,0,"N1",,2
2,35,3503,1,54,350003,2,1,10000,,"N1",,1
2,35,3503,1,54,350006,2,1,10000,0,"N5","N6",2
2,35,3503,1,54,350006,5,1,200,0,"N7",,2
2,35,3503,1,54,350009,2,1,14400,,"N2",,2
2,35,3503,1,54,350010,2,1,4000,1000,"N1","N2",2
2,35,3503,1,54,350010,6,1,200,0,"N3",,2
2,35,3507,2,746,350012,2,1,10000,0,"N5",,2
2,35,3507,2,746,350012,3,1,500,0,"N4",,2
2,35,3507,2,746,350012,4,1,3000,0,"N6",,
2,35,3507,2,746,350014,1,1,6500,,"N9",,2
2,35,3507,2,746,350016,1,1,2000,0,"N1",,2
2,35,3507,2,746,350016,2,1,15000,0,"N2",,1
2,35,3507,2,746,350016,3,1,160,0,"N4",,1
2,35,3507,2,746,350017,2,1,27000,0,"N4",,2
2,35,3507,2,746,350019,2,1,3000,,"N3","N4",1
2,35,3515,2,316,350021,2,1,21000,,"N3",,2
2,35,3515,2,316,350021,6,1,1050,,"N4",,2
2,35,3515,2,316,350022,1,1,20000,0,"N1",,2
2,35,3515,2,316,350022,2,1,42000,0,"N2",,2
2,35,3515,2,316,350022,6,1,2000,0,"N3",,2
2,35,3515,2,316,350023,1,1,3000,,"N5",,1
2,35,3515,2,316,350023,2,1,14200,,"N6",,1
2,35,3515,2,316,350024,2,1,2000,,"N2",,2
2,35,3515,2,316,350025,2,1,6000,,"N3",,2
2,35,3515,2,316,350026,2,1,18000,0,"N2",,2
2,35,3515,2,316,350026,6,1,1000,0,"N3",,2
2,35,3515,2,316,350027,2,1,15000,,"N3",,2
2,35,3515,2,316,350028,2,1,2000,,"N1",,1
2,35,3515,2,316,350028,6,1,400,,"N1",,1
2,35,3515,2,316,350029,2,1,20000,,"N1",,2
2,35,3515,2,316,350029,6,1,1000,,"N2",,2
2,35,3515,2,316,350030,2,1,30000,,,,
2,35,3516,2,1632,350031,2,1,10000,0,,,1
2,35,3516,2,1632,350031,6,1,600,0,,,2
2,35,3516,2,1632,350031,7,1,400,0,,,2
2,35,3516,2,1632,350034,2,1,40000,0,"N3",,2
2,35,3516,2,1632,350034,6,1,3000,0,"N4",,2
2,35,3516,2,1632,350035,2,1,20000,0,"N5",,1
2,35,3516,2,1632,350035,6,1,1800,0,"N6",,2
2,35,3516,2,1632,350035,8,1,11000,0,"N7",,1
2,35,3516,2,1632,350036,2,1,10000,,"N3",,2
2,35,3516,2,1632,350036,6,1,2000,,"N3",,2
2,35,3516,2,1632,350038,2,1,12000,0,"N4",,1
2,35,3516,2,1632,350038,6,1,1200,0,"N5",,1
2,35,3506,2,1040,350041,2,1,3000,,"N2",,2
2,35,3506,2,1040,350042,2,1,8000,,"N2",,2
2,35,3506,2,1040,350042,6,1,0,,,,
2,35,3506,2,1040,350043,2,1,20000,,"N2",,1
2,35,3506,2,1040,350044,2,1,2200,,"N4",,1
2,35,3506,2,1040,350044,6,1,300,,"N5",,
2,35,3506,2,1040,350045,2,1,8000,,"N5",,2
2,35,3506,2,1040,350045,6,1,800,,,,
2,35,3506,2,1040,350046,2,1,0,8000,"N3","N4",2
2,35,3506,2,1040,350047,2,1,8000,,"N1","N2",2
2,35,3506,2,1040,350047,6,1,800,,"N3",,2
2,35,3506,2,1040,350048,2,1,3000,,"N1",,1
2,35,3506,2,1040,350048,6,1,1000,,"N1",,1
2,35,3506,2,1040,350050,2,1,5200,,"N13",,2
2,35,3506,2,1040,350050,6,1,300,,"N1",,2
2,35,3511,2,1646,350052,2,1,5000,,,,
2,35,3511,2,1646,350054,2,1,8000,0,"N5",,2
2,35,3511,2,1646,350056,2,1,3000,,"N2",,1
2,35,3511,2,1646,350057,2,1,5000,,"N3",,2
2,35,3511,2,1646,350060,2,1,30000,,"N2",,1
2,35,3513,2,576,350065,2,1,1200,,,,
2,35,3513,2,576,350066,1,1,10000,,"N2",,1
2,35,3513,2,576,350066,2,1,75000,,"N3",,1
2,35,3513,2,576,350070,2,1,0,4800,"N3","N4",2
2,35,3513,1,1278,350077,2,1,15000,,"N2",,2
2,35,3513,1,1278,350077,3,1,3000,,"N2",,2
2,35,3501,2,1228,350083,2,1,2000,,"N3",,2
2,35,3501,2,1228,350084,1,1,10000,0,"N2",,2
2,35,3501,2,1228,350084,2,1,15000,,"N3",,
2,35,3501,2,1228,350084,3,1,1000,0,"N4",,
2,35,3501,2,1228,350084,6,1,500,0,"N5",,
2,35,3501,2,1228,350084,9,1,300,0,"N6",,
2,35,3501,2,1228,350086,2,1,5000,,"N1",,2
2,35,3501,2,1228,350086,4,1,24000,,"N2",,2
2,35,3501,2,1228,350086,8,1,2000,,"N3",,2
2,35,3501,2,1228,350087,2,1,10000,2000,"N1",,1
2,35,3501,2,1228,350088,1,1,7000,0,"N8",,1
2,35,3501,2,1228,350088,2,1,6500,0,"N9",,1
2,35,3501,1,702,350093,2,1,5000,,"N3",,
2,35,3501,1,702,350093,7,1,1000,,"N2",,
2,35,3501,1,702,350093,9,1,500,,"N3",,
2,35,3501,1,702,350096,4,1,2000,,,,
2,35,3509,2,1310,350102,2,1,10000,,"N7",,2
2,35,3509,2,1310,350102,6,1,400,,"N6",,2
2,35,3509,2,1310,350103,2,1,4000,,"N2",,2
2,35,3509,2,1310,350104,1,1,2100,500,"N3",,2
2,35,3509,2,1310,350104,2,1,28800,0,"N4",,2
2,35,3509,2,1310,350105,1,1,870,0,"N5",,
2,35,3509,2,1310,350105,2,1,500,0,"N6",,
2,35,3509,2,1310,350106,2,1,16000,,"N3",,
2,35,3509,2,1310,350106,5,1,2000,,"N6",,2
2,35,3509,2,1310,350107,2,1,4400,,"N6",,2
2,35,3509,2,1310,350107,6,1,400,,"N7",,2
2,35,3509,2,1310,350108,1,1,480,,"N1",,1
2,35,3509,2,1310,350108,2,1,3600,,"N2",,1
2,35,3509,2,1310,350109,1,1,5000,0,"N3",,
2,35,3509,2,1310,350109,2,1,3200,0,"N4",,
2,35,3509,2,1310,350109,6,1,1200,0,"N5",,
2,35,3509,2,1310,350110,1,1,1000,0,"N6",,2
2,35,3509,2,1310,350110,2,1,5000,0,"N7",,2
2,35,3509,2,1310,350110,3,1,600,0,"N8",,2
2,35,3509,2,2276,350111,2,1,3000,0,"N5",,
2,35,3509,2,2276,350111,6,1,200,0,"N6",,
2,35,3509,2,2276,350111,7,1,100,0,"N6",,
2,35,3509,2,2276,350112,2,1,24000,0,"N2",,2
2,35,3509,2,2276,350112,6,1,1200,0,"N3",,2
2,35,3509,2,2276,350113,2,1,100000,,,,
2,35,3509,2,2276,350113,3,1,500,,,,
2,35,3509,2,2276,350113,4,1,,2000,"N5",,2
2,35,3509,2,2276,350113,6,1,1800,,,,
2,35,3509,2,2276,350114,2,1,7000,0,"N4",,1
2,35,3509,2,2276,350114,6,1,400,0,"N5",,1
2,35,3509,2,2276,350114,8,1,300,0,"N6",,2
2,35,3509,2,2276,350115,2,1,10000,,"N1",,2
2,35,3509,2,2276,350116,2,1,35000,,"N1",,2
2,35,3509,2,2276,350116,6,1,3500,,"N2",,2
2,35,3509,2,2276,350117,2,1,5000,0,"N1",,1
2,35,3509,2,2276,350117,6,1,500,0,"N1",,1
2,35,3509,2,2276,350118,2,1,7000,0,"N5",,
2,35,3509,2,2276,350118,3,1,300,0,"N5",,
2,35,3509,2,2276,350118,6,1,700,0,"N7",,
2,35,3504,2,1288,350121,2,1,5000,,,,
2,35,3504,2,1288,350123,2,1,5000,0,"N4",,1
2,35,3504,2,1288,350123,6,1,500,0,"N5",,1
2,35,3504,2,1288,350125,2,1,20000,,"N4",,2
2,35,3504,2,1288,350125,6,1,2000,,"N5",,2
2,35,3504,2,1288,350126,2,1,8000,,"N5",,
2,35,3504,2,1288,350129,2,1,20000,,"N2",,2
2,35,3504,2,1288,350130,2,1,10000,0,"N3",,2
2,35,3504,2,1288,350130,6,1,1000,0,"N4",,2
3,36,3607,1,2596,360001,1,1,8000,0,"N1",,1
3,36,3607,1,2596,360003,2,1,4000,2000,"N6",,2
3,36,3607,1,2596,360003,3,1,500,50,"N6",,2
3,36,3607,1,2596,360003,6,1,400,100,"N7",,2
3,36,3605,2,240,360011,2,1,60000,40000,"N8",,2
3,36,3605,2,240,360011,3,1,2800,1000,"N7",,2
3,36,3605,2,240,360011,6,1,1600,500,"N8",,2
3,36,3605,2,240,360012,2,1,25000,5000,"N6",,2
3,36,3605,2,240,360012,3,1,3000,200,"N6",,2
3,36,3605,2,240,360012,6,1,300,0,"N5",,2
3,36,3605,2,240,360013,2,1,1500,,"N2",,2
3,36,3605,2,240,360013,6,1,500,,"N5",,2
3,36,3605,2,240,360015,2,1,2000,,"N2",,2
3,36,3605,2,240,360016,2,1,8000,,"N4",,2
3,36,3605,2,240,360017,2,1,2000,,,,2
3,36,3605,2,240,360017,3,1,5000,,,,2
3,36,3605,2,240,360018,2,1,3000,2000,"N3",,2
3,36,3605,2,240,360018,3,1,1500,500,"N3",,2
3,36,3603,2,978,360021,2,1,1000,,"N3",,2
3,36,3603,2,978,360022,3,1,200,,"N4",,2
3,36,3603,2,978,360025,2,1,50000,1500,"N2",,2
3,36,3603,2,978,360025,3,1,1500,0,"N3",,2
3,36,3603,2,978,360025,6,1,4000,0,"N2",,2
3,36,3603,2,978,360026,2,1,100,0,"N2",,2
3,36,3603,2,978,360027,2,1,35000,,"N2",,2
3,36,3603,2,978,360027,3,1,1000,,"N1",,2
3,36,3603,2,978,360029,2,1,20000,,"N1",,2
3,36,3603,2,978,360030,2,1,3000,0,"N6",,2
3,36,3603,2,978,360030,3,1,500,0,"N6",,2
3,36,3608,2,2078,360032,2,1,2400,,"N2",,2
3,36,3608,2,2078,360033,2,1,45000,10000,"N3",,2
3,36,3608,2,2078,360034,2,1,15000,4000,"N4",,2
3,36,3608,2,2078,360034,3,1,1000,100,"N4",,2
3,36,3608,2,2078,360034,6,1,150,100,"N5",,2
3,36,3613,2,1066,360042,2,1,120000,,"N5",,2
3,36,3613,2,1066,360044,2,1,100000,,"N6",,2
3,36,3613,2,1066,360045,1,1,10000,5000,"N4",,2
3,36,3613,2,1066,360045,2,1,5000,0,"N5",,2
3,36,3613,2,1066,360045,3,1,5000,0,"N5",,2
3,36,3613,2,1066,360047,2,1,60000,2000,"N3",,2
3,36,3613,2,1066,360047,3,1,1500,300,"N2",,2
3,36,3613,2,1066,360047,6,1,500,0,"N4",,2
3,36,3613,2,1066,360048,2,1,120000,4000,"N3",,2
3,36,3613,2,1066,360048,3,1,4000,200,"N2",,2
3,36,3613,2,1066,360048,6,1,2500,300,"N3",,2
3,36,3613,2,1066,360049,2,1,47000,400,"N3",,2
3,36,3613,2,1066,360049,3,1,1200,100,"N1",,2
3,36,3613,2,1066,360049,6,1,1500,300,"N4",,2
3,36,3610,2,1826,360055,2,1,35000,,"N2",,2
3,36,3610,2,1826,360056,2,1,20000,,"N2",,2
3,36,3610,2,1826,360057,2,1,35000,,"N3",,2
3,36,3610,2,1826,360059,2,1,1200,400,"N3",,2
3,36,3601,2,1214,360061,2,1,12000,,"N6",,2
3,36,3601,2,1214,360063,2,1,50000,,"N2",,2
3,36,3601,2,1214,360064,2,1,20000,,"N1",,2
3,36,3601,2,1214,360069,2,1,40000,1000,"N3",,2
3,36,3601,2,1214,360069,6,1,4000,1200,"N4",,2
3,36,3612,1,1474,360074,2,1,5000,,"N3",,2
3,36,3612,1,1474,360074,3,1,10000,,"N2",,2
3,36,3612,1,1474,360074,4,1,24000,6000,"N4",,2
3,36,3612,1,1474,360076,2,1,170,,"N3",,2
3,36,3612,1,1474,360077,2,1,21000,400,"N3",,2
3,36,3612,1,1474,360077,3,1,1500,200,"N3",,2
3,36,3612,1,1474,360077,6,1,1700,200,"N3",,2
3,36,3606,2,1956,360083,2,1,15000,400,"N2",,2
3,36,3606,2,1956,360083,6,1,1200,300,"N3",,1
3,36,3606,2,1956,360088,2,1,60000,,"N2",,2
1,37,3706,2,6,370036,2,1,5000,,"N2",,2
1,37,3706,2,6,370036,3,1,1000,,"N2",,2
