"zone","state","lga","sector","ea","hhid","topic_cd","s11lq1","s11lq2","s11lq2b"
2,2,209,2,1040,20004,10,1,5,
2,2,209,2,1040,20006,10,1,1,
2,2,209,2,1040,20006,11,1,2,
2,2,209,2,1040,20007,2,1,4,
2,2,209,2,1040,20007,3,1,2,
2,2,209,2,1040,20007,6,1,2,
2,2,216,2,200,20033,6,1,3,
2,2,216,2,200,20033,10,1,5,
2,2,203,2,1224,20043,6,1,11,
2,2,203,2,1224,20044,10,1,2,
2,2,203,2,1224,20044,11,1,2,
2,2,203,2,1224,20045,11,1,1,
2,2,203,2,1224,20047,6,1,11,
2,2,203,2,1224,20047,10,1,11,
2,2,203,2,1224,20047,11,1,11,
2,2,203,2,1224,20047,12,1,11,
2,2,212,2,956,20054,10,1,11,
2,2,212,2,956,20054,11,1,11,
2,2,212,2,956,20057,10,1,2,
2,2,210,2,1300,20061,10,1,2,
2,2,210,2,1300,20067,6,1,11,
2,2,214,2,898,20072,3,1,2,
2,2,214,2,898,20072,6,1,2,
2,2,214,2,898,20072,10,1,2,
2,2,214,2,898,20072,11,1,2,
2,2,215,1,8,20089,3,1,11,
2,2,215,1,8,20089,6,1,11,
2,2,207,2,1302,20093,3,1,10,
2,2,207,2,1302,20093,6,1,10,
2,2,207,2,1302,20093,10,1,10,
2,2,207,2,1302,20093,11,1,10,
2,2,207,2,1302,20096,3,1,10,
2,2,207,2,1302,20096,6,1,10,
2,2,207,2,1302,20096,10,1,10,
2,2,207,2,1302,20097,1,1,11,
2,2,207,2,1302,20097,2,1,11,
2,2,205,2,712,20109,1,1,2,
2,2,205,2,712,20109,2,1,2,
2,2,205,2,712,20109,3,1,2,
2,2,205,2,712,20109,5,1,2,
2,2,205,2,712,20109,8,1,2,
2,2,205,2,712,20110,1,1,2,
2,2,205,2,712,20110,2,1,2,
2,2,205,2,712,20110,3,1,2,
2,2,205,2,712,20110,4,1,2,
2,2,205,2,712,20110,5,1,2,
2,2,205,2,712,20110,6,1,2,
2,2,205,2,712,20110,10,1,2,
2,2,205,2,712,20110,11,1,2,
2,2,218,2,1592,20114,11,1,2,
2,2,218,2,1592,20116,11,1,2,
5,3,326,2,74,30111,1,1,1,
4,4,414,1,2176,40031,1,1,11,
4,4,414,1,2176,40031,3,1,11,
4,4,415,1,2108,40043,2,1,11,
4,4,415,1,2108,40043,3,1,11,
4,4,405,2,484,40080,1,1,11,
4,4,405,2,484,40080,6,1,11,
4,4,407,2,796,40138,1,1,11,
4,4,407,2,796,40138,2,1,11,
4,4,407,2,796,40138,3,1,11,
4,4,407,2,796,40138,4,1,11,
4,4,407,2,796,40140,1,1,11,
4,4,407,2,796,40140,2,1,11,
4,4,407,2,796,40140,3,1,11,
4,4,407,2,796,40140,4,1,11,
2,5,506,2,830,50007,3,1,4,
2,5,506,2,830,50008,1,1,1,
2,5,506,2,830,50008,2,1,1,
2,5,506,2,830,50008,3,1,1,
2,5,506,2,830,50008,4,1,1,
2,5,506,2,830,50008,5,1,1,
2,5,506,2,830,50008,6,1,1,
2,5,506,2,830,50008,9,1,1,
2,5,506,2,830,50008,10,1,1,
2,5,506,2,830,50008,11,1,1,
2,5,506,2,830,50008,12,1,1,
2,5,506,2,830,50009,11,1,11,
2,5,502,1,2194,50013,11,1,12,
2,5,502,2,3878,50037,1,1,1,
2,5,502,2,3878,50037,2,1,1,
2,5,502,2,3878,50037,3,1,1,
2,5,513,2,348,50051,10,1,11,
2,5,513,2,348,50051,11,1,11,
2,5,513,2,348,50054,10,1,1,
2,5,513,2,348,50054,11,1,1,
2,5,513,2,348,50058,1,1,1,
2,5,513,2,348,50058,2,1,1,
2,5,513,2,348,50060,11,1,1,
2,5,501,2,60,50072,11,1,1,
2,5,508,2,984,50092,1,1,1,
2,5,508,2,984,50092,2,1,1,
2,5,508,2,984,50092,3,1,1,
2,5,508,2,984,50092,10,1,1,
2,5,508,2,984,50092,11,1,1,
2,5,508,2,984,50094,2,1,4,
2,5,508,2,984,50094,3,1,4,
2,5,508,2,984,50094,4,1,4,
2,5,518,2,1588,50135,1,1,11,
2,5,518,2,1588,50135,3,1,11,
2,5,518,2,1588,50135,6,1,2,
2,5,518,2,1588,50135,8,1,11,
2,5,518,2,1588,50135,10,1,14,
2,5,518,2,1588,50135,11,1,14,
2,5,518,2,1588,50140,6,1,11,
5,6,602,2,1356,60005,1,1,1,
5,6,602,2,1356,60005,3,1,1,
1,7,707,2,560,70004,1,1,10,
1,7,707,2,560,70004,2,1,10,
1,7,707,2,560,70004,3,1,10,
2,8,811,1,1558,80051,1,1,1,
2,8,826,2,926,80193,11,1,2,
5,10,1001,2,172,100015,1,1,11,"11"
5,10,1001,2,172,100015,11,1,11,
5,10,1001,2,172,100020,3,1,11,
4,11,1108,2,492,110059,10,1,14,"HIS VENT.DOCTOR"
5,12,1216,2,618,120052,6,1,11,
5,12,1216,2,618,120058,6,1,11,
5,12,1216,2,618,120058,10,1,11,
5,12,1210,2,462,120066,6,1,11,
4,14,1401,2,1116,140001,1,1,1,
4,14,1401,2,1116,140001,6,1,11,
4,14,1401,2,1116,140001,10,1,1,
4,14,1401,2,1116,140002,1,1,1,
4,14,1401,2,1116,140002,5,1,11,
4,14,1401,2,1116,140002,6,1,1,
4,14,1401,2,1116,140003,1,1,1,
4,14,1401,2,1116,140003,5,1,11,
4,14,1401,2,1116,140003,6,1,1,
4,14,1401,2,1116,140003,10,1,1,
4,14,1401,2,1116,140006,10,1,12,
4,14,1401,2,1116,140006,11,1,12,
4,14,1401,2,1116,140007,2,1,12,
4,14,1401,2,1116,140007,10,1,12,
4,14,1401,2,1116,140008,2,1,12,
4,14,1401,2,1116,140008,8,1,12,
4,14,1401,2,1116,140008,10,1,12,
4,14,1407,2,68,140013,1,1,1,
4,14,1407,2,68,140013,5,1,11,
4,14,1407,2,68,140013,6,1,1,
4,14,1407,2,68,140013,10,1,1,
4,14,1407,2,68,140015,3,1,12,
4,14,1407,2,68,140015,10,1,12,
4,14,1407,2,68,140015,11,1,12,
4,14,1407,2,68,140016,1,1,12,
4,14,1407,2,68,140016,2,1,12,
4,14,1407,2,68,140016,3,1,12,
4,14,1407,2,68,140016,8,1,12,
4,14,1408,2,1996,140027,2,1,12,
4,14,1408,2,1996,140027,3,1,12,
4,14,1408,2,1996,140027,5,1,12,
4,14,1408,2,1996,140027,8,1,12,
4,14,1408,2,1996,140027,10,1,12,
4,14,1408,2,1996,140027,11,1,12,
4,14,1408,2,1996,140030,1,1,11,
4,14,1408,2,1996,140030,6,1,11,
4,14,1408,2,1996,140030,10,1,11,
4,14,1413,1,2578,140035,1,1,1,
4,14,1413,1,2578,140035,5,1,11,
4,14,1413,1,2578,140035,6,1,11,
4,14,1413,1,2578,140035,10,1,1,
4,14,1413,1,2578,140040,1,1,12,
4,14,1413,1,2578,140040,2,1,12,
4,14,1413,1,2578,140040,3,1,12,
4,14,1413,1,2578,140040,8,1,12,
4,14,1415,2,952,140044,1,1,12,
4,14,1415,2,952,140044,2,1,12,
4,14,1415,2,952,140044,3,1,12,
4,14,1415,2,952,140044,6,1,12,
4,14,1415,2,952,140044,7,1,12,
4,14,1415,2,952,140044,8,1,12,
4,14,1415,2,952,140044,9,1,12,
4,14,1415,2,952,140044,10,1,12,
4,14,1415,2,952,140044,11,1,12,
4,14,1415,2,952,140044,12,1,12,
4,14,1415,2,952,140045,1,1,12,
4,14,1415,2,952,140045,2,1,12,
4,14,1415,2,952,140045,3,1,12,
4,14,1415,2,952,140045,8,1,12,
4,14,1415,2,952,140049,1,1,1,
4,14,1415,2,952,140049,5,1,11,
4,14,1415,2,952,140049,10,1,1,
4,14,1415,2,952,140050,1,1,1,
4,14,1415,2,952,140050,5,1,11,
4,14,1415,2,952,140050,6,1,1,
4,14,1415,2,952,140050,10,1,11,
4,14,1406,2,694,140067,3,1,12,
4,14,1406,2,694,140067,10,1,12,
4,14,1406,2,694,140068,1,1,12,
4,14,1406,2,694,140068,2,1,12,
4,14,1406,2,694,140068,10,1,12,
4,14,1406,2,694,140068,11,1,12,
4,14,1406,2,694,140069,1,1,1,
4,14,1406,2,694,140069,5,1,11,
4,14,1406,2,694,140069,6,1,1,
4,14,1406,2,694,140070,1,1,1,
4,14,1406,2,694,140070,5,1,11,
4,14,1406,2,694,140070,6,1,11,
4,14,1406,2,694,140070,10,1,1,
4,14,1413,2,670,140073,1,1,12,
4,14,1413,2,670,140073,3,1,12,
4,14,1413,2,670,140073,8,1,12,
4,14,1413,2,670,140073,10,1,12,
4,14,1413,2,670,140073,11,1,12,
4,14,1413,2,670,140076,1,1,1,
4,14,1413,2,670,140076,3,1,11,
4,14,1413,2,670,140076,5,1,11,
4,14,1413,2,670,140076,6,1,11,
4,14,1413,2,670,140076,10,1,1,
4,14,1413,2,670,140077,1,1,1,
4,14,1413,2,670,140077,6,1,11,
4,14,1413,2,670,140078,1,1,1,
4,14,1413,2,670,140078,3,1,1,
4,14,1413,2,670,140078,7,1,1,
4,14,1413,2,670,140078,10,1,11,
4,14,1410,2,236,140087,3,1,12,
4,14,1410,2,236,140087,4,1,12,
4,14,1410,2,236,140087,8,1,12,
4,14,1410,2,236,140087,10,1,12,
4,14,1410,2,236,140088,1,1,12,
4,14,1410,2,236,140088,3,1,12,
4,14,1410,2,236,140088,8,1,12,
4,14,1410,2,236,140089,1,1,11,
4,14,1410,2,236,140089,6,1,11,
4,14,1410,2,236,140089,10,1,11,
4,14,1410,2,236,140090,1,1,1,
4,14,1410,2,236,140090,6,1,1,
4,14,1410,2,236,140090,10,1,11,
4,14,1408,2,968,140101,1,1,11,
4,14,1408,2,968,140101,7,1,11,
4,14,1408,2,968,140102,1,1,11,
4,14,1408,2,968,140102,6,1,11,
4,14,1408,2,968,140102,10,1,11,
4,14,1408,2,968,140103,1,1,11,
4,14,1408,2,968,140104,6,1,12,
4,14,1408,2,968,140104,8,1,12,
4,14,1408,2,968,140105,1,1,12,
4,14,1408,2,968,140105,3,1,12,
4,14,1408,2,968,140105,8,1,12,
4,14,1408,2,968,140105,10,1,12,
4,14,1408,2,968,140106,2,1,12,
4,14,1408,2,968,140106,3,1,12,
4,14,1411,2,1066,140117,1,1,12,
4,14,1411,2,1066,140117,11,1,12,
4,14,1411,2,1066,140118,3,1,12,
4,14,1411,2,1066,140118,10,1,12,
4,14,1411,2,1066,140118,11,1,12,
4,14,1411,2,1066,140119,1,1,1,
4,14,1411,2,1066,140119,6,1,11,
4,14,1411,2,1066,140120,1,1,1,
4,14,1411,2,1066,140120,5,1,11,
4,14,1411,2,1066,140120,6,1,11,
4,14,1411,2,1066,140120,10,1,1,
4,14,1416,2,2314,140121,1,1,12,
4,14,1416,2,2314,140121,2,1,14,
4,14,1416,2,2314,140121,3,1,14,
4,14,1416,2,2314,140121,8,1,12,
4,14,1416,2,2314,140122,3,1,12,
4,14,1416,2,2314,140122,8,1,12,
4,14,1416,2,2314,140122,10,1,12,
4,14,1416,2,2314,140122,11,1,12,
4,14,1416,2,2314,140123,3,1,12,
4,14,1416,2,2314,140129,1,1,1,
4,14,1416,2,2314,140129,6,1,11,
4,14,1416,2,2314,140130,1,1,1,
4,14,1416,2,2314,140130,5,1,11,
4,14,1416,2,2314,140130,6,1,1,
4,14,1416,2,2314,140130,10,1,11,
2,15,1506,1,398,150002,11,1,2,
2,15,1508,2,1682,150012,3,1,9,
2,15,1508,2,1682,150012,10,1,2,
2,15,1508,2,1682,150012,11,1,2,
2,15,1508,2,1682,150013,2,1,8,
2,15,1508,2,1682,150013,3,1,8,
2,15,1508,2,1682,150018,1,1,11,
2,15,1508,2,1682,150018,2,1,11,
2,15,1508,2,1682,150018,3,1,11,
2,15,1510,2,616,150045,1,1,10,
2,15,1510,2,616,150045,2,1,10,
2,15,1510,2,616,150045,3,1,10,
2,15,1510,2,616,150045,10,1,10,
2,15,1510,2,616,150045,11,1,10,
2,15,1510,2,616,150047,1,1,1,
2,15,1510,2,616,150047,3,1,1,
2,15,1510,2,616,150047,11,1,1,
2,15,1507,2,458,150051,1,1,1,
2,15,1507,2,458,150051,3,1,1,
2,15,1507,2,458,150051,11,1,1,
2,15,1503,2,634,150067,1,1,2,
2,15,1503,2,634,150067,2,1,2,
2,15,1503,2,634,150067,3,1,2,
2,15,1503,2,634,150070,1,1,2,
2,15,1503,2,634,150070,2,1,2,
2,15,1503,2,634,150070,3,1,2,
2,15,1506,1,148,150077,1,1,2,
2,15,1506,1,148,150077,2,1,2,
2,15,1506,1,148,150077,3,1,2,
2,15,1506,1,148,150077,10,1,2,
2,15,1506,1,148,150077,11,1,2,
2,15,1506,1,148,150078,1,1,2,
2,15,1506,1,148,150078,2,1,2,
2,15,1506,1,148,150078,3,1,2,
4,16,1610,2,1006,160013,2,1,1,
4,16,1616,2,296,160061,11,1,1,
4,16,1616,2,296,160064,1,1,1,
4,16,1616,2,296,160067,1,1,9,
4,16,1616,2,296,160067,2,1,9,
4,16,1620,2,106,160078,11,1,2,
4,16,1601,2,954,160092,10,1,8,
4,16,1601,2,954,160092,11,1,1,
4,16,1624,1,286,160102,3,1,11,
4,16,1624,1,286,160110,1,1,1,"GOVERNMENT SERV"
4,16,1624,1,286,160113,1,1,14,"ADVICE FRM FARM"
4,16,1624,1,286,160132,1,1,11,
4,16,1624,1,286,160133,1,1,11,"PEER FARMER"
4,16,1612,2,108,160186,1,1,1,
4,16,1612,2,108,160186,10,1,1,
4,16,1612,2,108,160186,11,1,5,
4,16,1612,2,108,160186,12,1,6,
3,17,1719,2,1354,170015,3,1,1,
3,17,1719,2,1354,170016,3,1,1,
3,17,1704,2,1080,170023,3,1,1,
3,17,1704,1,2074,170038,10,1,9,
3,17,1722,2,96,170043,11,1,1,
3,17,1722,2,96,170047,12,1,11,
3,17,1715,2,2244,170054,11,1,2,
3,17,1715,2,2244,170059,11,1,12,
3,17,1710,2,546,170061,11,1,1,
3,17,1713,1,226,170079,10,1,1,
3,17,1716,2,1452,170081,11,1,1,
3,17,1716,2,1452,170087,11,1,1,
3,17,1702,2,510,170091,11,1,2,
3,17,1702,2,510,170100,11,1,2,
3,17,1727,2,634,170106,11,1,1,
3,17,1727,2,634,170109,11,1,2,
3,17,1712,2,794,170113,11,1,2,
3,18,1803,2,840,180032,6,1,5,
3,18,1803,2,840,180032,10,1,8,
3,18,1803,2,840,180033,1,1,11,
3,18,1803,2,840,180033,2,1,11,
3,18,1803,2,840,180033,3,1,11,
3,18,1803,2,840,180034,1,1,11,
3,18,1803,2,840,180034,2,1,11,
3,18,1803,2,840,180034,3,1,11,
3,18,1803,2,840,180034,4,1,11,
3,18,1803,2,840,180034,11,1,11,
3,18,1803,2,840,180037,6,1,8,
3,18,1803,2,840,180038,1,1,2,
3,18,1803,2,840,180038,2,1,2,
3,18,1803,2,840,180038,3,1,2,
3,18,1803,2,840,180038,4,1,2,
3,18,1803,2,840,180038,5,1,2,
3,18,1803,2,840,180038,6,1,5,
3,18,1803,2,840,180038,10,1,2,
3,18,1803,2,840,180038,11,1,2,
3,18,1816,1,378,180042,3,1,1,
3,18,1816,1,378,180042,4,1,1,
3,18,1816,1,378,180042,6,1,1,
3,18,1816,1,378,180048,1,1,1,
3,18,1816,1,378,180048,2,1,5,
3,18,1816,1,378,180048,3,1,5,
3,18,1816,1,378,180049,3,1,4,
3,18,1816,1,378,180049,6,1,11,
3,18,1805,2,534,180052,1,1,11,
3,18,1805,2,534,180052,2,1,11,
3,18,1805,2,534,180052,3,1,11,
3,18,1805,2,534,180052,4,1,11,
3,18,1805,2,534,180052,10,1,11,
3,18,1805,2,534,180052,11,1,11,
3,18,1805,2,534,180054,3,1,11,
3,18,1805,2,534,180056,6,1,11,
3,18,1805,2,534,180058,11,1,2,
3,18,1817,2,370,180064,1,1,5,
3,18,1817,2,370,180064,3,1,10,
3,18,1817,2,370,180064,4,1,10,
3,18,1817,2,370,180065,1,1,2,
3,18,1817,2,370,180065,3,1,11,
3,18,1817,2,370,180065,4,1,11,
3,18,1817,2,370,180065,10,1,11,
3,18,1817,2,370,180065,11,1,11,
3,18,1808,2,1726,180072,1,1,9,
3,18,1808,2,1726,180073,11,1,2,
3,18,1808,2,1726,180077,2,1,11,
3,18,1808,2,1726,180077,3,1,11,
3,18,1808,2,1726,180077,11,1,11,
3,18,1808,2,1726,180078,3,1,11,
3,18,1808,2,1726,180078,4,1,11,
3,18,1808,2,1726,180078,5,1,11,
3,18,1808,2,1726,180078,6,1,11,
3,18,1808,2,1726,180078,8,1,11,
3,18,1808,2,1726,180078,11,1,11,
3,18,1811,2,364,180082,5,1,11,
3,18,1811,2,364,180082,10,1,11,
3,18,1811,2,364,180082,11,1,11,
3,18,1811,2,364,180085,3,1,11,
3,18,1811,2,364,180085,5,1,11,
3,18,1811,2,364,180085,6,1,11,
3,18,1811,2,364,180087,6,1,10,
3,18,1811,2,364,180090,6,1,12,
3,18,1820,2,450,180094,10,1,11,
3,18,1820,2,450,180096,3,1,11,
3,18,1820,2,450,180096,11,1,11,
3,18,1820,2,450,180098,1,1,12,
3,18,1820,2,450,180098,2,1,12,
3,18,1820,2,450,180098,3,1,11,
3,18,1820,2,450,180098,4,1,11,
3,18,1820,2,450,180098,8,1,12,
3,18,1820,2,450,180098,11,1,12,
3,18,1820,2,450,180098,12,1,12,
3,18,1822,2,1654,180107,3,1,1,
3,18,1822,2,1654,180110,3,1,11,
3,18,1822,2,1654,180110,11,1,11,
3,18,1814,2,678,180112,3,1,11,
3,18,1814,2,678,180112,10,1,11,
3,18,1814,2,678,180112,11,1,11,
3,18,1814,2,678,180113,4,1,11,
3,18,1814,2,678,180113,10,1,11,
3,18,1814,2,678,180113,11,1,11,
3,18,1814,2,678,180117,10,1,11,
3,18,1814,2,678,180119,2,1,11,
3,18,1814,2,678,180119,3,1,11,
3,18,1814,2,678,180119,5,1,11,
3,18,1814,2,678,180119,10,1,12,
3,18,1814,2,678,180119,11,1,11,
3,19,1925,1,2858,190107,1,1,1,
3,19,1925,1,2858,190108,1,1,1,
3,19,1925,1,2858,190108,2,1,1,
3,19,1925,1,2858,190108,3,1,1,
3,19,1925,1,2858,190108,5,1,1,
3,19,1925,1,2858,190108,10,1,1,
3,19,1925,1,2858,190108,11,1,1,
3,19,1905,2,1290,190123,1,1,11,
3,19,1905,2,1290,190123,2,1,11,
3,19,1905,2,1290,190123,3,1,11,
3,19,1910,2,808,190131,1,1,1,
3,19,1910,2,808,190131,3,1,1,
3,19,1910,2,808,190137,1,1,2,
3,19,1910,2,808,190139,2,1,11,
3,19,1910,2,808,190139,3,1,2,
3,19,1910,2,808,190139,11,1,,
3,19,1919,2,366,190163,11,1,2,"2"
3,19,1928,2,526,190177,11,1,11,
3,19,1923,2,284,190195,2,1,2,
3,19,1923,2,284,190195,3,1,11,
3,19,1923,2,284,190195,5,1,11,
3,19,1923,2,284,190195,11,1,11,
3,19,1923,2,284,190196,1,1,11,
3,19,1923,2,284,190196,2,1,11,
3,19,1923,2,284,190196,3,1,11,
3,20,2018,2,1134,200016,3,1,12,
3,20,2018,2,1134,200017,1,1,12,
3,20,2018,2,1134,200018,1,1,12,
3,20,2005,2,970,200029,1,1,12,
3,20,2005,2,970,200030,2,1,12,
3,20,2003,2,784,200035,3,1,11,
3,20,2003,2,784,200036,3,1,11,
3,20,2003,2,784,200039,8,1,12,
3,20,2003,2,784,200040,1,1,12,
3,20,2030,2,1050,200044,3,1,11,
3,20,2015,2,1746,200072,3,1,10,
3,20,2015,2,1746,200072,10,1,12,
3,20,2001,2,1354,200095,1,1,12,
3,20,2001,2,1354,200095,2,1,12,
3,20,2001,2,1354,200097,1,1,12,
3,20,2001,2,1354,200097,8,1,12,
3,20,2025,2,760,200103,3,1,14,
3,20,2025,2,760,200106,3,1,14,
3,20,2025,2,1304,200113,1,1,12,
3,20,2025,2,1304,200113,2,1,12,
3,20,2025,2,1304,200113,8,1,5,
3,20,2008,2,1474,200143,1,1,12,
3,20,2008,2,1474,200143,2,1,12,
3,20,2008,2,1474,200148,1,1,10,
3,20,2008,2,1474,200148,2,1,12,
3,20,2013,2,1232,200156,1,1,12,
3,20,2013,2,1232,200156,2,1,12,
3,20,2028,2,498,200163,1,1,11,
3,20,2028,2,498,200163,2,1,12,
3,20,2028,2,498,200164,1,1,2,
3,20,2028,2,498,200164,2,1,5,
3,20,2028,2,498,200164,8,1,12,
3,20,2028,2,498,200167,1,1,2,
3,20,2028,2,498,200167,2,1,12,
3,20,2028,2,498,200167,8,1,5,
3,21,2106,2,2822,210002,11,1,11,
3,21,2106,2,2822,210007,11,1,1,
3,21,2106,2,236,210011,10,1,1,
3,21,2106,2,236,210011,11,1,1,
3,21,2106,2,236,210016,3,1,11,
3,21,2106,2,236,210016,5,1,11,
3,21,2106,2,236,210018,1,1,11,
3,21,2106,2,236,210018,3,1,11,
3,21,2106,2,236,210019,2,1,11,
3,21,2106,2,236,210019,3,1,11,
3,21,2109,2,38,210021,1,1,11,
3,21,2109,2,38,210021,2,1,11,
3,21,2109,2,38,210021,3,1,11,
3,21,2109,2,38,210021,4,1,11,
3,21,2109,2,38,210021,11,1,11,
3,21,2109,2,38,210023,3,1,11,
3,21,2109,2,38,210026,3,1,11,
3,21,2109,2,38,210030,3,1,11,
3,21,2109,2,38,210030,4,1,11,
3,21,2109,2,38,210030,5,1,11,
3,21,2119,2,3956,210031,1,1,11,
3,21,2119,2,3956,210031,3,1,11,
3,21,2119,2,3956,210034,1,1,11,
3,21,2119,2,3956,210034,3,1,11,
3,21,2119,2,3956,210037,1,1,11,
3,21,2119,2,3956,210037,2,1,11,
3,21,2119,2,2146,210041,1,1,1,
3,21,2119,2,2146,210041,2,1,1,
3,21,2119,2,2146,210041,3,1,1,
3,21,2119,2,2146,210041,5,1,1,
3,21,2119,2,2146,210046,1,1,11,
3,21,2119,2,2146,210046,3,1,11,
3,21,2119,2,2146,210046,10,1,1,
3,21,2119,2,2146,210046,11,1,1,
3,21,2119,2,2146,210047,6,1,1,
3,21,2119,2,2146,210047,8,1,1,
3,21,2119,2,2146,210047,10,1,1,
3,21,2119,2,2146,210047,11,1,1,
3,21,2117,2,554,210062,1,1,11,
3,21,2117,2,554,210064,1,1,1,
3,21,2117,2,554,210064,2,1,1,
3,21,2117,2,554,210064,3,1,1,
3,21,2117,2,554,210064,4,1,1,
3,21,2117,2,554,210064,5,1,1,"."
3,21,2117,2,554,210064,6,1,1,
3,21,2117,2,554,210064,10,1,1,
3,21,2117,2,554,210064,11,1,1,
3,21,2117,2,554,210064,12,1,1,
3,21,2117,2,554,210067,1,1,1,
3,21,2117,2,554,210067,2,1,1,
3,21,2117,2,554,210067,3,1,1,
3,21,2117,2,554,210067,4,1,1,
3,21,2117,2,554,210067,5,1,1,
3,21,2117,2,554,210067,6,1,1,
3,21,2117,2,554,210067,10,1,1,
3,21,2117,2,554,210067,11,1,1,
3,21,2117,2,554,210067,12,1,1,
3,21,2117,2,554,210068,1,1,11,
3,21,2117,2,554,210068,3,1,11,
3,21,2108,1,520,210072,1,1,1,
3,21,2108,1,520,210072,2,1,1,
3,21,2108,1,520,210072,10,1,1,
3,21,2108,1,520,210076,1,1,11,
3,21,2108,1,520,210076,3,1,11,
3,21,2108,1,520,210078,1,1,11,
3,21,2102,2,1124,210082,1,1,11,
3,21,2102,2,1124,210086,5,1,1,
3,21,2102,2,1124,210086,6,1,1,
3,21,2102,2,1124,210086,8,1,1,
3,21,2102,2,1124,210086,9,1,1,
3,21,2102,2,1124,210086,10,1,1,
3,21,2102,2,1124,210086,11,1,1,
3,21,2102,2,1124,210086,12,1,1,
3,21,2102,2,1124,210087,5,1,11,
3,21,2102,2,1124,210089,3,1,11,
3,21,2111,2,180,210095,3,1,11,
3,21,2111,2,180,210096,3,1,11,
1,22,2209,1,792,220047,11,1,1,
1,23,2308,1,5180,230003,1,1,12,
1,23,2308,1,5180,230003,3,1,12,
1,23,2308,1,5180,230003,10,1,12,
1,23,2308,1,5180,230008,1,1,12,
1,23,2308,1,5180,230008,2,1,12,
1,23,2308,1,5180,230008,3,1,12,
1,23,2308,1,5180,230008,11,1,12,
1,23,2308,1,5180,230009,8,1,12,
1,23,2308,1,5180,230009,11,1,12,
1,23,2307,1,2316,230019,11,1,12,
1,23,2307,1,78,230024,1,1,12,
1,23,2307,1,78,230024,10,1,12,
1,23,2307,1,78,230027,11,1,12,
1,23,2307,1,78,230030,10,1,12,
1,23,2306,1,970,230031,11,1,12,
1,23,2315,2,924,230051,10,1,1,
1,23,2315,2,924,230051,11,1,1,
1,23,2304,2,322,230071,10,1,12,
1,23,2304,2,322,230079,10,1,12,
1,23,2302,2,1982,230092,10,1,14,
1,23,2302,2,1982,230092,11,1,14,
1,23,2302,2,1982,230097,11,1,11,
6,24,2407,2,396,240161,1,1,5,
6,24,2407,2,396,240161,3,1,5,
6,24,2407,2,396,240161,6,1,5,
6,24,2407,2,396,240161,8,1,5,
6,24,2407,2,396,240163,3,1,11,
6,24,2407,2,396,240164,1,1,1,
6,24,2407,2,396,240164,2,1,1,
6,24,2407,2,396,240164,3,1,1,
6,24,2407,2,396,240165,1,1,1,
6,24,2407,2,396,240165,2,1,1,
6,24,2407,2,396,240165,3,1,1,
6,24,2407,2,396,240165,5,1,1,
6,24,2407,2,396,240165,6,1,1,
6,24,2407,2,396,240168,2,1,1,
6,24,2407,2,396,240168,3,1,5,
6,24,2407,2,396,240168,6,1,5,
6,24,2407,2,396,240168,8,1,1,
6,24,2407,2,396,240169,3,1,1,
6,24,2407,2,396,240170,4,1,1,
1,25,2508,1,2788,250007,1,1,11,
1,25,2508,1,2788,250007,2,1,11,
1,25,2508,1,2788,250007,3,1,11,
1,25,2508,1,2788,250007,4,1,11,
1,25,2508,1,2788,250007,5,1,11,
1,25,2504,2,222,250011,2,1,14,"FARM INPUT TRAD"
1,25,2504,2,222,250011,3,1,14,"INPUT TRADER"
1,25,2504,2,222,250011,4,1,11,
1,25,2504,2,222,250011,5,1,11,
1,25,2504,2,222,250011,8,1,11,
1,25,2504,2,222,250011,10,1,11,
1,25,2504,2,222,250011,11,1,11,
1,25,2504,2,222,250014,1,1,1,
1,25,2504,2,222,250014,2,1,1,
1,25,2504,2,222,250014,3,1,1,
1,25,2509,2,248,250021,1,1,11,
1,25,2509,2,248,250021,2,1,11,
1,25,2509,2,248,250021,3,1,11,
1,25,2509,2,248,250021,4,1,11,
1,25,2509,2,248,250030,1,1,11,
1,25,2509,2,248,250030,2,1,11,
1,25,2509,2,248,250030,3,1,11,
1,25,2509,2,248,250030,6,1,11,
1,25,2511,2,1424,250062,1,1,4,
1,26,2606,1,516,260010,10,1,12,
1,26,2618,2,1276,260022,1,1,1,
1,26,2618,2,1276,260022,2,1,1,
1,26,2618,2,1276,260022,3,1,1,
1,26,2618,2,1276,260023,1,1,1,
1,26,2618,2,1276,260023,2,1,1,
1,26,2618,2,1276,260023,3,1,1,
1,26,2618,2,1276,260023,4,1,1,
1,26,2618,2,1276,260023,5,1,1,
1,26,2618,2,1276,260023,6,1,1,
1,26,2618,2,1276,260023,7,1,1,
1,26,2618,2,1276,260023,8,1,1,
1,26,2618,2,1276,260023,9,1,1,
1,26,2618,2,1276,260023,10,1,1,
1,26,2618,2,1276,260023,11,1,1,
1,26,2618,2,1276,260023,12,1,1,
1,26,2618,2,1276,260025,1,1,1,
1,26,2618,2,1276,260025,3,1,1,
1,26,2618,2,494,260032,1,1,1,
1,26,2618,2,494,260032,2,1,1,
1,26,2618,2,494,260034,1,1,1,
1,26,2618,2,494,260034,2,1,1,
1,26,2618,2,494,260034,3,1,1,
1,26,2618,2,494,260034,4,1,1,
1,26,2618,2,494,260034,5,1,1,
1,26,2618,2,494,260034,6,1,1,
1,26,2618,2,494,260034,8,1,1,
1,26,2618,2,494,260034,9,1,1,
1,26,2618,2,494,260034,10,1,1,
1,26,2618,2,494,260034,11,1,1,
1,26,2618,2,494,260034,12,1,1,
1,26,2615,2,2196,260053,10,1,13,
1,26,2615,2,2196,260053,11,1,13,
1,26,2615,2,2196,260054,10,1,13,
1,26,2615,2,2196,260054,11,1,13,
1,26,2615,2,2196,260055,11,1,2,
1,26,2615,2,2196,260057,10,1,1,
1,26,2615,2,2196,260057,11,1,1,
1,26,2621,2,100,260073,10,1,13,
1,26,2621,2,100,260076,10,1,13,
1,26,2621,2,100,260080,10,1,12,
1,26,2611,2,424,260082,2,1,12,
1,26,2611,2,424,260084,2,1,12,
1,26,2611,2,424,260085,3,1,12,
1,26,2605,2,594,260091,3,1,2,
1,26,2605,2,594,260092,1,1,1,
1,26,2605,2,594,260092,2,1,1,
1,26,2605,2,594,260092,3,1,1,
1,26,2605,2,594,260092,6,1,1,
1,26,2605,2,594,260092,10,1,1,
1,26,2605,2,594,260092,11,1,1,
1,26,2605,2,594,260093,1,1,1,
1,26,2605,2,594,260093,3,1,1,
1,26,2605,2,594,260093,11,1,1,
1,26,2605,2,594,260097,1,1,8,
1,26,2605,2,594,260097,3,1,8,
1,26,2605,2,594,260097,11,1,14,
1,26,2605,2,594,260098,1,1,1,
1,26,2605,2,594,260098,3,1,1,
1,26,2605,2,594,260098,11,1,1,
1,26,2613,2,2248,260124,1,1,1,
1,26,2613,2,2248,260124,2,1,1,
1,26,2613,2,2248,260124,3,1,1,
1,26,2613,2,2248,260124,9,1,1,
1,26,2613,2,2248,260126,1,1,1,
1,26,2613,2,2248,260126,2,1,1,
1,26,2613,2,2248,260126,10,1,1,
1,26,2613,2,2248,260127,1,1,1,
1,26,2613,2,2248,260127,2,1,1,
1,26,2613,2,2248,260127,3,1,1,
1,26,2613,2,2248,260128,2,1,1,
1,26,2613,2,2248,260128,6,1,1,
1,26,2613,2,2248,260130,1,1,1,
1,26,2613,2,2248,260130,11,1,1,
1,26,2613,2,1462,260152,1,1,1,
1,26,2613,2,1462,260152,11,1,2,
1,26,2613,2,1462,260153,10,1,2,
1,26,2613,2,1462,260153,11,1,2,
1,26,2613,2,1462,260153,12,1,3,
1,26,2613,2,1462,260155,1,1,1,
1,26,2613,2,1462,260155,2,1,1,
1,26,2613,2,1462,260155,6,1,1,
1,26,2613,2,1462,260155,10,1,1,
1,26,2616,2,254,260161,1,1,1,
1,26,2616,2,254,260161,3,1,1,
1,26,2616,2,254,260161,11,1,1,
1,26,2616,2,254,260165,3,1,5,
1,26,2616,2,254,260166,10,1,1,
1,26,2616,2,254,260166,11,1,1,
1,26,2625,2,926,260174,10,1,14,
1,26,2625,2,926,260174,11,1,14,
6,28,2802,2,566,280048,10,1,14,
6,28,2802,2,566,280048,11,1,14,
6,28,2811,2,588,280053,1,1,1,
6,28,2811,2,588,280054,1,1,1,
6,28,2811,2,588,280054,2,1,1,
6,29,2911,2,1870,290101,1,1,1,
6,29,2923,2,1126,290114,2,1,1,
6,29,2923,2,1126,290116,2,1,1,
6,29,2902,1,1028,290135,1,1,1,"GOVERNMENT AGRI"
6,29,2920,1,506,290142,11,1,1,
6,29,2920,1,1210,290158,1,1,1,
6,29,2914,1,214,290161,11,1,14,"VETENARY DOC."
6,29,2920,2,1628,290179,2,1,2,
6,30,3018,2,914,300028,10,1,14,
6,30,3018,2,914,300028,11,1,14,
6,30,3018,2,914,300030,10,1,11,
6,30,3018,2,914,300030,11,1,11,
6,30,3012,2,334,300032,8,1,4,
6,30,3012,2,334,300033,3,1,11,
6,30,3012,2,334,300034,3,1,11,
6,30,3014,2,120,300042,1,1,12,
6,30,3014,2,120,300042,2,1,12,
6,30,3014,2,120,300042,6,1,3,
6,30,3014,2,120,300042,8,1,12,
6,30,3014,2,120,300045,1,1,5,
6,30,3014,2,120,300045,2,1,5,
6,30,3014,2,120,300045,3,1,5,
6,30,3014,2,120,300045,6,1,12,
6,30,3014,2,120,300045,8,1,12,
6,30,3014,2,120,300049,8,1,14,
6,30,3014,2,120,300050,1,1,5,
6,30,3014,2,120,300050,2,1,5,
6,30,3014,2,120,300050,3,1,5,
6,30,3014,2,120,300050,5,1,5,
6,30,3014,2,120,300050,6,1,5,
6,30,3014,2,120,300050,8,1,12,
6,30,3005,1,2942,300098,8,1,12,
6,30,3005,1,2942,300098,10,1,2,
6,30,3005,1,2942,300098,11,1,2,
6,30,3005,1,2942,300098,12,1,9,
6,30,3020,1,322,300129,11,1,2,"12"
6,30,3030,1,946,300151,8,1,1,
1,31,3101,2,604,310014,1,1,8,
1,31,3101,2,604,310017,10,1,2,
1,31,3101,2,604,310017,11,1,2,
1,31,3101,2,604,310019,1,1,1,
1,31,3101,2,604,310020,3,1,11,
1,31,3115,2,680,310022,1,1,11,"22"
1,31,3115,2,680,310022,4,1,11,
1,31,3107,2,1092,310045,3,1,10,
1,31,3109,2,1026,310075,1,1,1,
1,31,3112,2,350,310081,10,1,14,
1,31,3112,2,350,310090,3,1,10,
1,31,3116,2,1344,310093,1,1,14,
1,31,3103,2,874,310101,1,1,10,
5,32,3223,2,578,320033,1,1,12,
5,32,3223,2,578,320034,1,1,12,
5,32,3209,1,1208,320043,1,1,12,
5,32,3209,1,1208,320043,3,1,12,
5,32,3223,2,390,320156,1,1,12,"2"
5,32,3221,2,132,320169,1,1,11,
5,32,3221,2,132,320169,3,1,12,
5,32,3210,2,1692,320179,1,1,12,
5,32,3210,2,1692,320179,3,1,11,
5,32,3210,2,1692,320179,6,1,12,
5,32,3213,2,128,320181,1,1,12,
5,32,3213,2,128,320181,3,1,12,
5,32,3213,2,128,320181,6,1,1,
5,32,3213,2,128,320182,1,1,11,
5,32,3213,2,128,320182,3,1,12,
5,32,3213,2,128,320182,6,1,11,
5,32,3212,2,314,320195,1,1,12,
5,32,3212,2,314,320195,3,1,11,
5,32,3212,2,314,320195,6,1,11,
3,33,3321,1,1182,330005,3,1,11,
3,33,3321,1,1182,330005,11,1,12,
3,33,3321,1,1182,330006,3,1,1,
3,33,3321,1,1182,330006,4,1,1,
3,33,3321,1,1182,330007,5,1,11,
3,33,3321,1,1182,330009,1,1,11,
3,33,3321,1,1182,330009,5,1,11,
3,33,3321,1,1182,330009,6,1,11,
3,33,3321,1,1182,330009,11,1,11,
3,33,3311,1,702,330011,1,1,1,
3,33,3311,1,702,330011,2,1,1,
3,33,3311,1,702,330011,3,1,1,
3,33,3311,1,702,330011,4,1,1,
3,33,3311,1,702,330011,5,1,1,
3,33,3311,1,702,330011,6,1,1,
3,33,3311,1,702,330011,10,1,1,
3,33,3311,1,702,330011,11,1,1,
3,33,3311,1,702,330012,3,1,11,
3,33,3311,1,702,330012,5,1,11,
3,33,3311,1,702,330012,10,1,5,
3,33,3311,1,702,330012,11,1,10,
3,33,3311,1,702,330013,1,1,1,
3,33,3311,1,702,330013,2,1,1,
3,33,3311,1,702,330013,3,1,11,
3,33,3311,1,702,330013,4,1,10,
3,33,3311,1,702,330014,1,1,1,
3,33,3311,1,702,330014,2,1,1,
3,33,3311,1,702,330014,3,1,1,
3,33,3311,1,702,330014,4,1,1,
3,33,3311,1,702,330014,6,1,1,
3,33,3311,1,702,330014,8,1,1,
3,33,3311,1,702,330014,10,1,1,
3,33,3311,1,702,330014,11,1,1,
3,33,3311,1,702,330016,1,1,1,
3,33,3311,1,702,330016,2,1,1,
3,33,3311,1,702,330016,3,1,1,
3,33,3311,1,702,330016,4,1,1,
3,33,3311,1,702,330016,5,1,1,
3,33,3311,1,702,330016,6,1,1,
3,33,3311,1,702,330016,8,1,1,
3,33,3311,1,702,330016,10,1,1,
3,33,3311,1,702,330016,11,1,1,
3,33,3311,1,702,330018,2,1,11,
3,33,3311,1,702,330018,3,1,10,
3,33,3311,1,702,330019,2,1,11,
3,33,3311,1,702,330019,3,1,11,
3,33,3310,2,476,330021,2,1,11,
3,33,3310,2,476,330021,3,1,11,
3,33,3310,2,476,330021,10,1,10,
3,33,3310,2,476,330022,3,1,11,
3,33,3310,2,476,330023,1,1,11,
3,33,3310,2,476,330023,2,1,12,
3,33,3310,2,476,330023,3,1,11,
3,33,3310,2,476,330024,1,1,1,
3,33,3310,2,476,330024,2,1,1,
3,33,3310,2,476,330024,3,1,1,
3,33,3310,2,476,330024,4,1,1,
3,33,3310,2,476,330024,5,1,,
3,33,3310,2,476,330024,10,1,1,
3,33,3310,2,476,330024,11,1,1,
3,33,3310,2,476,330025,3,1,11,
3,33,3310,2,476,330025,10,1,11,
3,33,3310,2,476,330025,11,1,11,
3,33,3310,2,476,330026,1,1,11,
3,33,3310,2,476,330026,2,1,11,
3,33,3310,2,476,330026,3,1,12,
3,33,3310,2,476,330026,4,1,12,
3,33,3310,2,476,330026,6,1,12,
3,33,3310,2,476,330026,10,1,11,
3,33,3310,2,476,330026,11,1,11,
3,33,3310,2,476,330028,5,1,11,
3,33,3310,2,476,330028,10,1,11,
3,33,3310,2,476,330028,11,1,11,
3,33,3310,2,476,330029,3,1,11,
3,33,3310,2,476,330029,6,1,11,
3,33,3310,2,476,330030,1,1,1,
3,33,3310,2,476,330030,2,1,1,
3,33,3310,2,476,330030,3,1,1,
3,33,3310,2,476,330030,6,1,1,
3,33,3323,2,92,330031,1,1,11,
3,33,3323,2,92,330031,2,1,12,
3,33,3323,2,92,330031,3,1,11,
3,33,3323,2,92,330031,10,1,11,
3,33,3323,2,92,330031,11,1,11,
3,33,3323,2,92,330032,3,1,11,
3,33,3323,2,92,330032,11,1,11,
3,33,3323,2,92,330033,3,1,11,
3,33,3323,2,92,330033,4,1,11,
3,33,3323,2,92,330033,11,1,11,
3,33,3323,2,92,330034,3,1,12,
3,33,3323,2,92,330034,4,1,2,
3,33,3323,2,92,330035,1,1,12,
3,33,3323,2,92,330035,2,1,11,
3,33,3323,2,92,330035,3,1,11,
3,33,3323,2,92,330035,10,1,12,
3,33,3323,2,92,330036,1,1,1,
3,33,3323,2,92,330036,2,1,1,
3,33,3323,2,92,330036,3,1,11,
3,33,3323,2,92,330036,6,1,11,
3,33,3323,2,92,330036,10,1,11,
3,33,3323,2,92,330038,2,1,1,
3,33,3323,2,92,330038,3,1,1,
3,33,3323,2,92,330038,5,1,1,
3,33,3323,2,92,330040,3,1,10,
3,33,3323,2,92,330040,11,1,11,
3,33,3318,2,30,330041,1,1,12,
3,33,3318,2,30,330041,2,1,12,
3,33,3318,2,30,330041,3,1,12,
3,33,3318,2,30,330041,5,1,11,
3,33,3318,2,30,330041,10,1,11,
3,33,3318,2,30,330041,11,1,11,
3,33,3318,2,30,330042,1,1,12,
3,33,3318,2,30,330042,2,1,12,
3,33,3318,2,30,330042,3,1,11,
3,33,3318,2,30,330042,4,1,12,
3,33,3318,2,30,330042,5,1,11,
3,33,3318,2,30,330042,6,1,11,
3,33,3318,2,30,330042,10,1,11,
3,33,3318,2,30,330042,11,1,12,
3,33,3318,2,30,330043,1,1,11,
3,33,3318,2,30,330043,2,1,11,
3,33,3318,2,30,330043,3,1,11,
3,33,3318,2,30,330043,5,1,11,
3,33,3318,2,30,330043,6,1,11,
3,33,3318,2,30,330044,3,1,11,
3,33,3318,2,30,330045,1,1,12,
3,33,3318,2,30,330046,5,1,11,
3,33,3318,2,30,330046,10,1,11,
3,33,3318,2,30,330047,1,1,11,
3,33,3318,2,30,330047,3,1,11,
3,33,3318,2,30,330049,1,1,11,
3,33,3318,2,30,330049,3,1,12,
3,33,3318,2,30,330050,2,1,12,
3,33,3318,2,30,330050,3,1,11,
3,33,3313,2,930,330051,1,1,11,
3,33,3313,2,930,330051,2,1,12,
3,33,3313,2,930,330051,3,1,12,
3,33,3313,2,930,330051,4,1,11,
3,33,3313,2,930,330051,5,1,11,
3,33,3313,2,930,330051,10,1,1,
3,33,3313,2,930,330051,11,1,12,
3,33,3313,2,930,330052,1,1,11,
3,33,3313,2,930,330052,2,1,11,
3,33,3313,2,930,330052,3,1,11,
3,33,3313,2,930,330052,10,1,12,
3,33,3313,2,930,330052,11,1,12,
3,33,3313,2,930,330053,3,1,11,
3,33,3313,2,930,330053,10,1,11,
3,33,3313,2,930,330055,1,1,11,
3,33,3313,2,930,330055,2,1,11,
3,33,3313,2,930,330055,11,1,12,
3,33,3313,2,930,330056,1,1,11,
3,33,3313,2,930,330056,2,1,12,
3,33,3313,2,930,330056,3,1,11,
3,33,3313,2,930,330056,11,1,12,
3,33,3313,2,930,330057,3,1,11,
3,33,3313,2,930,330058,3,1,11,
3,33,3313,2,930,330059,6,1,11,
3,33,3313,2,930,330059,10,1,11,
3,33,3313,2,930,330060,1,1,1,
3,33,3313,2,930,330060,2,1,1,
3,33,3313,2,930,330060,3,1,1,
3,33,3313,2,930,330060,5,1,11,
3,33,3313,2,930,330060,6,1,1,
3,33,3313,2,930,330060,10,1,12,
3,33,3313,2,930,330060,11,1,1,
3,33,3304,2,418,330061,5,1,11,
3,33,3304,2,418,330061,6,1,11,
3,33,3304,2,418,330062,1,1,12,
3,33,3304,2,418,330062,3,1,11,
3,33,3304,2,418,330062,5,1,12,
3,33,3304,2,418,330063,5,1,11,
3,33,3304,2,418,330063,6,1,11,
3,33,3304,2,418,330064,1,1,12,
3,33,3304,2,418,330064,2,1,12,
3,33,3304,2,418,330064,3,1,11,
3,33,3304,2,418,330064,5,1,11,
3,33,3304,2,418,330064,6,1,11,
3,33,3304,2,418,330064,10,1,12,
3,33,3304,2,418,330064,11,1,12,
3,33,3304,2,418,330065,5,1,11,
3,33,3304,2,418,330065,6,1,11,
3,33,3304,2,418,330066,1,1,11,
3,33,3304,2,418,330066,2,1,12,
3,33,3304,2,418,330066,3,1,11,
3,33,3304,2,418,330066,5,1,11,
3,33,3304,2,418,330066,6,1,11,
3,33,3304,2,418,330066,10,1,12,
3,33,3304,2,418,330066,11,1,12,
3,33,3304,2,418,330067,1,1,11,
3,33,3304,2,418,330067,2,1,12,
3,33,3304,2,418,330067,3,1,11,
3,33,3304,2,418,330068,1,1,11,
3,33,3304,2,418,330068,3,1,12,
3,33,3304,2,418,330068,5,1,11,
3,33,3304,2,418,330069,1,1,12,
3,33,3304,2,418,330069,2,1,12,
3,33,3304,2,418,330069,3,1,12,
3,33,3304,2,418,330069,5,1,11,
3,33,3304,2,418,330069,6,1,11,
3,33,3304,2,418,330069,7,1,12,
3,33,3304,2,418,330069,8,1,12,
3,33,3304,2,418,330069,9,1,12,
3,33,3304,2,418,330069,10,1,12,
3,33,3304,2,418,330069,11,1,12,
3,33,3304,2,418,330070,1,1,12,
3,33,3304,2,418,330070,2,1,12,
3,33,3304,2,418,330070,3,1,12,
3,33,3304,2,418,330070,4,1,11,
3,33,3304,2,418,330070,5,1,11,
3,33,3304,2,418,330070,6,1,11,
3,33,3304,2,418,330070,10,1,12,
3,33,3304,2,418,330070,11,1,12,
3,33,3307,2,688,330071,1,1,11,
3,33,3307,2,688,330071,3,1,11,
3,33,3307,2,688,330071,10,1,12,
3,33,3307,2,688,330071,11,1,12,
3,33,3307,2,688,330072,1,1,11,
3,33,3307,2,688,330072,3,1,11,
3,33,3307,2,688,330072,10,1,12,
3,33,3307,2,688,330072,11,1,2,
3,33,3307,2,688,330073,5,1,11,
3,33,3307,2,688,330073,6,1,11,
3,33,3307,2,688,330073,10,1,11,
3,33,3307,2,688,330074,1,1,12,
3,33,3307,2,688,330074,5,1,12,
3,33,3307,2,688,330074,6,1,1,
3,33,3307,2,688,330075,10,1,11,
3,33,3307,2,688,330076,1,1,12,
3,33,3307,2,688,330076,2,1,12,
3,33,3307,2,688,330076,3,1,11,
3,33,3307,2,688,330076,5,1,11,
3,33,3307,2,688,330076,10,1,12,
3,33,3307,2,688,330076,11,1,12,
3,33,3307,2,688,330078,1,1,11,
3,33,3307,2,688,330078,2,1,11,
3,33,3307,2,688,330078,3,1,11,
3,33,3307,2,688,330078,5,1,11,
3,33,3307,2,688,330078,6,1,12,
3,33,3307,2,688,330078,10,1,12,
3,33,3307,2,688,330078,11,1,12,
3,33,3307,2,688,330079,1,1,11,
3,33,3307,2,688,330079,2,1,12,
3,33,3307,2,688,330079,3,1,11,
3,33,3307,2,688,330080,1,1,11,
3,33,3307,2,688,330080,2,1,12,
3,33,3307,2,688,330080,3,1,12,
3,33,3307,2,688,330080,5,1,11,
3,33,3307,2,688,330080,6,1,12,
2,34,3401,2,526,340002,1,1,11,
2,34,3401,2,526,340002,3,1,11,
2,34,3401,2,526,340002,11,1,11,
2,34,3401,2,526,340009,3,1,14,
2,34,3401,2,526,340009,6,1,14,
2,34,3401,2,526,340009,11,1,2,
2,34,3401,2,526,340010,3,1,1,
2,34,3401,2,526,340010,5,1,1,
2,34,3401,2,526,340010,6,1,1,
2,34,3401,2,526,340010,7,1,1,
2,34,3401,2,526,340010,8,1,1,
2,34,3401,2,526,340010,9,1,1,
2,34,3401,2,526,340010,10,1,1,
2,34,3401,2,526,340010,11,1,1,
2,34,3401,2,526,340010,12,1,1,
2,35,3507,2,746,350017,1,1,14,"FRIEND/NEIGHBOU"
2,35,3507,2,746,350017,10,1,14,"FRIEND/NEIGHBOU"
2,35,3507,2,746,350018,4,1,1,
2,35,3513,2,576,350067,2,1,1,
2,35,3501,2,1228,350082,1,1,1,
2,35,3501,2,1228,350082,3,1,1,
2,35,3501,2,1228,350082,5,1,,
2,35,3501,2,1228,350082,6,1,,
2,35,3501,2,1228,350082,8,1,,
2,35,3501,2,1228,350082,9,1,,
2,35,3501,2,1228,350082,10,1,,
2,35,3501,2,1228,350082,11,1,1,
3,36,3607,1,2596,360001,10,1,5,
3,36,3607,1,2596,360001,11,1,5,
3,36,3607,1,2596,360003,1,1,11,
3,36,3607,1,2596,360003,3,1,11,
3,36,3607,1,2596,360003,10,1,11,
3,36,3607,1,2596,360003,11,1,11,
3,36,3607,1,2596,360009,1,1,1,
3,36,3607,1,2596,360009,2,1,5,
3,36,3607,1,2596,360009,3,1,11,
3,36,3605,2,240,360011,1,1,11,
3,36,3605,2,240,360011,2,1,11,
3,36,3605,2,240,360011,3,1,11,
3,36,3605,2,240,360011,5,1,11,
3,36,3605,2,240,360011,6,1,11,
3,36,3605,2,240,360011,10,1,11,
3,36,3605,2,240,360011,11,1,11,
3,36,3605,2,240,360012,3,1,1,
3,36,3605,2,240,360012,5,1,1,
3,36,3605,2,240,360012,8,1,1,
3,36,3605,2,240,360012,10,1,11,
3,36,3605,2,240,360012,11,1,11,
3,36,3605,2,240,360013,1,1,5,
3,36,3605,2,240,360013,2,1,5,
3,36,3605,2,240,360013,3,1,5,
3,36,3605,2,240,360013,5,1,5,
3,36,3605,2,240,360017,1,1,1,
3,36,3605,2,240,360017,2,1,1,
3,36,3605,2,240,360017,3,1,1,
3,36,3605,2,240,360017,6,1,1,
3,36,3605,2,240,360017,10,1,1,
3,36,3605,2,240,360017,11,1,1,
3,36,3605,2,240,360018,1,1,5,
3,36,3605,2,240,360018,2,1,5,
3,36,3605,2,240,360018,3,1,5,
3,36,3605,2,240,360018,5,1,5,
3,36,3605,2,240,360018,10,1,5,
3,36,3605,2,240,360018,11,1,5,
3,36,3605,2,240,360019,3,1,14,
3,36,3603,2,978,360023,3,1,11,
3,36,3603,2,978,360023,5,1,11,
3,36,3603,2,978,360023,6,1,11,
3,36,3603,2,978,360025,6,1,11,
3,36,3603,2,978,360025,8,1,11,
3,36,3603,2,978,360025,10,1,11,
3,36,3603,2,978,360025,11,1,11,
3,36,3603,2,978,360028,3,1,5,
3,36,3603,2,978,360029,2,1,11,
3,36,3603,2,978,360029,6,1,11,
3,36,3603,2,978,360029,10,1,11,
3,36,3603,2,978,360029,11,1,2,
3,36,3603,2,978,360030,6,1,11,
3,36,3603,2,978,360030,10,1,11,
3,36,3603,2,978,360030,11,1,11,
3,36,3608,2,2078,360033,6,1,11,
3,36,3608,2,2078,360034,3,1,1,
3,36,3608,2,2078,360034,6,1,11,
3,36,3608,2,2078,360034,8,1,11,
3,36,3608,2,2078,360034,11,1,11,
3,36,3613,2,1066,360044,1,1,1,
3,36,3613,2,1066,360044,2,1,1,
3,36,3613,2,1066,360044,3,1,1,
3,36,3613,2,1066,360047,10,1,11,
3,36,3613,2,1066,360047,11,1,11,
3,36,3613,2,1066,360048,3,1,11,
3,36,3613,2,1066,360048,10,1,11,
3,36,3613,2,1066,360048,11,1,12,
3,36,3613,2,1066,360049,10,1,11,
3,36,3613,2,1066,360049,11,1,11,
3,36,3610,2,1826,360055,2,1,1,
3,36,3610,2,1826,360055,3,1,8,
3,36,3610,2,1826,360057,1,1,1,
3,36,3610,2,1826,360057,2,1,11,
3,36,3610,2,1826,360057,3,1,5,
3,36,3610,2,1826,360059,10,1,11,
3,36,3610,2,1826,360059,11,1,11,
3,36,3601,2,1214,360063,1,1,8,
3,36,3601,2,1214,360063,2,1,1,
3,36,3601,2,1214,360063,3,1,5,
3,36,3601,2,1214,360070,3,1,11,
3,36,3601,2,1214,360070,5,1,11,
3,36,3601,2,1214,360070,11,1,11,
3,36,3606,2,1956,360088,1,1,1,
3,36,3606,2,1956,360088,2,1,5,
3,36,3606,2,1956,360088,3,1,8,
